_id,BUSINESS DATE,STATION,H00,H01,H02,H03,H04,H05,H06,H07,H08,H09,H10,H11,H12,H13,H14,H15,H16,H17,H18,H19,H20,H21,H22,H23,TOTAL
1,01-09-2025,11-Baiyappanahalli,0,0,0,0,30,89,393,1234,2068,3139,1440,652,460,414,339,423,530,889,871,1036,704,271,133,12,15127
2,01-09-2025,12-SV Road,0,0,0,0,22,44,126,434,818,891,598,381,374,329,369,567,901,1241,1101,1060,530,198,101,22,10107
3,01-09-2025,13-Indiranagar,0,0,0,0,7,47,193,707,1479,1978,1392,735,698,697,911,1126,1657,2303,3091,3344,1736,740,389,47,23277
4,01-09-2025,14-Halasuru,0,0,0,0,2,44,195,574,1185,1539,934,496,377,311,421,378,458,558,574,683,420,212,102,12,9475
5,01-09-2025,15-Trinity,0,0,0,0,7,15,49,188,355,360,298,283,326,383,485,533,915,1890,3306,3469,1324,447,208,27,14868
6,01-09-2025,16-MG Road,0,0,0,0,3,18,68,180,412,445,420,674,607,918,1166,1575,1722,2328,2996,3963,1828,910,489,126,20848
7,01-09-2025,17-Cubbon Park,0,0,0,0,1,16,89,251,487,542,452,425,506,578,628,940,1234,2279,3006,2825,982,461,191,24,15917
8,01-09-2025,18-Vidhana Soudha,0,0,0,0,1,1,39,140,263,284,475,429,604,697,759,987,1274,3160,2336,1641,621,213,69,11,14004
9,01-09-2025,19-Sir.M. Visveshwaraya,0,0,0,0,5,6,44,163,294,311,385,792,941,972,931,1085,1490,2396,2101,1732,824,302,91,11,14876
10,01-09-2025,110-Kempegowda,0,0,0,39,881,1650,2382,2656,2895,2900,1982,1875,1806,1718,1721,1516,1755,2344,2247,2802,2498,1755,900,179,38501
11,01-09-2025,111-KSR Railway Station,0,0,0,1,144,750,1109,1386,2013,2133,1142,1266,907,520,608,208,428,825,646,691,480,706,210,63,16236
12,01-09-2025,112-Magadi Road,0,0,0,0,10,75,179,570,1114,1590,1136,494,297,309,226,218,338,356,250,386,232,127,64,5,7976
13,01-09-2025,113-Hosahalli,0,0,0,0,4,60,229,823,1777,2331,1487,583,432,431,362,327,338,454,347,505,297,177,51,9,11024
14,01-09-2025,114-Vijayanagar,0,0,0,0,12,106,255,880,1973,2526,1447,668,551,516,404,377,432,430,365,508,308,215,139,18,12130
15,01-09-2025,115-Attiguppe,0,0,0,0,10,82,208,770,1568,1885,1178,504,365,280,216,349,274,291,262,294,240,137,80,6,8999
16,01-09-2025,116-Deepanjali Nagar,0,0,0,0,58,125,223,387,711,790,536,228,204,189,136,119,194,186,155,228,163,129,66,13,4840
17,01-09-2025,117-Mysuru Road,0,0,0,0,12,35,168,536,1259,1647,839,331,254,339,282,319,432,408,219,257,165,99,51,8,7660
18,01-09-2025,118-Nayandahalli,0,0,0,0,0,19,42,183,292,281,157,101,95,100,96,93,125,112,106,200,107,56,78,11,2254
19,01-09-2025,119-Rajarajeshwari Nagar,0,0,0,0,1,55,188,486,948,1050,572,292,226,260,180,224,217,373,207,368,223,147,65,5,6087
20,01-09-2025,120-Jnanabharathi,0,0,0,0,11,30,129,405,823,933,484,337,203,174,206,136,167,208,100,167,116,57,44,5,4735
21,01-09-2025,121-Pattangere,0,0,0,0,6,31,110,332,615,707,335,228,217,445,306,474,906,1061,532,354,144,73,24,0,6900
22,01-09-2025,122-Kengeri Bus Terminal,0,0,0,0,16,93,309,766,1009,1069,619,415,408,386,323,311,373,400,257,275,254,179,74,8,7544
23,01-09-2025,123-Kengeri,0,0,0,0,5,70,303,735,1219,1226,644,455,333,271,197,213,253,276,396,428,272,149,86,2,7533
24,01-09-2025,124-Challaghatta,0,0,0,0,4,42,129,402,654,653,371,328,277,333,306,385,597,466,464,516,193,73,36,1,6230
25,01-09-2025,125-Benniganahalli,1,0,0,0,187,408,834,1860,3301,3894,3270,1928,1364,1126,1120,927,1243,1455,1583,1789,1308,746,306,37,28687
26,01-09-2025,126-Krishnarajapura,0,0,0,0,58,311,417,1335,2188,2905,1780,1344,1119,858,607,867,1270,1394,1108,1398,935,705,200,14,20813
27,01-09-2025,127-Singayyanapalya,0,0,0,0,4,42,100,227,702,879,549,312,292,262,270,383,622,750,809,786,446,283,160,14,7892
28,01-09-2025,128-Garudacharpalya,0,0,0,0,0,38,124,246,462,542,385,254,195,220,250,360,635,1035,1386,1115,434,282,159,10,8132
29,01-09-2025,129-Hoodi,0,0,0,0,1,39,128,349,717,852,513,319,287,250,202,270,355,521,776,690,382,207,106,3,6967
30,01-09-2025,130-Seetharampalya,0,0,0,0,2,22,83,213,502,559,426,237,181,236,335,553,1203,1460,1198,1340,570,343,177,6,9646
31,01-09-2025,131-Kundalahalli,0,0,0,0,2,11,67,133,252,265,219,165,177,220,411,699,1264,1424,1192,1172,480,251,109,2,8515
32,01-09-2025,132-Nallur Halli,0,0,0,0,3,7,61,177,308,400,290,179,219,284,344,542,1154,1310,1222,1260,546,248,99,9,8662
33,01-09-2025,133-Sri Sathya Sai Hospital,4,0,0,0,3,9,30,44,120,126,238,354,460,426,444,665,1398,1732,2006,1777,801,297,101,12,11047
34,01-09-2025,134-Pattandur Agrahara,3,0,0,0,1,15,37,101,173,215,229,268,355,458,532,1036,1636,2105,2102,2279,904,467,230,11,13157
35,01-09-2025,135-Kadugodi Tree Park,1,0,0,0,7,67,198,501,1515,2019,1773,910,461,504,444,373,420,525,579,502,282,188,86,0,11355
36,01-09-2025,136-Hopefarm Channasandra,0,0,0,0,4,10,45,139,470,619,276,154,105,103,67,76,98,149,140,145,76,45,6,0,2727
37,01-09-2025,137-Whitefield (Kadugodi),0,0,0,0,10,109,345,869,1621,1692,1075,637,371,346,329,245,260,311,317,321,220,163,39,0,9280
38,01-09-2025,21-Nagasandra,0,0,0,0,5,101,325,1021,1744,1898,921,491,379,412,477,549,713,629,662,477,332,194,99,5,11434
39,01-09-2025,22-Dasarahalli,0,0,0,0,20,119,341,1044,1805,2015,1101,655,553,405,432,397,506,567,590,531,363,225,78,3,11750
40,01-09-2025,23-Jalahalli,0,0,0,0,16,115,364,745,1078,1002,702,413,405,302,314,304,355,527,604,537,277,175,73,13,8321
41,01-09-2025,24-Peenya Industry,0,0,0,0,3,12,44,199,308,331,218,118,92,78,77,90,82,279,365,183,44,31,21,1,2576
42,01-09-2025,25-Peenya,0,0,0,0,4,29,106,456,622,725,491,200,130,112,151,143,170,371,434,307,122,59,44,3,4679
43,01-09-2025,26-Yeshwanthpur Industry,0,0,0,0,43,136,393,741,869,862,612,431,361,345,323,386,500,613,998,868,472,279,164,17,9413
44,01-09-2025,27-Yeshwanthpur,0,0,0,0,1162,1410,1149,1797,2118,1032,1426,623,1010,704,667,327,399,960,653,944,1361,854,230,88,18914
45,01-09-2025,28-Sandal Soap Factory,0,0,0,0,6,59,182,377,647,694,478,372,336,429,510,554,742,1125,1515,1325,788,403,387,42,10971
46,01-09-2025,29-Mahalakshmi,0,0,0,0,3,60,182,534,1163,1340,830,426,466,462,436,349,337,557,590,571,329,181,55,5,8876
47,01-09-2025,210-Rajajinagar,0,0,0,0,18,58,193,709,1413,1587,972,638,512,503,446,530,551,673,679,841,470,243,112,12,11160
48,01-09-2025,211-Kuvempu Road,0,0,0,0,8,39,114,400,865,1024,590,347,270,221,198,223,184,265,224,281,178,105,55,3,5594
49,01-09-2025,212-Srirampura,0,0,0,0,3,34,118,412,838,1014,624,317,274,237,240,236,287,331,386,423,182,112,61,7,6136
50,01-09-2025,213-Mantri Square Sampige Road,0,0,0,0,3,41,157,495,1012,1168,817,552,760,819,949,891,1020,1577,1605,1759,1075,648,360,32,15740
51,01-09-2025,215-Chickpete,0,0,0,0,0,17,61,181,304,351,250,301,447,673,960,1002,1119,1148,972,1827,1399,599,113,7,11731
52,01-09-2025,216-KR Market,0,0,0,0,9,89,226,318,499,506,421,393,452,617,593,674,1076,955,687,1191,720,364,136,20,9946
53,01-09-2025,217-National College,0,0,0,0,1,17,112,474,913,1094,811,545,552,771,1138,1107,1294,1127,952,1304,694,342,222,15,13485
54,01-09-2025,218-Lalbagh,0,0,0,0,7,16,72,179,355,334,242,259,210,240,300,360,571,822,821,1134,447,173,60,7,6609
55,01-09-2025,219-South End Circle,0,0,0,0,0,28,44,241,417,418,314,294,289,613,503,938,785,857,1078,1536,542,230,87,10,9224
56,01-09-2025,220-Jayanagar,0,0,0,0,5,31,101,332,775,840,677,526,573,669,715,819,1780,1408,1182,1788,875,457,202,14,13769
57,01-09-2025,221-RV Road,0,0,0,0,5,39,256,383,708,736,531,385,407,411,438,371,584,731,862,1129,591,269,127,20,8983
58,01-09-2025,222-Banashankarl,0,0,0,0,3,84,194,457,1073,1240,835,581,482,596,489,519,706,901,825,1044,545,296,134,23,11027
59,01-09-2025,223-JP Nagar,0,0,0,0,6,69,141,600,1372,1603,813,459,348,383,313,360,473,589,637,915,447,215,117,13,9873
60,01-09-2025,224-Puttenahalli,0,0,0,0,8,62,173,790,1717,1823,937,423,356,318,294,464,507,470,518,563,270,174,61,4,9932
61,01-09-2025,225-Konanakunte Cross,0,0,0,0,15,92,239,895,1558,1535,959,608,515,461,448,421,675,603,531,684,443,344,276,11,11313
62,01-09-2025,226-Doddakallasandra,0,0,0,0,3,29,116,576,922,943,488,260,220,196,178,141,171,213,268,293,171,102,27,0,5317
63,01-09-2025,227-Vajarahalli,0,0,0,0,8,39,101,548,840,769,442,300,255,227,188,332,276,283,257,254,110,85,58,6,5378
64,01-09-2025,228-Thalghattapura,0,0,0,0,5,28,70,316,493,488,249,156,136,133,113,109,199,132,149,125,67,49,22,1,3040
65,01-09-2025,229-Silk Institute,0,0,0,0,10,56,176,532,851,1031,615,447,317,354,358,378,594,575,456,378,205,77,22,1,7433
66,01-09-2025,230-Manjunatha Nagar,0,0,0,0,0,23,67,143,331,212,106,58,29,54,53,48,54,65,72,59,60,38,27,1,1500
67,01-09-2025,231-Chikkabidarakallu,0,0,0,0,5,35,135,464,960,1003,386,247,149,124,135,136,117,126,160,143,93,47,23,0,4488
68,01-09-2025,232-Madavara,0,0,0,0,7,61,275,782,1170,1206,615,409,421,288,208,256,299,287,395,422,264,157,60,0,7582
69,01-09-2025,31-Ragigudda,0,0,0,0,0,0,21,72,108,113,87,89,104,173,114,109,243,210,180,284,126,63,26,5,2127
70,01-09-2025,32-Jayadeva Hospital,0,0,0,0,0,0,30,129,240,237,178,159,217,241,263,289,437,498,546,749,354,119,54,8,4748
71,01-09-2025,33-BTM Layout,0,0,0,0,0,0,32,162,432,399,250,163,149,131,128,131,137,182,150,283,165,91,41,8,3034
72,01-09-2025,34-Central Silk Board,0,0,0,0,0,0,74,203,337,303,245,160,181,219,185,209,306,466,462,579,501,239,95,10,4774
73,01-09-2025,35-Bommanahalli,1,0,0,0,0,0,78,212,427,365,268,186,141,164,141,152,198,222,321,392,278,133,70,3,3752
74,01-09-2025,36-Hongasandra,1,0,0,0,0,0,19,107,208,191,124,115,122,123,105,162,201,259,273,432,202,94,35,3,2776
75,01-09-2025,37-Kudlu Gate,0,0,0,0,0,0,32,140,263,293,231,156,129,152,114,176,214,269,284,526,184,99,26,11,3299
76,01-09-2025,38-Singasandra,0,0,0,0,0,0,12,74,144,126,113,93,75,60,58,45,55,87,98,78,59,27,6,2,1212
77,01-09-2025,39-Hosa Road,2,0,0,0,0,0,65,190,403,387,215,255,153,113,108,115,125,233,191,172,108,58,27,0,2920
78,01-09-2025,310-Beratena Agrahara,0,0,0,0,0,0,5,20,53,61,30,27,22,33,23,30,48,82,73,83,34,11,4,0,639
79,01-09-2025,311-Electronic City,0,0,0,0,0,0,35,102,224,229,129,166,132,123,154,288,345,320,276,246,140,81,29,1,3020
80,01-09-2025,312-Infosys Foundation Konappana Agrahara,0,0,0,0,0,0,108,243,440,344,247,214,248,230,276,357,504,592,565,520,231,132,54,0,5305
81,01-09-2025,313-Huskur Road,0,0,0,0,0,0,29,91,242,149,121,93,78,70,84,74,151,178,190,149,74,55,29,1,1858
82,01-09-2025,314-Biocon Hebbagodi,0,0,0,0,0,0,16,65,116,94,75,76,60,53,83,45,84,106,145,130,49,18,13,0,1228
83,01-09-2025,315-Delta Electronics Bommasandra,0,0,0,0,0,0,129,305,511,413,349,334,281,223,224,297,414,544,574,421,272,84,40,0,5415
84,02-09-2025,11-Baiyappanahalli,0,0,0,0,65,119,347,1080,2146,3131,1491,713,511,440,331,477,648,842,1197,836,731,452,113,5,15675
85,02-09-2025,12-SV Road,1,0,0,0,28,71,121,405,826,866,599,417,345,311,399,623,1114,1268,1323,1216,558,228,145,24,10888
86,02-09-2025,13-Indiranagar,0,0,0,0,4,33,175,689,1509,2096,1425,812,685,797,924,1195,1782,2519,3780,3230,1598,844,442,82,24621
87,02-09-2025,14-Halasuru,0,0,0,0,0,54,157,574,1294,1664,1061,518,400,388,425,439,493,605,803,672,574,301,157,14,10593
88,02-09-2025,15-Trinity,0,0,0,0,0,10,49,174,355,340,359,310,338,416,466,500,962,1982,4075,3159,1336,514,288,42,15675
89,02-09-2025,16-MG Road,0,0,0,0,0,23,60,185,363,453,373,662,765,962,1006,1598,1820,2397,3846,3609,1739,976,609,145,21591
90,02-09-2025,17-Cubbon Park,0,0,0,0,5,8,72,249,525,531,475,446,516,696,622,983,1299,2462,3686,2280,1039,459,224,25,16602
91,02-09-2025,18-Vidhana Soudha,0,0,0,0,0,9,38,125,266,264,399,384,661,870,761,883,1303,3269,2630,1324,594,278,78,9,14145
92,02-09-2025,19-Sir.M. Visveshwaraya,0,0,0,0,0,16,35,157,242,319,421,745,1027,1078,1082,1064,1472,2598,2425,1157,856,304,104,16,15118
93,02-09-2025,110-Kempegowda,0,0,0,0,340,1386,1812,2155,2482,2456,1838,1651,1661,1469,1618,1377,1882,2144,2428,2334,2080,1511,764,155,33543
94,02-09-2025,111-KSR Railway Station,0,0,0,0,136,415,1168,1471,1244,1842,794,942,741,528,558,314,405,712,586,587,294,601,238,30,13606
95,02-09-2025,112-Magadi Road,0,0,0,0,8,60,180,557,1116,1567,1226,440,274,315,238,210,340,295,373,333,228,142,89,18,8009
96,02-09-2025,113-Hosahalli,0,0,0,0,3,66,214,855,1935,2486,1544,741,532,413,304,335,367,466,505,408,239,206,120,21,11760
97,02-09-2025,114-Vijayanagar,0,0,0,0,3,103,246,956,2132,2810,1637,724,572,475,444,347,401,442,444,516,335,238,127,14,12966
98,02-09-2025,115-Attiguppe,0,0,0,0,3,57,207,761,1726,2007,1228,486,384,305,272,345,323,300,331,318,240,144,87,9,9533
99,02-09-2025,116-Deepanjali Nagar,0,0,0,0,25,82,137,372,736,866,524,285,200,198,133,143,200,205,186,209,135,105,74,16,4831
100,02-09-2025,117-Mysuru Road,0,0,0,0,5,22,144,543,1402,1773,870,356,270,316,287,315,365,444,393,266,152,91,52,6,8072
101,02-09-2025,118-Nayandahalli,0,0,0,0,0,11,41,134,292,277,203,131,96,95,98,76,143,128,115,164,115,46,43,11,2219
102,02-09-2025,119-Rajarajeshwari Nagar,0,0,0,0,1,40,172,563,1028,1154,621,360,265,276,209,232,292,423,311,294,197,100,70,13,6621
103,02-09-2025,120-Jnanabharathi,0,0,0,0,0,22,120,440,858,998,526,309,248,169,200,170,216,188,167,112,84,36,40,4,4907
104,02-09-2025,121-Pattangere,0,0,0,0,3,31,111,337,718,779,358,204,240,413,373,572,975,1059,682,299,164,99,52,4,7473
105,02-09-2025,122-Kengeri Bus Terminal,0,0,0,0,4,59,201,617,896,1042,687,466,329,382,399,413,315,373,317,278,227,154,76,6,7241
106,02-09-2025,123-Kengeri,0,0,0,0,3,45,139,588,1032,1056,558,389,280,241,261,180,274,308,367,295,164,124,70,3,6377
107,02-09-2025,124-Challaghatta,0,0,0,0,6,30,98,297,641,713,339,301,270,331,371,431,561,507,520,286,129,94,42,5,5972
108,02-09-2025,125-Benniganahalli,0,0,0,0,81,260,591,1603,3186,4044,2957,2179,1274,1031,916,976,1178,1611,1748,1748,1188,653,357,58,27639
109,02-09-2025,126-Krishnarajapura,0,0,0,0,19,159,388,984,2185,2779,1771,1469,715,758,630,884,1411,1289,1563,1584,971,665,281,19,20524
110,02-09-2025,127-Singayyanapalya,0,0,0,0,1,34,84,252,705,969,558,320,240,287,335,376,599,653,1042,779,465,351,251,13,8314
111,02-09-2025,128-Garudacharpalya,1,0,0,0,2,25,133,223,534,578,373,231,162,241,287,420,805,1129,1903,1072,518,317,149,5,9108
112,02-09-2025,129-Hoodi,0,0,0,0,0,26,110,313,767,926,585,389,249,258,191,195,414,448,950,712,397,240,124,3,7297
113,02-09-2025,130-Seetharampalya,0,0,0,0,0,20,91,202,507,611,462,246,243,272,400,662,1339,1478,1759,1277,660,406,215,1,10851
114,02-09-2025,131-Kundalahalli,0,0,0,0,1,20,71,122,254,356,255,184,199,287,484,752,1386,1537,1703,1020,556,288,119,4,9598
115,02-09-2025,132-Nallur Halli,0,0,0,0,1,7,55,180,319,371,318,221,244,329,430,650,1368,1412,1743,1270,653,359,127,10,10067
116,02-09-2025,133-Sri Sathya Sai Hospital,1,0,0,0,0,10,34,74,118,133,208,341,488,529,494,853,1527,1803,2654,1774,916,386,136,19,12498
117,02-09-2025,134-Pattandur Agrahara,3,0,0,0,0,22,36,111,208,234,292,277,387,517,607,1244,1941,2108,2718,2199,1081,673,367,27,15052
118,02-09-2025,135-Kadugodi Tree Park,1,0,0,0,0,51,189,543,1689,2424,2133,1084,499,597,423,387,438,513,675,539,371,233,111,2,12902
119,02-09-2025,136-Hopefarm Channasandra,0,0,0,0,4,8,34,121,465,704,370,156,108,70,70,73,120,122,200,129,80,37,17,2,2890
120,02-09-2025,137-Whitefield (Kadugodi),0,0,0,0,6,86,282,820,1717,1858,1173,673,385,361,337,251,306,312,360,353,197,156,48,0,9681
121,02-09-2025,21-Nagasandra,0,0,0,0,8,54,227,844,1699,1736,856,474,341,327,320,378,634,603,687,435,299,192,91,4,10209
122,02-09-2025,22-Dasarahalli,0,0,0,0,0,92,292,948,1870,1849,1077,629,443,465,403,361,577,563,707,551,333,203,83,4,11450
123,02-09-2025,23-Jalahalli,0,0,0,0,0,93,236,539,941,1017,622,432,337,300,264,300,423,483,729,533,287,181,101,5,7823
124,02-09-2025,24-Peenya Industry,0,0,0,0,0,13,51,204,329,353,213,131,80,72,74,83,100,304,342,183,56,47,28,6,2669
125,02-09-2025,25-Peenya,0,0,0,0,0,29,90,344,670,722,403,167,134,114,132,138,168,370,541,339,90,59,31,3,4544
126,02-09-2025,26-Yeshwanthpur Industry,0,0,0,0,12,129,261,506,742,777,520,352,313,287,267,326,521,498,1011,876,401,257,100,20,8176
127,02-09-2025,27-Yeshwanthpur,0,0,0,0,200,610,1006,1597,1213,1029,1245,931,715,481,409,400,473,648,729,734,1309,258,235,29,14251
128,02-09-2025,28-Sandal Soap Factory,0,0,0,0,7,44,139,386,637,729,474,348,385,491,451,500,678,1012,1676,1305,710,417,384,47,10820
129,02-09-2025,29-Mahalakshmi,0,0,0,0,3,37,158,604,1195,1413,875,476,423,461,368,300,324,464,703,482,313,189,90,13,8891
130,02-09-2025,210-Rajajinagar,0,0,0,0,4,48,193,745,1454,1710,1014,629,576,472,511,514,591,635,839,748,498,216,102,11,11510
131,02-09-2025,211-Kuvempu Road,0,0,0,0,5,36,100,420,929,1086,623,327,263,249,215,175,193,240,310,290,197,109,52,3,5822
132,02-09-2025,212-Srirampura,0,0,0,0,1,28,126,405,900,1080,672,317,243,305,217,237,273,278,464,317,239,128,46,8,6284
133,02-09-2025,213-Mantri Square Sampige Road,0,0,0,0,0,29,124,500,993,1160,902,585,680,882,978,843,1052,1403,2033,1746,1058,730,432,37,16167
134,02-09-2025,215-Chickpete,0,0,0,0,0,9,53,183,327,351,237,326,480,752,985,1005,1064,1155,1187,1346,1249,593,149,4,11455
135,02-09-2025,216-KR Market,0,0,0,0,2,81,133,279,456,543,419,446,471,553,562,663,970,960,960,917,643,346,136,23,9563
136,02-09-2025,217-National College,0,0,0,0,1,11,100,451,993,1102,826,607,578,978,1142,1210,1228,1179,1166,896,661,619,679,39,14466
137,02-09-2025,218-Lalbagh,0,0,0,0,1,15,48,156,334,341,239,250,254,296,294,328,603,843,1155,806,387,152,59,8,6569
138,02-09-2025,219-South End Circle,0,0,0,0,1,21,52,208,468,468,369,280,302,659,525,788,822,824,1399,1165,557,230,127,13,9278
139,02-09-2025,220-Jayanagar,0,0,0,0,0,28,81,342,722,855,672,552,597,670,677,821,1669,1325,1575,1411,830,485,169,9,13490
140,02-09-2025,221-RV Road,0,0,0,0,0,29,123,394,711,863,614,410,410,420,402,437,599,739,1123,965,540,232,94,13,9118
141,02-09-2025,222-Banashankarl,0,0,0,0,1,43,132,452,1182,1237,864,544,552,653,582,563,729,973,984,1040,571,256,120,28,11506
142,02-09-2025,223-JP Nagar,0,0,0,0,1,67,138,554,1443,1712,852,451,420,408,334,340,505,699,935,661,418,261,129,11,10339
143,02-09-2025,224-Puttenahalli,0,0,0,0,3,54,151,727,1840,1920,1048,474,346,302,256,462,473,567,694,549,288,156,61,8,10379
144,02-09-2025,225-Konanakunte Cross,0,0,0,0,8,52,198,878,1603,1727,1032,573,427,431,418,464,622,549,742,640,405,326,283,13,11391
145,02-09-2025,226-Doddakallasandra,0,0,0,0,0,12,109,587,953,1019,540,313,242,218,197,158,134,225,313,328,157,107,30,3,5645
146,02-09-2025,227-Vajarahalli,0,0,0,0,3,38,109,536,919,845,477,286,200,268,186,251,320,355,331,251,179,70,45,8,5677
147,02-09-2025,228-Thalghattapura,0,0,0,0,4,19,56,281,536,518,294,182,140,112,81,159,178,123,160,129,75,46,35,0,3128
148,02-09-2025,229-Silk Institute,0,0,0,0,3,40,86,471,890,855,613,350,273,356,303,300,554,643,472,324,212,110,30,0,6885
149,02-09-2025,230-Manjunatha Nagar,0,0,0,0,0,18,37,129,186,168,119,67,50,72,38,45,30,21,67,52,30,40,16,1,1186
150,02-09-2025,231-Chikkabidarakallu,0,0,0,0,4,28,107,453,851,854,424,238,169,149,96,132,141,106,180,114,76,58,33,1,4214
151,02-09-2025,232-Madavara,0,0,0,0,3,54,166,540,1100,1004,594,381,343,287,279,236,302,322,470,436,178,117,55,0,6867
152,02-09-2025,31-Ragigudda,0,0,0,0,0,0,14,65,136,143,119,113,127,138,103,125,189,226,225,223,117,59,49,8,2179
153,02-09-2025,32-Jayadeva Hospital,0,0,0,0,0,0,19,142,251,248,175,187,231,280,236,283,389,559,758,518,249,106,69,13,4713
154,02-09-2025,33-BTM Layout,0,0,0,0,0,0,24,165,449,392,271,154,155,154,167,101,136,182,253,213,177,90,38,8,3129
155,02-09-2025,34-Central Silk Board,0,0,0,0,0,0,59,171,315,304,216,191,160,185,197,214,328,472,614,618,383,203,75,17,4722
156,02-09-2025,35-Bommanahalli,0,0,0,0,0,0,40,183,466,382,272,182,158,140,114,156,187,273,401,382,266,125,69,37,3833
157,02-09-2025,36-Hongasandra,0,0,0,0,0,0,9,98,217,194,149,112,108,111,109,147,253,296,413,316,185,96,60,5,2878
158,02-09-2025,37-Kudlu Gate,0,0,0,0,0,0,25,148,292,270,176,121,127,150,123,117,225,230,384,376,182,80,27,3,3056
159,02-09-2025,38-Singasandra,0,0,0,0,0,0,10,69,170,160,106,76,75,54,48,50,56,104,122,89,28,18,5,0,1240
160,02-09-2025,39-Hosa Road,0,0,0,0,0,0,60,194,385,360,217,170,159,109,124,109,153,192,193,165,100,72,25,0,2787
161,02-09-2025,310-Beratena Agrahara,0,0,0,0,0,0,5,34,56,62,34,37,16,24,21,25,46,81,107,77,38,23,0,1,687
162,02-09-2025,311-Electronic City,0,0,0,0,0,0,31,92,234,223,168,133,159,202,263,312,308,267,353,232,140,78,33,0,3228
163,02-09-2025,312-Infosys Foundation Konappana Agrahara,0,0,0,0,0,1,66,208,416,309,236,235,213,297,260,412,513,690,755,504,246,147,59,0,5567
164,02-09-2025,313-Huskur Road,0,0,0,0,0,0,35,91,254,164,114,113,98,72,64,89,181,191,236,161,76,62,46,2,2049
165,02-09-2025,314-Biocon Hebbagodi,0,0,0,0,0,0,18,47,116,123,77,85,56,63,47,58,119,150,207,90,41,39,8,0,1344
166,02-09-2025,315-Delta Electronics Bommasandra,0,0,0,0,0,0,77,288,456,392,384,303,240,248,278,296,388,499,696,452,200,108,35,0,5340
167,03-09-2025,11-Baiyappanahalli,0,0,0,0,13,92,283,902,2196,3154,1554,779,473,475,313,439,691,873,1050,933,559,546,148,19,15492
168,03-09-2025,12-SV Road,0,0,0,0,4,42,131,380,794,870,581,424,361,323,423,518,1018,1339,1353,1083,859,338,231,41,11113
169,03-09-2025,13-Indiranagar,0,0,0,0,2,48,204,682,1464,2068,1549,852,726,774,883,1200,1904,2643,3674,3002,2349,1130,558,80,25792
170,03-09-2025,14-Halasuru,0,0,0,0,1,39,192,520,1248,1632,1096,552,396,357,427,404,507,664,786,564,580,280,152,30,10427
171,03-09-2025,15-Trinity,0,0,0,0,0,21,72,152,362,331,351,325,354,419,474,572,931,2085,3841,2667,1848,548,270,44,15667
172,03-09-2025,16-MG Road,0,0,0,0,3,18,55,182,375,475,385,711,981,934,1024,1573,1775,2774,3936,2811,2200,1161,685,132,22190
173,03-09-2025,17-Cubbon Park,0,0,0,0,3,14,88,255,515,563,436,420,588,577,769,1000,1209,2653,3275,1992,1840,557,270,35,17059
174,03-09-2025,18-Vidhana Soudha,0,0,0,0,0,22,40,107,243,321,409,427,697,909,840,921,1311,3346,2495,1279,993,338,98,10,14806
175,03-09-2025,19-Sir.M. Visveshwaraya,0,0,0,0,1,11,36,134,262,308,444,789,998,1058,1206,1160,1504,2735,2215,1188,1101,355,128,20,15653
176,03-09-2025,110-Kempegowda,0,0,0,0,215,959,1453,1667,2209,2494,2089,1682,1609,1542,1597,1549,1826,2339,2398,2304,2515,1818,1207,215,33687
177,03-09-2025,111-KSR Railway Station,0,0,0,0,107,300,877,1066,1045,1761,1123,597,550,600,405,285,371,670,591,459,542,594,273,33,12249
178,03-09-2025,112-Magadi Road,0,0,0,0,13,68,204,529,1163,1591,1185,451,361,297,256,224,348,308,343,304,274,189,118,24,8250
179,03-09-2025,113-Hosahalli,0,0,0,0,2,81,242,840,1896,2472,1581,730,475,441,413,338,380,461,416,400,350,333,209,19,12079
180,03-09-2025,114-Vijayanagar,0,0,0,0,4,99,258,909,2135,2882,1638,721,603,514,466,390,417,524,436,432,410,257,144,27,13266
181,03-09-2025,115-Attiguppe,0,0,0,0,7,56,210,754,1704,2085,1257,500,399,329,271,365,333,353,299,256,267,204,107,5,9761
182,03-09-2025,116-Deepanjali Nagar,0,0,0,0,13,63,134,344,671,855,542,236,215,175,131,141,159,181,193,228,218,153,81,8,4741
183,03-09-2025,117-Mysuru Road,0,0,0,0,4,28,171,591,1375,1714,955,353,279,459,325,292,304,371,313,228,214,119,94,7,8196
184,03-09-2025,118-Nayandahalli,0,0,0,0,1,9,42,144,291,275,192,121,117,117,100,82,119,155,113,165,128,73,67,20,2331
185,03-09-2025,119-Rajarajeshwari Nagar,0,0,0,0,0,35,177,519,1032,1190,602,324,278,295,286,232,264,380,349,300,235,148,107,7,6760
186,03-09-2025,120-Jnanabharathi,0,0,0,0,0,32,115,382,788,1030,498,297,261,179,148,164,213,194,219,143,158,101,51,3,4976
187,03-09-2025,121-Pattangere,0,0,0,0,2,34,107,333,736,754,403,267,321,535,418,526,1186,1063,700,332,217,118,68,3,8123
188,03-09-2025,122-Kengeri Bus Terminal,1,0,0,0,5,42,207,571,933,1075,695,424,406,412,336,309,301,426,339,356,290,208,100,10,7446
189,03-09-2025,123-Kengeri,0,0,0,0,1,25,119,464,966,1101,516,398,340,230,195,241,225,318,385,303,215,149,85,6,6282
190,03-09-2025,124-Challaghatta,0,0,0,0,5,26,101,285,613,618,386,315,293,434,421,458,622,582,551,451,187,95,62,2,6507
191,03-09-2025,125-Benniganahalli,1,0,0,0,62,203,422,1525,3000,4067,3453,1912,1319,990,923,645,1299,1764,1965,1842,1688,1003,545,71,28699
192,03-09-2025,126-Krishnarajapura,0,0,0,0,6,125,315,1016,2281,2824,1847,1238,859,772,616,574,1295,1732,1893,1629,1303,1032,530,59,21946
193,03-09-2025,127-Singayyanapalya,2,0,0,0,7,41,84,241,689,1017,595,324,314,274,285,374,676,845,1025,793,663,453,248,13,8963
194,03-09-2025,128-Garudacharpalya,0,0,0,0,2,36,150,264,525,488,367,218,239,227,250,398,839,1335,1810,1150,728,405,175,16,9622
195,03-09-2025,129-Hoodi,1,0,0,0,0,45,134,320,752,898,623,397,246,221,180,225,466,651,976,741,589,307,138,5,7915
196,03-09-2025,130-Seetharampalya,2,0,0,0,0,33,96,221,521,630,441,251,211,300,402,561,1291,1830,1851,942,1056,676,292,5,11612
197,03-09-2025,131-Kundalahalli,0,0,0,0,0,31,87,151,267,321,264,161,259,327,457,859,1579,1859,1734,876,946,502,137,3,10820
198,03-09-2025,132-Nallur Halli,0,0,0,0,0,29,60,155,329,412,328,229,212,297,365,658,1401,1554,1780,1156,941,508,176,15,10605
199,03-09-2025,133-Sri Sathya Sai Hospital,5,0,0,0,1,17,39,67,99,151,271,375,544,493,409,831,1858,2389,2483,1435,1316,452,169,20,13424
200,03-09-2025,134-Pattandur Agrahara,9,0,0,0,1,40,55,103,215,225,273,292,408,561,557,1117,2158,2650,2708,2039,1681,747,367,18,16224
201,03-09-2025,135-Kadugodi Tree Park,0,0,0,0,7,48,163,518,1650,2485,2221,1136,597,660,383,319,604,667,695,567,509,345,145,2,13721
202,03-09-2025,136-Hopefarm Channasandra,0,0,0,0,2,14,43,121,444,647,372,164,105,96,64,44,145,167,223,175,103,51,26,0,3006
203,03-09-2025,137-Whitefield (Kadugodi),0,0,0,0,10,97,257,833,1608,1864,1264,601,452,396,328,201,313,348,439,385,200,192,72,0,9860
204,03-09-2025,21-Nagasandra,0,0,0,0,9,57,195,890,1820,1896,985,547,413,356,364,357,722,730,767,834,532,276,131,2,11883
205,03-09-2025,22-Dasarahalli,0,0,0,0,2,124,291,930,1862,2090,1141,720,520,514,400,458,586,627,625,683,428,304,125,2,12432
206,03-09-2025,23-Jalahalli,0,0,0,0,0,67,237,545,937,1065,611,489,386,333,274,340,399,591,660,729,406,228,122,10,8429
207,03-09-2025,24-Peenya Industry,0,0,0,0,1,8,38,188,319,328,188,102,94,107,80,60,100,321,312,234,96,44,29,0,2649
208,03-09-2025,25-Peenya,0,0,0,0,3,19,76,311,620,705,399,177,125,125,122,85,143,439,419,454,180,81,31,3,4517
209,03-09-2025,26-Yeshwanthpur Industry,0,0,0,0,7,95,148,361,590,606,427,323,262,364,358,326,552,728,902,974,488,224,157,29,7921
210,03-09-2025,27-Yeshwanthpur,0,0,0,0,401,698,936,1629,1199,1076,831,485,697,460,305,310,293,716,602,951,1214,434,301,34,13572
211,03-09-2025,28-Sandal Soap Factory,0,0,0,0,4,52,111,360,702,681,521,381,395,410,491,551,730,1137,1327,1425,1039,485,366,61,11229
212,03-09-2025,29-Mahalakshmi,0,0,0,0,1,33,163,567,1182,1416,898,524,404,484,458,295,357,539,551,591,388,243,87,19,9200
213,03-09-2025,210-Rajajinagar,0,0,0,0,5,59,201,702,1558,1681,1026,624,538,505,493,490,531,662,774,805,631,355,164,18,11822
214,03-09-2025,211-Kuvempu Road,0,0,0,0,2,39,91,411,915,1139,654,346,262,233,175,171,219,256,233,264,213,125,67,0,5815
215,03-09-2025,212-Srirampura,0,0,0,0,0,24,118,427,876,1064,664,342,252,263,254,239,312,323,352,389,270,194,51,8,6422
216,03-09-2025,213-Mantri Square Sampige Road,0,0,0,0,1,44,116,483,980,1328,836,586,702,853,1052,907,1026,1649,1765,1624,1490,845,497,41,16825
217,03-09-2025,215-Chickpete,0,0,0,0,0,11,51,199,346,372,273,310,470,690,991,1056,1071,1193,1153,1149,1484,579,113,11,11522
218,03-09-2025,216-KR Market,0,0,0,0,1,63,119,243,467,510,374,400,467,533,566,771,1055,978,893,873,868,343,164,32,9720
219,03-09-2025,217-National College,0,0,0,0,2,20,98,479,947,1145,893,590,713,872,1118,962,1313,1166,1117,902,793,425,234,21,13810
220,03-09-2025,218-Lalbagh,0,0,0,0,4,12,59,151,314,334,219,233,239,314,294,322,609,856,1052,773,501,189,76,7,6558
221,03-09-2025,219-South End Circle,0,0,0,0,1,26,50,228,423,467,386,325,397,570,915,624,878,903,1263,874,733,275,134,13,9485
222,03-09-2025,220-Jayanagar,0,0,0,0,3,26,94,350,794,888,679,552,529,676,845,875,1609,1367,1660,1199,1120,521,212,26,14025
223,03-09-2025,221-RV Road,0,0,0,0,1,21,123,353,736,790,564,381,355,436,486,473,625,719,1118,821,620,360,154,26,9162
224,03-09-2025,222-Banashankarl,0,0,0,0,1,65,157,454,1153,1238,886,630,493,606,556,507,664,920,1052,903,618,433,155,34,11525
225,03-09-2025,223-JP Nagar,0,0,0,0,2,70,150,570,1421,1722,909,505,403,369,344,336,447,692,976,702,518,357,183,15,10691
226,03-09-2025,224-Puttenahalli,0,0,0,0,1,52,176,712,1799,1935,1038,470,385,283,307,474,419,537,695,476,321,248,121,24,10473
227,03-09-2025,225-Konanakunte Cross,0,0,0,0,5,54,222,786,1521,1729,1006,654,537,429,422,522,457,701,785,653,541,394,289,27,11734
228,03-09-2025,226-Doddakallasandra,0,0,0,0,3,19,120,501,973,968,570,298,234,188,169,182,98,277,399,251,172,100,43,1,5566
229,03-09-2025,227-Vajarahalli,0,0,0,0,5,33,106,499,846,844,490,284,242,202,254,274,193,364,362,238,189,97,55,11,5588
230,03-09-2025,228-Thalghattapura,0,0,0,0,1,25,62,281,530,575,283,179,111,113,87,131,185,142,190,136,80,70,51,0,3232
231,03-09-2025,229-Silk Institute,0,0,0,0,9,33,115,470,858,912,588,414,284,324,348,404,617,692,495,340,241,142,67,2,7355
232,03-09-2025,230-Manjunatha Nagar,0,0,0,0,0,8,32,116,189,180,112,53,34,60,34,39,37,49,51,69,53,36,30,0,1182
233,03-09-2025,231-Chikkabidarakallu,0,0,0,0,6,29,110,447,830,858,442,265,170,126,90,131,137,154,155,180,98,72,47,0,4347
234,03-09-2025,232-Madavara,0,0,0,0,4,51,177,573,1001,1066,585,428,337,233,219,280,341,382,470,439,343,185,85,0,7199
235,03-09-2025,31-Ragigudda,0,0,0,0,0,0,8,60,132,128,109,109,98,107,100,118,204,215,316,199,139,73,49,6,2170
236,03-09-2025,32-Jayadeva Hospital,0,0,0,0,0,0,21,113,254,274,181,215,197,283,264,338,477,519,844,594,397,177,74,11,5233
237,03-09-2025,33-BTM Layout,0,0,0,0,0,0,25,188,454,423,258,149,163,143,148,124,135,201,272,223,217,106,82,11,3322
238,03-09-2025,34-Central Silk Board,2,0,0,0,0,0,34,178,319,292,227,192,195,173,204,244,338,529,697,587,502,281,149,18,5161
239,03-09-2025,35-Bommanahalli,0,0,0,0,0,0,47,181,444,438,324,165,218,167,150,166,232,258,510,453,365,198,98,21,4435
240,03-09-2025,36-Hongasandra,4,0,0,0,0,0,22,119,227,216,136,126,99,137,102,177,215,356,422,393,252,136,43,13,3195
241,03-09-2025,37-Kudlu Gate,0,0,0,0,0,0,26,122,272,297,177,158,126,144,143,145,157,268,570,522,253,110,35,0,3525
242,03-09-2025,38-Singasandra,0,0,0,0,0,0,17,71,147,183,94,83,61,35,61,66,44,81,157,99,64,29,6,0,1298
243,03-09-2025,39-Hosa Road,2,0,0,0,0,0,53,186,436,426,246,204,147,140,134,144,150,182,288,224,138,91,45,0,3236
244,03-09-2025,310-Beratena Agrahara,0,0,0,0,0,0,4,42,54,67,40,23,31,23,45,20,36,66,157,88,71,18,11,1,797
245,03-09-2025,311-Electronic City,0,0,0,0,0,0,33,81,241,257,147,136,156,279,195,273,243,334,488,405,272,171,45,1,3757
246,03-09-2025,312-Infosys Foundation Konappana Agrahara,0,0,0,0,0,0,61,209,435,330,241,186,239,286,280,401,527,794,1127,851,480,252,110,0,6809
247,03-09-2025,313-Huskur Road,0,0,0,0,0,0,35,96,183,170,122,78,80,66,65,91,88,179,349,214,165,69,27,0,2077
248,03-09-2025,314-Biocon Hebbagodi,0,0,0,0,0,0,24,44,135,111,83,73,54,47,52,83,68,155,329,195,135,108,15,0,1711
249,03-09-2025,315-Delta Electronics Bommasandra,0,0,0,0,0,0,91,288,471,436,428,263,280,265,251,365,320,660,792,621,672,417,139,0,6759
250,04-09-2025,11-Baiyappanahalli,0,0,0,0,18,105,283,983,2039,2854,1580,776,512,484,417,502,644,939,1062,990,631,400,163,17,15399
251,04-09-2025,12-SV Road,0,0,0,0,8,46,105,398,763,851,611,395,329,372,476,617,1048,1397,1264,1006,610,357,145,25,10823
252,04-09-2025,13-Indiranagar,0,0,0,0,2,53,174,662,1504,2020,1433,890,829,758,921,1130,1789,2520,3812,3077,1976,941,501,73,25065
253,04-09-2025,14-Halasuru,0,0,0,0,1,46,175,482,1136,1563,933,542,476,460,417,348,474,655,757,623,492,299,153,19,10051
254,04-09-2025,15-Trinity,0,0,0,0,1,14,54,163,346,352,352,330,362,460,530,614,891,2121,3790,2741,1351,522,271,31,15296
255,04-09-2025,16-MG Road,0,0,0,0,1,15,53,169,367,422,402,743,794,886,1199,1569,1650,2675,3976,3238,1902,1220,803,163,22247
256,04-09-2025,17-Cubbon Park,0,0,0,0,1,20,79,227,464,531,436,398,470,592,700,968,1317,2547,3494,2189,1003,480,234,46,16196
257,04-09-2025,18-Vidhana Soudha,0,0,0,0,0,16,34,100,240,335,384,454,654,830,881,920,1315,3135,2422,1412,545,258,90,24,14049
258,04-09-2025,19-Sir.M. Visveshwaraya,0,0,0,0,0,9,33,127,266,319,453,684,1114,1116,982,1070,1428,2456,2389,1183,751,303,141,16,14840
259,04-09-2025,110-Kempegowda,0,0,0,0,200,712,1187,1593,2306,2327,2000,1483,1484,1625,1630,1554,1875,2486,2705,2500,2127,1613,974,209,32590
260,04-09-2025,111-KSR Railway Station,0,0,0,0,73,185,789,796,1057,1615,1236,383,516,494,518,222,443,782,589,557,482,483,277,58,11555
261,04-09-2025,112-Magadi Road,0,0,0,0,10,65,186,522,1103,1533,1209,487,338,292,268,245,341,353,372,395,199,167,82,19,8186
262,04-09-2025,113-Hosahalli,0,0,0,0,2,78,222,833,1796,2327,1626,715,599,466,403,408,424,507,517,456,345,257,138,16,12135
263,04-09-2025,114-Vijayanagar,0,0,0,0,8,99,263,869,1973,2807,1584,746,571,550,453,424,436,520,542,511,405,282,177,29,13249
264,04-09-2025,115-Attiguppe,0,0,0,0,2,66,199,689,1600,2005,1236,552,404,350,280,333,388,413,364,346,271,192,108,23,9821
265,04-09-2025,116-Deepanjali Nagar,0,0,0,0,5,47,132,318,632,851,468,278,216,215,152,148,188,227,240,234,192,158,73,15,4789
266,04-09-2025,117-Mysuru Road,0,0,0,0,9,18,144,521,1279,1565,886,429,277,384,343,397,462,452,384,318,184,162,77,11,8302
267,04-09-2025,118-Nayandahalli,0,0,0,0,0,17,40,137,296,292,191,123,112,110,102,127,115,154,142,177,139,97,52,19,2442
268,04-09-2025,119-Rajarajeshwari Nagar,0,0,0,0,0,40,162,484,988,1071,646,328,305,277,242,300,298,399,376,431,251,162,126,10,6896
269,04-09-2025,120-Jnanabharathi,0,0,0,0,0,32,104,378,726,927,555,347,345,260,295,334,304,368,256,182,102,108,48,2,5673
270,04-09-2025,121-Pattangere,0,0,0,0,3,33,94,333,615,754,395,256,366,677,550,803,773,831,764,371,239,141,93,9,8100
271,04-09-2025,122-Kengeri Bus Terminal,0,0,0,0,8,40,161,532,939,1052,736,515,351,380,351,418,373,472,451,375,309,217,117,3,7800
272,04-09-2025,123-Kengeri,0,0,0,0,6,23,108,381,896,938,608,425,284,210,225,230,299,376,440,302,285,199,75,1,6311
273,04-09-2025,124-Challaghatta,0,0,0,0,6,19,98,264,596,609,360,314,295,386,361,616,792,739,783,465,229,128,40,2,7102
274,04-09-2025,125-Benniganahalli,1,0,0,0,57,190,525,1490,3100,3870,3381,1858,1286,1186,972,1041,1252,1534,2038,1941,1321,1001,645,70,28759
275,04-09-2025,126-Krishnarajapura,0,0,0,0,30,132,310,953,2137,2729,1845,1212,748,976,816,923,1330,1633,1603,1538,1300,874,447,30,21566
276,04-09-2025,127-Singayyanapalya,0,0,0,0,1,34,85,233,666,908,591,318,299,302,306,382,521,758,1020,845,530,392,217,18,8426
277,04-09-2025,128-Garudacharpalya,0,0,0,0,1,36,140,258,525,500,386,235,200,295,299,404,730,1142,1559,1026,508,432,155,15,8846
278,04-09-2025,129-Hoodi,0,0,0,0,0,55,126,322,756,843,620,366,291,272,263,263,468,635,881,690,450,322,146,3,7772
279,04-09-2025,130-Seetharampalya,2,0,0,0,0,38,78,198,507,603,440,283,244,335,410,652,1134,1575,1683,1208,678,424,236,3,10731
280,04-09-2025,131-Kundalahalli,0,0,0,0,1,29,72,127,271,336,270,250,220,331,447,720,1383,1518,1546,1090,574,341,135,5,9666
281,04-09-2025,132-Nallur Halli,0,0,0,0,0,20,70,173,325,392,302,225,229,344,413,667,1251,1503,1635,1239,654,390,174,9,10015
282,04-09-2025,133-Sri Sathya Sai Hospital,1,0,0,0,0,19,47,71,110,142,260,352,507,486,585,760,1472,2036,2300,1572,902,414,157,22,12215
283,04-09-2025,134-Pattandur Agrahara,3,0,0,0,1,43,62,131,186,242,304,308,383,556,647,1161,1819,2262,2316,1874,1204,697,356,21,14576
284,04-09-2025,135-Kadugodi Tree Park,5,0,0,0,0,61,177,507,1671,2305,2092,1096,562,630,472,470,579,642,728,678,498,391,206,1,13771
285,04-09-2025,136-Hopefarm Channasandra,0,0,0,0,1,11,32,119,419,640,319,138,115,88,73,90,145,121,237,165,100,56,24,0,2893
286,04-09-2025,137-Whitefield (Kadugodi),0,0,0,0,3,74,324,757,1559,1730,1148,579,410,318,380,308,308,368,429,438,228,208,57,0,9626
287,04-09-2025,21-Nagasandra,0,0,0,0,5,60,195,750,1604,1715,825,548,422,395,440,493,620,734,757,633,405,239,128,2,10970
288,04-09-2025,22-Dasarahalli,0,0,0,0,0,125,282,889,1869,1896,1095,706,581,503,443,436,508,610,623,683,431,278,101,5,12064
289,04-09-2025,23-Jalahalli,0,0,0,0,0,68,204,517,856,954,599,515,434,339,349,337,431,517,805,609,330,224,116,4,8208
290,04-09-2025,24-Peenya Industry,0,0,0,0,0,11,44,174,289,334,206,102,99,102,90,96,98,313,340,183,73,37,32,6,2629
291,04-09-2025,25-Peenya,0,0,0,0,0,23,85,302,580,697,467,196,163,122,137,134,167,411,480,392,139,78,41,4,4618
292,04-09-2025,26-Yeshwanthpur Industry,0,0,0,0,6,79,145,427,633,707,511,372,324,351,377,354,470,684,1040,913,506,415,227,29,8570
293,04-09-2025,27-Yeshwanthpur,0,0,0,0,163,502,731,1144,1480,906,1166,737,591,418,465,382,492,687,664,877,1349,478,211,82,13525
294,04-09-2025,28-Sandal Soap Factory,0,0,0,0,2,29,96,308,627,680,442,405,442,532,545,596,807,1073,1611,1320,789,520,536,58,11418
295,04-09-2025,29-Mahalakshmi,0,0,0,0,1,44,170,522,1161,1366,872,534,473,527,504,362,369,580,776,594,415,243,121,11,9645
296,04-09-2025,210-Rajajinagar,0,0,0,0,4,57,200,688,1437,1619,1038,632,584,556,528,566,609,673,971,815,582,321,206,22,12108
297,04-09-2025,211-Kuvempu Road,0,0,0,0,3,27,108,398,877,1097,637,332,325,237,229,227,204,309,312,272,211,125,73,5,6008
298,04-09-2025,212-Srirampura,0,0,0,0,0,37,99,393,858,1053,688,364,274,267,252,306,276,337,475,386,260,154,73,18,6570
299,04-09-2025,213-Mantri Square Sampige Road,0,0,0,0,2,32,123,447,956,1200,940,651,810,963,981,882,1079,1560,1940,1705,1281,861,518,38,16969
300,04-09-2025,215-Chickpete,0,0,0,0,0,13,62,177,295,348,239,273,459,764,989,971,1053,1296,1315,1407,1372,608,128,10,11779
301,04-09-2025,216-KR Market,0,0,0,0,0,43,132,215,503,534,455,477,522,600,659,679,1017,1030,989,930,734,370,168,35,10092
302,04-09-2025,217-National College,0,0,0,0,2,23,109,481,947,1060,901,615,551,733,872,1124,1280,1284,1287,1192,843,810,691,46,14851
303,04-09-2025,218-Lalbagh,0,0,0,0,1,25,43,126,314,319,235,234,288,313,357,382,652,940,1133,874,435,168,79,8,6926
304,04-09-2025,219-South End Circle,0,0,0,0,2,20,48,199,443,485,363,294,339,673,550,903,968,902,1388,1220,600,314,145,15,9871
305,04-09-2025,220-Jayanagar,0,0,0,0,3,20,98,345,677,907,654,556,527,725,850,960,1627,1591,1712,1509,885,591,231,25,14493
306,04-09-2025,221-RV Road,2,0,0,0,2,28,124,336,678,830,580,418,367,430,462,480,588,752,1249,914,590,397,191,19,9437
307,04-09-2025,222-Banashankarl,0,0,0,0,0,65,148,483,1025,1313,936,603,610,606,709,580,777,951,1193,1016,565,403,225,40,12248
308,04-09-2025,223-JP Nagar,0,0,0,0,1,65,147,559,1326,1667,908,572,438,485,397,421,559,697,940,801,526,341,225,29,11104
309,04-09-2025,224-Puttenahalli,0,0,0,0,4,46,184,701,1707,1813,1014,506,419,358,331,417,518,604,709,607,307,277,118,11,10651
310,04-09-2025,225-Konanakunte Cross,0,0,0,0,8,75,216,834,1530,1671,979,621,521,550,506,584,643,665,735,775,518,424,330,16,12201
311,04-09-2025,226-Doddakallasandra,0,0,0,0,1,32,116,538,910,900,492,309,238,225,227,247,198,233,363,268,195,123,42,3,5660
312,04-09-2025,227-Vajarahalli,0,0,0,0,6,33,96,487,815,817,409,327,308,254,283,240,282,307,362,333,169,106,52,2,5688
313,04-09-2025,228-Thalghattapura,0,0,0,0,0,22,61,282,517,502,278,188,134,130,114,135,160,139,191,156,78,77,38,0,3202
314,04-09-2025,229-Silk Institute,0,0,0,0,15,38,128,437,832,904,590,377,332,456,499,470,856,898,708,561,260,172,105,1,8639
315,04-09-2025,230-Manjunatha Nagar,0,0,0,0,0,19,42,118,203,170,109,86,69,48,49,28,33,58,76,71,53,32,18,4,1286
316,04-09-2025,231-Chikkabidarakallu,0,0,0,0,1,31,103,424,778,821,436,294,213,162,171,144,136,169,205,169,131,71,24,0,4483
317,04-09-2025,232-Madavara,0,0,0,0,3,45,146,512,1012,1021,567,446,342,359,263,309,307,460,517,427,229,141,87,0,7193
318,04-09-2025,31-Ragigudda,0,0,0,0,0,0,20,69,156,145,134,129,159,205,144,123,138,201,268,275,193,122,39,8,2528
319,04-09-2025,32-Jayadeva Hospital,0,0,0,0,0,0,15,133,253,255,212,172,225,259,294,310,413,549,792,560,318,121,76,9,4966
320,04-09-2025,33-BTM Layout,0,0,0,0,0,0,20,183,421,380,307,159,173,195,128,112,179,209,310,280,190,136,93,10,3485
321,04-09-2025,34-Central Silk Board,0,0,0,0,0,0,56,131,331,315,243,214,187,188,192,270,336,478,675,577,439,217,139,12,5000
322,04-09-2025,35-Bommanahalli,0,0,0,0,0,0,34,149,471,378,299,212,163,149,168,190,218,314,436,452,262,160,107,13,4175
323,04-09-2025,36-Hongasandra,2,0,0,0,0,0,16,106,231,215,189,149,131,131,130,154,235,270,430,444,208,136,45,4,3226
324,04-09-2025,37-Kudlu Gate,0,0,0,0,0,0,21,135,288,312,185,143,134,163,145,168,229,268,413,503,217,94,41,0,3459
325,04-09-2025,38-Singasandra,0,0,0,0,0,0,17,65,160,164,96,98,68,63,69,66,93,97,146,82,52,47,20,2,1405
326,04-09-2025,39-Hosa Road,0,0,0,0,0,0,47,248,392,407,242,226,167,147,150,115,174,209,267,238,162,101,48,4,3344
327,04-09-2025,310-Beratena Agrahara,0,0,0,0,0,0,10,27,39,67,35,20,20,56,32,32,54,68,128,104,38,20,10,0,760
328,04-09-2025,311-Electronic City,0,0,0,0,0,0,30,104,215,225,166,146,137,171,205,382,436,338,351,259,214,102,45,1,3527
329,04-09-2025,312-Infosys Foundation Konappana Agrahara,0,0,0,0,0,0,72,212,389,362,322,230,256,275,332,465,656,771,847,545,409,259,84,3,6489
330,04-09-2025,313-Huskur Road,0,0,0,0,0,0,35,96,213,160,126,101,80,64,92,129,166,201,272,185,91,90,41,0,2142
331,04-09-2025,314-Biocon Hebbagodi,0,0,0,0,0,0,20,64,150,91,80,65,79,63,63,85,115,163,254,122,87,61,16,0,1578
332,04-09-2025,315-Delta Electronics Bommasandra,0,0,0,0,0,0,91,274,545,411,390,281,244,339,304,380,535,730,824,552,355,177,52,0,6484
333,05-09-2025,11-Baiyappanahalli,0,0,0,0,46,90,193,428,1251,1622,1098,700,663,491,426,443,479,711,829,789,606,323,143,13,11344
334,05-09-2025,12-SV Road,0,0,0,0,1,53,80,191,401,564,460,393,362,363,339,482,662,818,867,721,416,200,122,29,7524
335,05-09-2025,13-Indiranagar,1,0,0,0,12,56,139,403,855,1268,1022,776,760,810,940,1071,1412,1986,2931,2400,1522,1073,648,123,20208
336,05-09-2025,14-Halasuru,0,0,0,0,5,50,136,362,731,1077,709,526,419,362,365,315,327,514,687,644,491,354,161,23,8258
337,05-09-2025,15-Trinity,0,0,0,0,0,23,43,115,208,224,218,253,262,342,393,446,700,1384,2324,1527,759,292,202,40,9755
338,05-09-2025,16-MG Road,0,0,0,0,4,12,51,115,248,322,277,505,439,620,867,1162,1363,2057,3109,2843,2063,1581,1301,347,19286
339,05-09-2025,17-Cubbon Park,0,0,0,0,11,22,60,166,271,366,307,262,352,495,576,669,814,1284,2399,1929,1167,681,283,63,12177
340,05-09-2025,18-Vidhana Soudha,0,0,0,0,0,8,49,76,117,184,143,203,217,345,458,356,378,511,825,598,315,239,101,23,5146
341,05-09-2025,19-Sir.M. Visveshwaraya,0,0,0,0,1,10,41,74,144,193,164,130,218,180,272,250,366,403,565,520,507,297,95,7,4437
342,05-09-2025,110-Kempegowda,0,0,0,0,157,697,1216,1247,1711,2042,1832,1991,1639,1773,1816,1523,1832,1890,2203,2316,2030,1703,1161,280,31059
343,05-09-2025,111-KSR Railway Station,0,0,0,0,66,335,531,634,789,942,749,585,512,494,536,312,445,513,544,764,564,503,317,35,10170
344,05-09-2025,112-Magadi Road,0,0,0,0,11,60,132,287,643,972,800,441,369,386,294,280,339,299,421,411,222,141,91,14,6613
345,05-09-2025,113-Hosahalli,0,0,0,0,8,73,144,461,1044,1297,858,582,509,451,354,297,352,404,472,459,302,171,97,22,8357
346,05-09-2025,114-Vijayanagar,0,0,0,0,9,122,181,510,1110,1502,979,663,571,502,451,441,446,484,553,547,376,285,203,29,9964
347,05-09-2025,115-Attiguppe,0,0,0,0,2,61,158,380,831,988,719,470,411,374,262,271,285,350,409,415,303,176,133,13,7011
348,05-09-2025,116-Deepanjali Nagar,0,0,0,0,12,50,93,205,385,500,387,266,226,222,211,148,187,253,284,263,178,130,74,18,4092
349,05-09-2025,117-Mysuru Road,0,0,0,0,3,28,100,328,768,924,518,352,264,207,210,198,262,242,274,216,174,96,81,5,5250
350,05-09-2025,118-Nayandahalli,0,0,0,0,0,17,32,72,136,170,123,112,134,126,110,135,201,179,161,216,141,89,83,17,2254
351,05-09-2025,119-Rajarajeshwari Nagar,0,0,0,0,3,33,112,285,579,629,432,331,387,323,220,347,270,268,374,344,320,160,127,14,5558
352,05-09-2025,120-Jnanabharathi,0,0,0,0,0,21,87,235,468,480,341,282,219,207,164,157,144,173,170,188,96,66,60,5,3563
353,05-09-2025,121-Pattangere,0,0,0,0,2,27,67,218,352,429,254,328,251,231,215,216,251,312,412,309,173,86,66,3,4202
354,05-09-2025,122-Kengeri Bus Terminal,0,0,0,0,6,91,138,352,595,656,565,463,429,341,343,262,333,353,380,348,364,177,146,17,6359
355,05-09-2025,123-Kengeri,0,0,0,0,2,24,98,246,489,576,382,328,275,229,161,231,313,342,415,336,274,139,215,10,5085
356,05-09-2025,124-Challaghatta,0,0,0,0,5,36,82,212,439,527,427,456,424,454,321,339,271,350,420,421,269,147,84,3,5687
357,05-09-2025,125-Benniganahalli,1,0,0,0,40,184,467,1082,2270,2768,2205,1661,1326,1032,1051,969,1178,1533,1709,1653,1096,805,393,59,23482
358,05-09-2025,126-Krishnarajapura,2,0,0,0,11,173,337,717,1477,1915,1409,1285,982,805,648,865,1111,1288,1311,1210,944,677,358,34,17559
359,05-09-2025,127-Singayyanapalya,0,0,0,0,7,45,88,201,502,633,495,320,359,382,365,397,531,637,898,742,622,413,397,36,8070
360,05-09-2025,128-Garudacharpalya,0,0,0,0,9,29,124,187,362,341,287,249,241,258,308,361,598,941,1174,864,375,289,181,15,7193
361,05-09-2025,129-Hoodi,0,0,0,0,0,58,97,211,463,541,409,383,324,293,332,329,424,503,704,622,439,352,141,7,6632
362,05-09-2025,130-Seetharampalya,0,0,0,0,0,50,115,149,311,408,363,303,310,339,361,480,910,1125,1212,871,535,415,261,8,8526
363,05-09-2025,131-Kundalahalli,1,0,0,0,1,35,74,124,218,285,224,193,259,321,404,598,1045,1121,1113,769,454,310,138,5,7692
364,05-09-2025,132-Nallur Halli,1,0,0,0,0,36,60,137,241,283,251,271,299,366,391,536,918,969,1159,848,489,313,150,5,7723
365,05-09-2025,133-Sri Sathya Sai Hospital,3,0,0,0,1,16,63,74,91,101,254,347,449,459,485,655,1178,1470,1553,1053,602,301,156,26,9337
366,05-09-2025,134-Pattandur Agrahara,5,0,0,0,2,38,62,137,182,193,238,292,405,568,590,987,1374,1778,1772,1492,891,594,369,43,12012
367,05-09-2025,135-Kadugodi Tree Park,1,0,0,0,10,83,169,382,1270,1580,1646,1002,617,616,462,468,487,632,735,737,500,390,234,5,12026
368,05-09-2025,136-Hopefarm Channasandra,0,0,0,0,4,7,22,93,280,383,228,138,115,68,102,61,132,188,209,193,108,43,30,2,2406
369,05-09-2025,137-Whitefield (Kadugodi),0,0,0,0,6,68,214,660,1115,1013,857,620,416,360,335,372,324,352,409,418,228,186,60,0,8013
370,05-09-2025,21-Nagasandra,0,0,0,0,4,36,127,513,1041,1061,726,611,574,540,465,552,587,670,866,652,437,312,185,0,9959
371,05-09-2025,22-Dasarahalli,0,0,0,0,0,88,223,597,1314,1261,963,731,667,537,489,491,546,498,566,619,472,278,125,3,10468
372,05-09-2025,23-Jalahalli,0,0,0,0,0,76,171,348,582,654,548,546,524,426,394,370,354,499,727,553,309,231,105,15,7432
373,05-09-2025,24-Peenya Industry,0,0,0,0,0,11,27,91,155,178,131,116,115,97,86,77,123,249,323,190,54,41,24,0,2088
374,05-09-2025,25-Peenya,0,0,0,0,0,22,52,171,352,373,320,199,193,150,144,149,218,252,450,291,130,74,48,5,3593
375,05-09-2025,26-Yeshwanthpur Industry,0,0,0,0,0,72,130,226,520,585,400,437,380,371,362,318,455,509,846,716,420,265,128,10,7150
376,05-09-2025,27-Yeshwanthpur,0,0,0,0,210,614,554,1352,663,755,728,609,651,614,497,306,308,677,677,723,1173,292,313,47,11763
377,05-09-2025,28-Sandal Soap Factory,0,0,0,0,3,28,90,231,425,499,429,423,503,537,851,818,927,1257,1488,1323,921,669,548,73,12043
378,05-09-2025,29-Mahalakshmi,0,0,0,0,6,51,133,339,722,908,629,649,774,786,860,497,378,584,875,732,545,322,99,19,9908
379,05-09-2025,210-Rajajinagar,0,0,0,0,7,48,128,418,932,1157,851,713,657,649,610,535,559,713,903,789,561,291,196,45,10762
380,05-09-2025,211-Kuvempu Road,0,0,0,0,2,33,92,230,535,714,503,337,350,253,244,228,213,266,334,321,190,155,85,12,5097
381,05-09-2025,212-Srirampura,0,0,0,0,2,44,102,245,467,711,560,386,300,291,270,219,261,307,418,399,240,201,90,12,5525
382,05-09-2025,213-Mantri Square Sampige Road,0,0,0,0,2,38,124,292,612,831,688,621,696,802,839,1011,1307,1497,1695,1734,1229,1035,612,43,15708
383,05-09-2025,215-Chickpete,0,0,0,0,0,17,74,131,180,239,244,281,562,864,1243,1334,1627,1823,2231,2138,1649,765,156,11,15569
384,05-09-2025,216-KR Market,0,0,0,0,0,66,165,241,370,356,352,336,417,529,599,550,575,1031,1511,1499,829,304,152,38,9920
385,05-09-2025,217-National College,0,0,0,0,3,37,94,264,597,798,660,595,555,653,613,608,651,687,1018,989,1013,1416,1738,223,13212
386,05-09-2025,218-Lalbagh,0,0,0,0,0,11,59,103,202,248,220,221,288,269,380,421,527,668,918,781,302,166,110,31,5925
387,05-09-2025,219-South End Circle,0,0,0,0,6,21,54,106,264,313,277,290,355,612,441,521,575,647,972,865,483,271,135,22,7230
388,05-09-2025,220-Jayanagar,0,0,0,0,3,43,90,193,396,604,512,544,536,658,728,827,1293,1223,1516,1373,833,549,288,33,12242
389,05-09-2025,221-RV Road,0,0,0,0,4,48,80,203,399,541,451,403,401,424,429,456,526,667,963,853,568,322,184,54,7976
390,05-09-2025,222-Banashankarl,0,0,0,0,0,87,189,372,778,855,802,844,790,859,737,645,610,814,1070,1102,706,428,219,29,11936
391,05-09-2025,223-JP Nagar,0,0,0,0,10,85,123,346,760,1006,742,549,434,464,449,450,553,662,902,793,502,366,226,12,9434
392,05-09-2025,224-Puttenahalli,0,0,0,0,3,72,143,463,962,1108,779,514,516,423,345,348,455,512,733,619,346,265,124,14,8744
393,05-09-2025,225-Konanakunte Cross,0,0,0,0,8,68,156,532,841,978,851,717,688,544,500,693,735,821,935,1026,897,475,409,47,11921
394,05-09-2025,226-Doddakallasandra,0,0,0,0,1,31,78,299,536,555,420,336,243,252,195,161,258,342,395,397,201,144,60,2,4906
395,05-09-2025,227-Vajarahalli,0,0,0,0,1,36,93,335,448,544,374,314,293,270,211,203,234,277,374,332,165,114,62,4,4684
396,05-09-2025,228-Thalghattapura,0,0,0,0,4,17,59,166,260,325,252,222,191,138,115,119,141,152,207,141,95,51,35,4,2694
397,05-09-2025,229-Silk Institute,0,0,0,0,1,49,107,348,514,592,663,579,495,401,395,325,380,414,545,486,264,119,56,0,6733
398,05-09-2025,230-Manjunatha Nagar,0,0,0,0,1,16,27,84,135,131,90,63,65,68,41,32,36,62,98,74,48,25,17,3,1116
399,05-09-2025,231-Chikkabidarakallu,0,0,0,0,4,36,57,258,485,506,354,277,234,199,160,184,179,165,259,186,117,65,39,0,3764
400,05-09-2025,232-Madavara,0,0,0,0,4,41,110,364,661,631,594,512,437,396,342,293,331,354,468,440,252,218,94,0,6542
401,05-09-2025,31-Ragigudda,0,0,0,0,0,0,16,42,91,85,107,84,119,139,109,138,181,161,204,209,147,108,79,14,2033
402,05-09-2025,32-Jayadeva Hospital,0,0,0,0,0,0,21,59,162,154,171,176,227,247,278,309,384,473,612,484,257,145,94,24,4277
403,05-09-2025,33-BTM Layout,0,0,0,0,0,0,31,124,259,295,258,194,217,148,173,209,197,270,304,314,185,120,107,16,3421
404,05-09-2025,34-Central Silk Board,0,0,0,0,0,0,58,121,238,228,239,183,195,218,216,270,319,432,596,511,350,224,102,23,4523
405,05-09-2025,35-Bommanahalli,0,0,0,0,0,0,57,118,258,301,239,231,227,150,182,229,204,334,398,425,227,147,91,10,3828
406,05-09-2025,36-Hongasandra,0,0,0,0,0,0,29,62,146,177,160,181,110,111,139,120,157,239,271,334,146,80,50,7,2519
407,05-09-2025,37-Kudlu Gate,0,0,0,0,0,0,33,103,212,257,200,237,150,144,143,152,164,240,453,363,160,121,42,3,3177
408,05-09-2025,38-Singasandra,0,0,0,0,0,0,14,42,91,110,87,104,127,60,70,109,72,68,144,121,80,38,9,0,1346
409,05-09-2025,39-Hosa Road,0,0,0,0,0,0,45,143,292,315,257,231,214,162,154,150,192,216,291,202,100,92,39,6,3101
410,05-09-2025,310-Beratena Agrahara,0,0,0,0,0,0,9,19,35,42,43,34,30,40,27,32,33,43,95,60,26,19,9,0,596
411,05-09-2025,311-Electronic City,0,0,0,0,0,0,56,73,179,184,161,156,199,188,154,203,247,262,316,252,190,148,44,1,3013
412,05-09-2025,312-Infosys Foundation Konappana Agrahara,0,0,0,0,0,0,57,136,329,315,269,330,271,315,324,422,628,664,721,579,350,237,93,0,6040
413,05-09-2025,313-Huskur Road,0,0,0,0,0,0,27,65,151,131,138,124,122,114,100,137,194,223,266,164,130,110,54,0,2250
414,05-09-2025,314-Biocon Hebbagodi,0,0,0,0,0,0,17,28,72,82,88,102,92,65,93,79,99,144,177,103,68,41,22,0,1372
415,05-09-2025,315-Delta Electronics Bommasandra,0,0,0,0,0,0,89,192,384,437,421,546,446,373,317,404,498,613,794,522,315,148,46,0,6545
416,06-09-2025,11-Baiyappanahalli,0,0,0,0,39,89,196,603,1116,1851,868,701,622,671,590,554,594,692,596,371,822,486,117,9,11587
417,06-09-2025,12-SV Road,0,0,0,0,10,36,101,280,427,441,363,388,369,391,396,546,437,488,467,334,299,202,88,33,6096
418,06-09-2025,13-Indiranagar,0,0,0,0,7,57,150,442,726,951,924,877,995,1230,1230,1374,1730,1724,1919,1374,1391,995,639,150,18885
419,06-09-2025,14-Halasuru,0,0,0,0,2,47,143,333,605,782,599,480,475,510,501,535,415,407,558,333,402,323,141,40,7631
420,06-09-2025,15-Trinity,0,0,0,0,0,17,56,121,152,197,227,257,386,441,520,524,764,877,1304,779,759,370,207,33,7991
421,06-09-2025,16-MG Road,0,0,0,0,3,18,54,135,217,254,334,571,1081,1028,1237,1444,1986,2407,2969,2421,2486,1641,1442,476,22204
422,06-09-2025,17-Cubbon Park,0,0,0,0,0,16,68,140,273,340,361,406,551,790,846,917,1289,1669,1930,933,789,469,266,24,12077
423,06-09-2025,18-Vidhana Soudha,0,0,0,0,0,10,47,87,156,199,288,382,577,785,1138,765,989,2034,1609,619,401,198,67,12,10363
424,06-09-2025,19-Sir.M. Visveshwaraya,0,0,0,0,3,10,40,106,175,223,316,742,968,1008,832,925,1088,2035,1948,896,952,363,112,9,12751
425,06-09-2025,110-Kempegowda,0,0,0,0,146,642,1195,1354,1789,2070,2061,1791,1930,1892,1888,1744,1872,2329,2598,2236,2376,1931,1128,220,33192
426,06-09-2025,111-KSR Railway Station,0,0,0,0,20,279,601,507,912,1196,766,555,568,540,417,474,497,962,736,633,626,785,458,89,11621
427,06-09-2025,112-Magadi Road,0,0,0,0,10,67,141,308,662,962,919,417,368,383,300,351,379,324,339,301,339,214,125,30,6939
428,06-09-2025,113-Hosahalli,0,0,0,0,5,60,134,412,798,1129,985,518,479,566,377,387,331,508,523,350,348,213,107,24,8254
429,06-09-2025,114-Vijayanagar,0,0,0,0,7,101,170,452,883,1441,1039,668,649,570,606,526,489,552,527,494,436,302,144,30,10086
430,06-09-2025,115-Attiguppe,0,0,0,0,4,77,160,387,587,994,683,514,445,414,389,363,257,414,395,368,299,197,109,12,7068
431,06-09-2025,116-Deepanjali Nagar,0,0,0,0,19,87,136,194,353,479,367,249,334,292,223,211,178,212,257,270,237,180,88,13,4379
432,06-09-2025,117-Mysuru Road,0,0,0,0,7,24,76,186,361,526,397,289,275,205,248,196,169,330,337,316,229,123,71,10,4375
433,06-09-2025,118-Nayandahalli,0,0,0,0,0,16,37,97,134,139,128,105,135,126,102,128,147,176,128,215,214,106,75,17,2225
434,06-09-2025,119-Rajarajeshwari Nagar,0,0,0,0,0,23,86,205,348,438,348,339,294,307,281,272,249,314,311,346,305,166,123,11,4766
435,06-09-2025,120-Jnanabharathi,0,0,0,0,2,20,72,171,324,520,350,311,305,235,298,262,177,237,211,183,159,95,60,2,3994
436,06-09-2025,121-Pattangere,0,0,0,0,2,29,86,160,298,365,247,293,238,231,227,282,160,235,251,218,128,85,42,10,3587
437,06-09-2025,122-Kengeri Bus Terminal,0,0,0,0,3,56,108,307,457,622,559,505,399,400,341,400,316,439,407,371,372,219,156,9,6446
438,06-09-2025,123-Kengeri,0,0,0,0,3,33,68,203,343,559,347,347,265,228,235,293,286,382,401,403,339,204,157,13,5109
439,06-09-2025,124-Challaghatta,0,0,0,0,17,25,91,175,283,440,347,383,321,578,459,412,354,481,500,694,333,122,47,0,6062
440,06-09-2025,125-Benniganahalli,0,0,0,0,23,201,496,1121,1892,2193,1822,1715,1503,1377,1228,1221,1302,1544,1617,1318,1086,763,356,47,22825
441,06-09-2025,126-Krishnarajapura,0,0,0,0,26,170,441,774,1161,1340,1166,1347,960,945,978,850,935,888,864,704,590,428,224,32,14823
442,06-09-2025,127-Singayyanapalya,1,0,0,0,5,45,81,160,369,429,313,341,372,407,373,420,616,668,877,607,762,563,458,56,7923
443,06-09-2025,128-Garudacharpalya,0,0,0,0,5,45,120,241,291,327,249,248,301,356,295,297,468,373,513,327,301,284,185,8,5234
444,06-09-2025,129-Hoodi,0,0,0,0,5,65,124,248,335,436,438,407,460,452,457,354,397,566,586,419,409,220,123,6,6507
445,06-09-2025,130-Seetharampalya,1,0,0,0,5,56,122,208,255,272,319,438,419,446,429,355,433,495,542,279,295,227,140,5,5741
446,06-09-2025,131-Kundalahalli,0,0,0,0,0,50,93,168,177,210,311,349,367,322,434,328,365,462,399,281,163,162,82,2,4725
447,06-09-2025,132-Nallur Halli,0,0,0,0,0,24,57,103,171,193,220,248,341,514,427,399,441,521,497,286,235,156,73,11,4917
448,06-09-2025,133-Sri Sathya Sai Hospital,2,0,0,0,1,16,32,60,86,92,117,142,159,160,194,196,240,285,283,164,122,57,46,8,2462
449,06-09-2025,134-Pattandur Agrahara,3,0,0,0,4,37,66,87,103,119,172,193,215,308,303,316,322,408,455,334,292,189,97,17,4040
450,06-09-2025,135-Kadugodi Tree Park,5,0,0,0,11,102,223,389,682,689,665,695,676,666,613,645,504,689,672,563,390,282,150,0,9311
451,06-09-2025,136-Hopefarm Channasandra,0,0,0,0,3,12,41,70,139,152,214,156,178,132,135,130,160,165,209,90,74,58,13,0,2131
452,06-09-2025,137-Whitefield (Kadugodi),0,0,0,0,16,68,274,585,696,670,594,516,529,420,383,397,427,446,416,313,206,191,43,0,7190
453,06-09-2025,21-Nagasandra,0,0,0,0,4,62,136,469,864,999,709,549,625,749,825,791,815,951,837,841,583,429,247,6,11491
454,06-09-2025,22-Dasarahalli,0,0,0,0,0,110,233,636,1172,1299,985,739,702,588,562,570,561,554,609,534,398,264,150,3,10669
455,06-09-2025,23-Jalahalli,0,0,0,0,0,66,143,344,573,665,569,544,496,520,402,426,441,517,597,430,367,253,97,4,7454
456,06-09-2025,24-Peenya Industry,0,0,0,0,0,10,34,83,137,182,90,102,97,104,106,95,139,198,149,135,65,34,21,0,1781
457,06-09-2025,25-Peenya,0,0,0,0,1,11,44,166,264,298,221,192,200,196,182,159,242,278,287,235,127,94,36,6,3239
458,06-09-2025,26-Yeshwanthpur Industry,0,0,0,0,5,77,151,291,469,526,472,406,380,379,340,345,404,600,686,598,505,313,163,22,7132
459,06-09-2025,27-Yeshwanthpur,0,0,0,0,129,686,579,871,1405,860,1073,511,611,581,601,470,592,769,616,940,1624,421,373,83,13795
460,06-09-2025,28-Sandal Soap Factory,0,0,0,0,1,24,79,200,375,407,349,447,590,745,964,946,1087,1239,1221,1297,1335,864,765,70,13005
461,06-09-2025,29-Mahalakshmi,0,0,0,0,5,42,126,376,683,867,610,630,785,810,1004,727,694,720,866,782,832,443,159,10,11171
462,06-09-2025,210-Rajajinagar,0,0,0,0,4,46,111,429,831,983,796,639,675,708,752,716,621,794,993,754,685,390,197,24,11148
463,06-09-2025,211-Kuvempu Road,0,0,0,0,5,33,98,256,515,709,476,350,325,324,284,288,278,313,343,273,254,154,80,13,5371
464,06-09-2025,212-Srirampura,0,0,0,0,2,38,84,245,490,685,504,329,381,414,319,363,322,380,448,316,352,158,87,10,5927
465,06-09-2025,213-Mantri Square Sampige Road,0,0,0,0,3,37,81,321,631,836,710,667,998,1119,1437,1238,1441,1775,1848,1903,1733,1163,699,61,18701
466,06-09-2025,215-Chickpete,0,0,0,0,0,23,55,193,301,322,292,380,654,1182,1501,1801,2207,2147,2249,2109,2245,842,126,9,18638
467,06-09-2025,216-KR Market,0,0,0,0,1,95,151,288,423,472,434,452,632,668,682,633,884,931,906,755,805,379,194,20,9805
468,06-09-2025,217-National College,0,0,0,0,4,28,84,297,492,642,687,891,967,1190,1067,1035,814,961,1071,970,935,537,261,24,12957
469,06-09-2025,218-Lalbagh,0,0,0,0,0,30,54,129,195,256,244,270,318,430,520,442,650,759,851,515,348,189,101,14,6315
470,06-09-2025,219-South End Circle,0,0,0,0,7,30,53,120,233,280,305,476,670,750,714,610,485,748,1021,865,611,296,119,14,8407
471,06-09-2025,220-Jayanagar,0,0,0,0,3,59,113,229,349,512,504,638,848,1175,1130,1174,965,1433,1560,1353,1043,669,318,19,14094
472,06-09-2025,221-RV Road,0,0,0,0,5,46,95,200,369,412,486,459,526,675,591,563,625,777,876,745,559,376,164,34,8583
473,06-09-2025,222-Banashankarl,0,0,0,0,0,98,193,360,674,842,796,738,754,834,762,568,469,753,908,777,556,338,223,22,10665
474,06-09-2025,223-JP Nagar,0,0,0,0,0,80,138,380,725,936,632,542,551,570,505,567,461,681,718,610,481,331,187,14,9109
475,06-09-2025,224-Puttenahalli,0,0,0,0,3,75,154,405,749,990,688,553,607,582,473,496,519,478,566,502,326,263,142,7,8578
476,06-09-2025,225-Konanakunte Cross,0,0,0,0,13,54,159,514,789,938,713,751,655,797,738,835,769,978,956,1134,1101,647,565,45,13151
477,06-09-2025,226-Doddakallasandra,0,0,0,0,0,17,64,284,398,444,328,277,363,297,276,291,188,273,368,302,183,115,48,6,4522
478,06-09-2025,227-Vajarahalli,0,0,0,0,15,36,72,318,417,430,331,353,297,273,233,267,217,275,315,334,180,136,61,7,4567
479,06-09-2025,228-Thalghattapura,0,0,0,0,7,19,39,161,245,285,228,185,153,177,136,165,164,163,177,162,110,78,39,6,2699
480,06-09-2025,229-Silk Institute,0,0,0,0,7,28,103,305,478,615,552,568,415,517,437,464,645,527,508,565,319,175,29,1,7258
481,06-09-2025,230-Manjunatha Nagar,1,0,0,0,0,15,36,76,121,119,78,80,71,69,36,41,44,39,63,84,114,51,23,0,1161
482,06-09-2025,231-Chikkabidarakallu,0,0,0,0,6,27,75,241,452,510,317,288,280,255,203,218,192,236,176,200,130,82,63,1,3952
483,06-09-2025,232-Madavara,0,0,0,0,4,40,115,329,576,643,476,511,387,406,390,420,537,630,567,901,847,186,93,0,8058
484,06-09-2025,31-Ragigudda,0,0,0,0,0,0,12,42,72,81,91,163,172,211,208,180,159,228,246,232,206,129,87,19,2538
485,06-09-2025,32-Jayadeva Hospital,0,0,0,0,0,0,36,78,148,149,148,219,259,255,324,313,276,428,534,395,365,197,105,21,4250
486,06-09-2025,33-BTM Layout,0,0,0,0,0,0,26,98,197,202,210,245,280,230,256,281,187,225,337,246,192,151,88,9,3460
487,06-09-2025,34-Central Silk Board,2,0,0,0,0,0,48,119,186,230,269,281,319,349,307,391,234,355,457,456,290,213,96,21,4623
488,06-09-2025,35-Bommanahalli,0,0,0,0,0,0,28,124,231,239,265,251,274,202,300,286,203,348,450,417,331,154,77,8,4188
489,06-09-2025,36-Hongasandra,0,0,0,0,0,0,27,74,133,152,135,123,207,177,185,160,147,246,408,448,262,131,73,4,3092
490,06-09-2025,37-Kudlu Gate,0,0,0,0,0,0,33,102,160,244,229,248,221,214,208,180,133,224,479,473,264,179,54,5,3650
491,06-09-2025,38-Singasandra,0,0,0,0,0,0,17,48,81,112,102,99,115,93,107,87,102,131,115,106,70,39,21,2,1447
492,06-09-2025,39-Hosa Road,0,0,0,0,0,0,50,124,271,293,355,360,278,231,246,251,298,207,276,223,174,114,51,0,3802
493,06-09-2025,310-Beratena Agrahara,0,0,0,0,0,0,5,21,28,50,34,45,27,24,34,81,64,66,103,49,26,24,9,1,691
494,06-09-2025,311-Electronic City,0,0,0,0,0,0,43,91,176,224,274,311,278,318,269,287,290,241,286,210,144,116,55,2,3615
495,06-09-2025,312-Infosys Foundation Konappana Agrahara,0,0,0,0,0,0,119,159,256,321,459,510,403,461,480,531,440,429,458,342,259,177,92,0,5896
496,06-09-2025,313-Huskur Road,0,0,0,0,0,0,14,61,116,113,160,200,193,188,168,169,232,182,196,158,146,74,51,6,2427
497,06-09-2025,314-Biocon Hebbagodi,0,0,0,0,0,0,28,56,84,94,108,128,98,141,112,95,103,148,183,114,59,38,11,0,1600
498,06-09-2025,315-Delta Electronics Bommasandra,0,0,0,0,0,0,98,200,347,456,529,519,504,508,408,483,482,655,669,470,319,158,46,0,6851
499,07-09-2025,11-Baiyappanahalli,0,0,0,0,0,0,64,291,372,664,583,609,594,643,471,596,465,395,474,655,821,348,82,4,8131
500,07-09-2025,12-SV Road,0,0,0,0,0,0,22,153,219,242,319,426,438,308,384,289,331,273,275,217,175,95,88,3,4257
501,07-09-2025,13-Indiranagar,0,0,0,0,0,0,47,241,291,466,608,771,868,957,941,1109,1072,1283,1108,923,884,732,429,55,12785
502,07-09-2025,14-Halasuru,0,0,0,0,0,0,3,180,231,285,389,384,438,403,382,362,382,383,370,317,202,147,80,7,4945
503,07-09-2025,15-Trinity,0,0,0,0,0,0,5,65,73,98,150,181,241,341,275,308,381,391,312,302,234,167,130,15,3669
504,07-09-2025,16-MG Road,0,0,0,0,0,0,14,84,134,161,257,308,481,701,1070,1210,1450,1788,2047,2171,1939,1594,1021,223,16653
505,07-09-2025,17-Cubbon Park,0,0,0,0,0,0,5,87,125,176,234,326,444,621,756,745,886,1136,1250,702,387,255,159,15,8309
506,07-09-2025,18-Vidhana Soudha,0,0,0,0,0,0,8,47,75,128,143,203,312,431,483,455,477,585,1013,420,201,118,49,0,5148
507,07-09-2025,19-Sir.M. Visveshwaraya,0,0,0,0,0,0,12,48,63,106,155,263,320,246,335,331,403,338,291,242,144,102,39,3,3441
508,07-09-2025,110-Kempegowda,0,0,0,0,0,0,573,1836,1585,1947,2349,2473,2630,2391,2532,2423,2860,3116,2717,2479,2072,1719,1195,216,37113
509,07-09-2025,111-KSR Railway Station,0,0,0,0,0,0,124,924,420,652,569,542,652,559,682,477,904,949,1029,827,708,916,503,30,11467
510,07-09-2025,112-Magadi Road,0,0,0,0,0,0,23,139,197,301,425,370,368,357,304,324,332,314,291,324,208,107,104,8,4496
511,07-09-2025,113-Hosahalli,0,0,0,0,0,0,38,158,217,276,409,414,450,435,366,340,312,276,285,232,182,173,76,12,4651
512,07-09-2025,114-Vijayanagar,0,0,0,0,0,0,45,185,243,401,497,632,623,605,496,485,525,461,462,353,277,220,146,21,6677
513,07-09-2025,115-Attiguppe,0,0,0,0,0,0,22,151,170,260,341,417,496,493,676,622,941,629,633,563,920,874,346,24,8578
514,07-09-2025,116-Deepanjali Nagar,0,0,0,0,0,0,100,140,160,160,217,254,304,264,181,181,236,184,196,189,162,112,95,13,3148
515,07-09-2025,117-Mysuru Road,0,0,0,0,0,0,12,77,134,162,211,247,250,271,260,218,207,219,196,152,113,81,51,7,2868
516,07-09-2025,118-Nayandahalli,0,0,0,0,0,0,11,51,33,71,90,109,125,138,97,171,180,140,169,213,142,83,68,12,1903
517,07-09-2025,119-Rajarajeshwari Nagar,0,0,0,0,0,0,1,60,91,191,268,320,388,282,308,274,300,316,268,293,218,138,74,14,3804
518,07-09-2025,120-Jnanabharathi,0,0,0,0,0,0,0,74,117,144,187,246,258,180,138,145,149,188,142,135,108,50,72,3,2336
519,07-09-2025,121-Pattangere,0,0,0,0,0,0,3,69,67,117,170,242,214,186,170,169,177,188,180,140,96,65,36,0,2289
520,07-09-2025,122-Kengeri Bus Terminal,0,0,0,0,0,0,53,135,221,301,402,486,529,406,408,424,431,430,549,310,335,241,133,9,5803
521,07-09-2025,123-Kengeri,0,0,0,0,0,0,40,95,137,210,268,306,295,304,237,378,438,462,488,499,383,298,235,12,5085
522,07-09-2025,124-Challaghatta,0,0,0,0,0,0,52,124,213,368,413,621,513,470,366,335,393,353,362,359,174,136,41,3,5296
523,07-09-2025,125-Benniganahalli,1,0,0,0,0,0,150,726,803,1055,1300,1605,1579,1240,1316,1200,1267,1350,1160,1080,839,568,319,60,17618
524,07-09-2025,126-Krishnarajapura,0,0,0,0,0,0,104,437,543,1033,749,1169,1271,855,751,788,782,744,622,683,620,661,267,59,12138
525,07-09-2025,127-Singayyanapalya,0,0,0,0,0,0,31,103,185,228,300,361,415,379,375,448,512,616,634,707,541,374,310,32,6551
526,07-09-2025,128-Garudacharpalya,0,0,0,0,0,0,46,111,165,190,207,283,268,270,285,254,376,304,253,239,194,206,73,8,3732
527,07-09-2025,129-Hoodi,0,0,0,0,0,0,49,114,148,225,323,393,407,393,340,396,429,393,460,358,301,174,79,0,4982
528,07-09-2025,130-Seetharampalya,6,0,0,0,0,0,1,153,136,228,294,352,354,363,328,315,317,395,311,228,164,139,73,3,4160
529,07-09-2025,131-Kundalahalli,0,0,0,0,0,0,33,90,115,134,175,229,274,301,270,291,249,298,269,177,113,92,41,1,3152
530,07-09-2025,132-Nallur Halli,0,0,0,0,0,0,12,80,105,136,186,196,238,262,260,205,273,379,309,486,283,105,64,9,3588
531,07-09-2025,133-Sri Sathya Sai Hospital,0,0,0,0,0,0,5,40,49,42,61,65,79,75,88,80,83,103,92,107,69,68,30,4,1140
532,07-09-2025,134-Pattandur Agrahara,2,0,0,0,0,0,10,64,63,79,110,131,185,149,192,142,225,211,221,234,138,102,85,10,2353
533,07-09-2025,135-Kadugodi Tree Park,4,0,0,0,0,0,64,208,246,318,552,751,677,672,545,493,517,438,457,421,265,196,94,0,6918
534,07-09-2025,136-Hopefarm Channasandra,0,0,0,0,0,0,12,27,56,57,86,132,125,150,105,125,100,119,99,96,46,46,26,0,1407
535,07-09-2025,137-Whitefield (Kadugodi),0,0,0,0,0,0,62,205,258,338,446,460,571,396,384,356,412,332,355,342,192,146,38,0,5293
536,07-09-2025,21-Nagasandra,0,0,0,0,0,0,44,176,276,327,537,613,610,632,560,667,729,840,783,803,554,364,181,5,8701
537,07-09-2025,22-Dasarahalli,0,0,0,0,0,0,64,243,451,580,751,886,766,642,601,520,570,480,488,514,395,292,102,5,8350
538,07-09-2025,23-Jalahalli,0,0,0,0,0,0,32,211,265,416,462,696,685,533,479,474,514,485,431,367,250,187,68,7,6562
539,07-09-2025,24-Peenya Industry,0,0,0,0,0,0,8,17,46,54,69,140,112,72,85,52,65,64,57,47,30,13,14,0,945
540,07-09-2025,25-Peenya,0,0,0,0,0,0,15,76,100,114,177,188,243,173,162,166,147,191,144,116,101,62,28,3,2206
541,07-09-2025,26-Yeshwanthpur Industry,0,0,0,0,0,0,63,182,260,330,365,465,523,367,401,372,474,452,474,418,301,291,135,18,5891
542,07-09-2025,27-Yeshwanthpur,0,0,0,0,0,0,260,1415,1111,674,548,640,839,801,870,677,432,871,664,1055,1794,637,448,66,13802
543,07-09-2025,28-Sandal Soap Factory,0,0,0,0,0,0,45,135,190,227,326,443,592,726,853,1007,1261,1077,1160,1134,931,533,558,60,11258
544,07-09-2025,29-Mahalakshmi,0,0,0,0,0,0,36,148,271,371,484,649,817,790,971,911,768,601,664,592,360,171,54,13,8671
545,07-09-2025,210-Rajajinagar,0,0,0,0,0,0,20,127,256,408,473,608,669,578,534,475,551,496,481,421,319,208,112,18,6754
546,07-09-2025,211-Kuvempu Road,0,0,0,0,0,0,11,111,174,232,266,325,346,276,198,293,247,200,212,178,110,93,49,7,3328
547,07-09-2025,212-Srirampura,0,0,0,0,0,0,23,112,176,270,326,312,347,341,294,302,340,268,286,217,156,106,45,4,3925
548,07-09-2025,213-Mantri Square Sampige Road,0,0,0,0,0,0,32,144,238,417,467,539,721,855,966,1294,1457,1624,1339,1524,1158,822,491,41,14129
549,07-09-2025,215-Chickpete,0,0,0,0,0,0,24,139,352,625,801,1158,1639,2114,2573,2701,2639,2464,2043,1565,796,197,85,12,21927
550,07-09-2025,216-KR Market,0,0,0,0,0,0,78,265,300,245,357,430,521,657,723,594,647,767,654,561,398,185,120,12,7514
551,07-09-2025,217-National College,0,0,0,0,0,0,32,157,166,308,439,515,551,651,597,646,622,552,711,478,355,171,80,8,7039
552,07-09-2025,218-Lalbagh,0,0,0,0,0,0,28,79,125,153,213,250,293,392,507,507,644,705,760,405,147,90,38,8,5344
553,07-09-2025,219-South End Circle,0,0,0,0,0,0,2,84,117,143,189,306,377,439,411,314,307,487,376,295,215,123,72,8,4265
554,07-09-2025,220-Jayanagar,0,0,0,0,0,0,26,127,183,292,354,455,732,700,831,857,1032,1122,938,849,578,473,156,6,9711
555,07-09-2025,221-RV Road,0,0,0,0,0,0,38,107,156,210,346,439,451,501,493,429,477,475,472,398,278,192,100,6,5568
556,07-09-2025,222-Banashankarl,0,0,0,0,0,0,37,234,287,427,660,707,822,776,700,697,624,593,525,490,261,209,123,9,8181
557,07-09-2025,223-JP Nagar,0,0,0,0,0,0,31,167,284,366,520,557,574,489,452,513,500,502,438,401,348,204,113,10,6469
558,07-09-2025,224-Puttenahalli,0,0,0,0,0,0,36,203,220,324,459,509,527,443,392,442,397,384,350,328,240,124,58,3,5439
559,07-09-2025,225-Konanakunte Cross,0,0,0,0,0,0,29,227,270,409,556,725,757,704,656,752,811,912,870,946,704,516,383,15,10242
560,07-09-2025,226-Doddakallasandra,0,0,0,0,0,0,14,77,118,207,218,283,284,287,256,237,196,249,190,157,116,73,32,2,2996
561,07-09-2025,227-Vajarahalli,0,0,0,0,0,0,33,114,159,213,262,285,325,271,261,283,232,263,277,182,117,96,37,8,3418
562,07-09-2025,228-Thalghattapura,0,0,0,0,0,0,9,60,93,131,142,164,168,153,165,131,124,140,160,83,70,48,15,1,1857
563,07-09-2025,229-Silk Institute,0,0,0,0,0,0,65,204,246,400,503,646,516,425,375,374,438,429,353,284,189,98,32,0,5577
564,07-09-2025,230-Manjunatha Nagar,0,0,0,0,0,0,11,28,47,41,66,81,72,48,62,57,61,64,52,72,77,58,37,0,934
565,07-09-2025,231-Chikkabidarakallu,0,0,0,0,0,0,27,71,146,168,199,245,236,228,204,196,191,196,195,165,102,61,44,0,2674
566,07-09-2025,232-Madavara,0,0,0,0,0,0,37,142,250,383,512,609,546,498,454,560,615,649,778,713,429,290,135,0,7600
567,07-09-2025,31-Ragigudda,0,0,0,0,0,0,5,14,26,42,69,99,105,162,145,152,130,133,139,122,81,75,49,6,1554
568,07-09-2025,32-Jayadeva Hospital,0,0,0,0,0,0,9,46,62,99,145,210,205,224,216,215,250,291,260,266,138,90,54,7,2787
569,07-09-2025,33-BTM Layout,0,0,0,0,0,0,0,90,94,134,184,256,296,292,274,247,203,286,246,183,150,92,62,9,3098
570,07-09-2025,34-Central Silk Board,0,0,0,0,0,0,13,57,108,147,264,263,317,302,292,326,304,347,321,296,198,160,82,9,3806
571,07-09-2025,35-Bommanahalli,0,0,0,0,0,0,0,149,96,138,244,312,310,277,294,261,241,283,283,250,152,124,84,13,3511
572,07-09-2025,36-Hongasandra,0,0,0,0,0,0,9,48,65,76,144,200,179,160,183,168,243,148,177,104,78,68,65,1,2116
573,07-09-2025,37-Kudlu Gate,0,0,0,0,0,0,0,65,101,122,195,286,257,185,210,187,233,190,203,174,88,58,28,1,2583
574,07-09-2025,38-Singasandra,0,0,0,0,0,0,7,26,38,44,84,110,108,110,95,76,105,95,80,63,37,32,7,1,1118
575,07-09-2025,39-Hosa Road,0,0,0,0,0,0,1,83,114,218,329,381,326,301,252,296,238,231,191,147,91,82,24,0,3305
576,07-09-2025,310-Beratena Agrahara,0,0,0,0,0,0,3,3,10,13,40,79,56,53,27,42,42,38,43,33,16,16,6,0,520
577,07-09-2025,311-Electronic City,0,0,0,0,0,0,16,48,86,138,282,293,328,284,230,210,188,270,162,147,96,65,20,0,2863
578,07-09-2025,312-Infosys Foundation Konappana Agrahara,0,0,0,0,0,0,51,132,155,309,407,521,494,366,335,387,361,438,360,292,246,182,74,0,5110
579,07-09-2025,313-Huskur Road,0,0,0,0,0,0,12,42,56,105,140,201,164,160,161,158,195,175,211,171,149,88,41,0,2229
580,07-09-2025,314-Biocon Hebbagodi,0,0,0,0,0,0,18,45,60,120,140,166,114,140,123,112,124,147,136,111,42,29,28,0,1655
581,07-09-2025,315-Delta Electronics Bommasandra,0,0,0,0,0,0,59,176,266,388,658,771,564,522,418,456,450,484,404,274,226,109,31,0,6256
582,08-09-2025,11-Baiyappanahalli,0,0,0,0,19,154,457,875,2243,3121,1494,721,459,437,309,422,563,822,1125,853,895,285,100,11,15365
583,08-09-2025,12-SV Road,0,0,0,0,6,47,142,382,804,957,560,424,345,366,393,544,1011,1272,1262,1035,455,186,100,25,10316
584,08-09-2025,13-Indiranagar,0,0,0,0,10,39,227,660,1427,1930,1396,772,691,710,851,1107,1685,2443,3498,2956,1569,745,359,47,23122
585,08-09-2025,14-Halasuru,0,0,0,0,16,64,150,546,1084,1536,972,497,356,377,399,291,403,595,730,646,405,245,89,15,9416
586,08-09-2025,15-Trinity,0,0,0,0,6,9,76,205,365,352,326,314,359,409,461,473,818,2076,3836,3040,1215,428,190,31,14989
587,08-09-2025,16-MG Road,0,0,0,0,2,31,105,178,400,444,327,596,693,787,793,1117,1390,2390,3679,3453,2006,1071,679,183,20324
588,08-09-2025,17-Cubbon Park,0,0,0,0,4,22,83,301,540,525,448,408,495,571,649,674,1043,2189,3438,2639,1312,631,368,61,16401
589,08-09-2025,18-Vidhana Soudha,0,0,0,0,10,21,44,145,259,278,419,383,634,743,733,824,1067,2878,2535,1359,566,282,83,7,13270
590,08-09-2025,19-Sir.M. Visveshwaraya,0,0,0,0,6,10,53,157,264,305,429,733,985,923,984,1132,1408,2463,2317,1215,697,315,89,10,14495
591,08-09-2025,110-Kempegowda,0,0,0,62,992,1758,2175,2520,2863,2728,1935,1909,1640,1635,1624,1514,1727,2382,2486,2699,2027,1625,802,178,37281
592,08-09-2025,111-KSR Railway Station,0,0,0,22,196,548,953,1506,1996,2193,1273,892,769,533,501,340,434,625,715,749,415,620,205,86,15571
593,08-09-2025,112-Magadi Road,0,0,0,0,15,75,206,538,1144,1529,1191,477,346,323,261,210,341,317,406,342,204,137,89,14,8165
594,08-09-2025,113-Hosahalli,0,0,0,0,8,67,229,813,1819,2306,1517,631,489,436,302,283,317,435,507,416,272,170,79,11,11107
595,08-09-2025,114-Vijayanagar,0,0,0,0,14,94,256,861,2033,2710,1559,663,533,504,429,373,382,458,501,455,365,215,122,26,12553
596,08-09-2025,115-Attiguppe,0,0,0,0,7,67,214,744,1635,1996,1186,486,343,303,270,321,287,324,338,305,231,152,76,17,9302
597,08-09-2025,116-Deepanjali Nagar,1,0,0,0,97,230,286,469,801,819,560,303,228,191,149,188,159,181,237,216,177,131,73,7,5503
598,08-09-2025,117-Mysuru Road,0,0,0,0,2,44,164,527,1437,1611,849,374,278,317,238,378,385,430,285,241,132,97,45,3,7837
599,08-09-2025,118-Nayandahalli,0,0,0,0,0,24,64,174,295,295,197,115,117,122,66,118,149,120,167,176,140,71,53,5,2468
600,08-09-2025,119-Rajarajeshwari Nagar,0,0,0,0,3,40,142,477,1003,1103,610,292,277,259,211,209,264,379,332,250,220,127,71,5,6274
601,08-09-2025,120-Jnanabharathi,0,0,0,0,5,27,124,430,886,918,548,292,221,171,198,179,160,176,174,124,78,56,32,1,4800
602,08-09-2025,121-Pattangere,0,0,0,0,5,30,105,331,638,759,370,218,273,481,368,684,1154,784,532,310,149,78,54,0,7323
603,08-09-2025,122-Kengeri Bus Terminal,0,0,0,0,27,112,296,794,1065,1150,626,525,412,383,319,284,354,401,353,248,236,143,84,4,7816
604,08-09-2025,123-Kengeri,0,0,0,0,5,69,374,861,1280,1213,799,415,322,242,254,261,288,290,420,328,202,144,70,6,7843
605,08-09-2025,124-Challaghatta,0,0,0,0,8,46,137,365,728,734,416,397,258,422,335,476,667,430,530,303,147,85,41,0,6525
606,08-09-2025,125-Benniganahalli,0,0,0,0,132,334,738,1804,3260,3968,2966,1927,1396,1080,893,911,1146,1505,1791,1625,956,564,261,55,27312
607,08-09-2025,126-Krishnarajapura,1,0,0,0,134,182,588,1365,2245,2853,1928,1425,1186,851,573,776,1338,1522,1437,1260,731,580,284,28,21287
608,08-09-2025,127-Singayyanapalya,0,0,0,0,2,33,97,248,721,939,553,333,302,267,309,445,573,765,873,742,445,298,228,24,8197
609,08-09-2025,128-Garudacharpalya,0,0,0,0,2,23,135,282,511,540,340,234,234,247,278,341,673,1110,1565,1007,472,310,109,3,8416
610,08-09-2025,129-Hoodi,0,0,0,0,9,36,116,381,757,835,563,330,281,280,228,215,389,617,904,614,336,255,92,3,7241
611,08-09-2025,130-Seetharampalya,0,0,0,0,6,22,97,243,483,637,435,236,195,271,363,552,1204,1598,1626,1087,546,318,188,7,10114
612,08-09-2025,131-Kundalahalli,0,0,0,0,1,11,63,140,254,278,292,204,175,231,364,685,1367,1572,1532,926,447,254,102,2,8900
613,08-09-2025,132-Nallur Halli,0,0,0,0,7,10,61,169,299,370,313,203,241,280,348,514,1129,1371,1538,1087,570,264,90,6,8870
614,08-09-2025,133-Sri Sathya Sai Hospital,2,0,0,0,0,13,22,64,85,139,240,384,471,453,515,738,1362,1932,2327,1611,936,365,110,26,11795
615,08-09-2025,134-Pattandur Agrahara,0,0,0,0,0,6,40,78,209,214,278,324,363,492,564,1093,1671,2157,2437,1817,1032,595,295,39,13704
616,08-09-2025,135-Kadugodi Tree Park,1,0,0,0,5,68,219,518,1664,2355,2067,1176,529,598,416,356,381,472,552,510,314,236,98,1,12536
617,08-09-2025,136-Hopefarm Channasandra,0,0,0,0,8,15,52,123,466,649,299,163,87,100,75,59,97,139,205,147,65,26,18,0,2793
618,08-09-2025,137-Whitefield (Kadugodi),0,0,0,0,13,69,398,956,1666,1785,1151,724,375,312,352,223,273,334,345,352,177,152,38,0,9695
619,08-09-2025,21-Nagasandra,0,0,0,0,13,85,276,948,1787,1789,875,493,401,372,287,324,628,671,701,410,288,207,87,1,10643
620,08-09-2025,22-Dasarahalli,0,0,0,0,27,143,354,986,1973,1933,1087,675,539,488,392,390,453,510,509,458,328,221,87,1,11554
621,08-09-2025,23-Jalahalli,0,0,0,1,30,122,279,662,989,1050,635,449,411,307,323,325,387,498,802,537,258,130,99,7,8301
622,08-09-2025,24-Peenya Industry,0,0,0,0,5,18,38,196,326,317,199,108,102,78,86,49,99,259,332,176,68,30,24,2,2512
623,08-09-2025,25-Peenya,0,0,0,0,0,34,112,394,687,732,470,185,163,145,119,89,120,308,493,297,160,53,28,2,4591
624,08-09-2025,26-Yeshwanthpur Industry,0,0,0,0,42,152,318,622,885,867,624,389,392,355,325,333,420,599,1024,806,409,234,120,17,8933
625,08-09-2025,27-Yeshwanthpur,0,0,0,45,1124,1078,1570,1902,1934,1447,1215,630,840,903,403,310,563,568,964,878,1539,276,110,144,18443
626,08-09-2025,28-Sandal Soap Factory,0,0,0,0,11,64,158,401,688,656,471,338,370,473,500,536,667,1036,1615,1439,786,358,362,34,10963
627,08-09-2025,29-Mahalakshmi,0,0,0,0,4,40,153,589,1148,1329,800,421,417,484,441,328,338,473,624,521,382,181,94,9,8776
628,08-09-2025,210-Rajajinagar,0,0,0,0,12,73,213,725,1395,1651,981,573,527,499,494,563,603,637,917,750,495,241,123,14,11486
629,08-09-2025,211-Kuvempu Road,0,0,0,0,5,42,116,384,842,1085,618,336,253,215,190,167,234,258,293,251,209,101,53,7,5659
630,08-09-2025,212-Srirampura,0,0,0,0,0,28,132,399,827,1009,571,356,262,279,229,219,267,309,423,338,219,121,42,10,6040
631,08-09-2025,213-Mantri Square Sampige Road,0,0,0,0,4,35,123,486,997,1176,837,544,722,808,1017,890,1007,1528,1835,1690,1075,644,345,30,15793
632,08-09-2025,215-Chickpete,0,0,0,0,7,12,74,180,361,345,252,264,447,663,960,896,979,1128,1148,1257,1278,585,122,17,10975
633,08-09-2025,216-KR Market,0,0,0,0,19,186,296,396,605,585,425,442,532,589,589,666,1015,1019,930,955,636,294,129,20,10328
634,08-09-2025,217-National College,0,0,0,0,3,18,101,478,953,1099,851,559,646,863,1139,1144,1389,1137,1119,994,624,304,129,16,13566
635,08-09-2025,218-Lalbagh,0,0,0,0,5,33,93,200,348,344,247,240,214,252,326,339,552,755,1092,844,396,154,59,12,6505
636,08-09-2025,219-South End Circle,0,0,0,0,4,32,88,234,443,462,338,259,313,523,416,774,828,842,1278,1188,530,208,112,16,8888
637,08-09-2025,220-Jayanagar,0,0,0,0,6,44,121,376,707,909,616,550,566,684,780,770,1626,1346,1576,1403,790,484,197,17,13568
638,08-09-2025,221-RV Road,0,0,0,0,6,53,166,400,723,773,557,436,384,439,434,432,536,781,1132,892,518,281,111,19,9073
639,08-09-2025,222-Banashankarl,0,0,0,0,16,68,179,537,1162,1205,825,659,500,565,540,600,720,915,1000,939,512,239,153,26,11360
640,08-09-2025,223-JP Nagar,0,0,0,0,6,64,158,614,1380,1625,791,497,407,398,348,419,528,654,917,676,425,260,177,16,10360
641,08-09-2025,224-Puttenahalli,0,0,0,0,6,60,183,784,1784,1839,1000,488,496,305,252,309,399,552,650,491,251,166,94,6,10115
642,08-09-2025,225-Konanakunte Cross,0,0,0,0,20,74,246,884,1572,1653,985,609,539,398,433,413,519,597,656,681,480,372,332,29,11492
643,08-09-2025,226-Doddakallasandra,0,0,0,0,5,26,100,634,932,902,516,244,217,199,162,157,178,192,329,300,159,93,43,1,5389
644,08-09-2025,227-Vajarahalli,0,0,0,0,8,40,120,559,855,833,422,289,217,166,266,530,360,255,281,228,155,126,52,7,5769
645,08-09-2025,228-Thalghattapura,0,0,0,0,6,21,65,341,550,516,294,157,104,100,103,81,149,146,166,126,75,38,14,1,3053
646,08-09-2025,229-Silk Institute,0,0,0,0,16,51,213,586,907,973,645,397,270,373,333,346,638,606,509,357,196,73,34,1,7524
647,08-09-2025,230-Manjunatha Nagar,0,0,0,0,3,24,60,141,202,211,99,106,55,54,28,34,34,56,72,72,43,16,12,2,1324
648,08-09-2025,231-Chikkabidarakallu,0,0,0,0,9,36,127,478,799,807,437,219,195,124,122,117,113,138,161,118,62,75,22,0,4159
649,08-09-2025,232-Madavara,0,0,0,0,11,87,240,727,1180,1157,609,511,346,331,219,214,313,296,417,296,252,116,52,0,7374
650,08-09-2025,31-Ragigudda,0,0,0,0,0,0,16,88,150,137,107,117,115,131,154,145,213,225,235,209,123,83,27,8,2283
651,08-09-2025,32-Jayadeva Hospital,0,0,0,0,0,1,22,126,268,234,189,168,209,250,229,236,404,497,716,510,208,110,70,11,4458
652,08-09-2025,33-BTM Layout,2,0,0,0,0,0,50,189,475,403,288,172,149,157,127,113,152,200,238,209,156,78,61,14,3233
653,08-09-2025,34-Central Silk Board,0,0,0,0,0,0,79,216,363,358,242,199,213,176,197,185,307,460,637,518,323,165,80,6,4724
654,08-09-2025,35-Bommanahalli,0,0,0,0,0,0,85,283,460,450,288,213,175,167,159,168,200,279,422,369,212,130,53,8,4121
655,08-09-2025,36-Hongasandra,1,0,0,0,0,0,32,109,213,195,140,136,95,85,91,130,221,293,351,359,213,99,49,1,2813
656,08-09-2025,37-Kudlu Gate,0,0,0,0,0,0,38,184,316,283,192,174,148,188,134,136,190,269,419,402,168,95,45,0,3381
657,08-09-2025,38-Singasandra,0,0,0,0,0,0,21,79,168,173,115,93,59,60,50,56,62,109,131,78,45,31,15,0,1345
658,08-09-2025,39-Hosa Road,0,0,0,0,0,0,78,253,408,425,309,193,155,113,84,104,153,190,198,176,100,71,37,0,3047
659,08-09-2025,310-Beratena Agrahara,0,0,0,0,0,0,4,31,57,69,33,35,19,22,26,45,81,75,116,71,45,21,9,0,759
660,08-09-2025,311-Electronic City,0,0,0,0,0,0,40,121,242,273,163,170,126,146,138,271,405,302,233,225,112,103,25,0,3095
661,08-09-2025,312-Infosys Foundation Konappana Agrahara,0,0,0,0,0,0,117,292,452,378,260,236,188,245,266,312,466,696,684,465,210,147,61,1,5476
662,08-09-2025,313-Huskur Road,0,0,0,0,0,0,42,103,232,163,143,87,71,71,63,107,136,188,219,167,112,39,19,1,1963
663,08-09-2025,314-Biocon Hebbagodi,0,0,0,0,0,0,40,76,139,149,80,96,84,73,55,53,82,131,173,123,50,35,14,0,1453
664,08-09-2025,315-Delta Electronics Bommasandra,0,0,0,0,0,0,143,387,524,457,350,328,255,256,283,249,348,563,663,411,211,105,35,0,5568
665,09-09-2025,11-Baiyappanahalli,2,0,0,0,32,97,308,930,2297,3112,1796,680,478,417,320,481,692,853,1164,859,767,503,92,10,15890
666,09-09-2025,12-SV Road,0,0,0,0,36,64,143,427,877,882,618,392,387,328,306,515,1169,1413,1262,1146,488,226,100,38,10817
667,09-09-2025,13-Indiranagar,0,0,0,0,5,40,204,716,1571,2139,1535,748,749,805,883,1195,1754,2546,3770,2988,1644,851,444,91,24678
668,09-09-2025,14-Halasuru,0,0,0,0,2,50,198,631,1206,1774,1063,565,368,391,460,380,529,555,778,671,490,331,127,12,10581
669,09-09-2025,15-Trinity,0,0,0,0,0,18,58,200,341,400,363,306,335,455,526,569,941,2066,3886,3072,1346,466,274,34,15656
670,09-09-2025,16-MG Road,0,0,0,0,2,19,59,174,410,464,355,645,761,966,1047,1617,1772,2552,3996,3324,1774,1127,673,120,21857
671,09-09-2025,17-Cubbon Park,0,0,0,0,0,21,91,257,573,562,428,393,607,607,641,849,1244,2538,3651,2166,1029,471,190,29,16347
672,09-09-2025,18-Vidhana Soudha,0,0,0,0,0,6,46,113,293,273,406,404,640,715,772,861,1214,3105,2632,1241,574,265,65,13,13638
673,09-09-2025,19-Sir.M. Visveshwaraya,0,0,0,0,1,10,52,163,275,334,409,683,1030,945,937,1059,1318,2330,2441,1209,723,342,96,10,14367
674,09-09-2025,110-Kempegowda,0,0,0,0,367,1102,1488,1870,2390,2418,1666,1551,1487,1430,1426,1361,1730,2009,2468,2393,1938,1298,690,110,31192
675,09-09-2025,111-KSR Railway Station,0,0,0,0,53,494,817,993,1467,1903,852,633,310,644,510,337,408,548,529,570,517,446,174,31,12236
676,09-09-2025,112-Magadi Road,0,0,0,0,10,64,181,592,1235,1561,1137,467,319,331,226,202,311,317,343,344,231,139,125,9,8144
677,09-09-2025,113-Hosahalli,0,0,0,0,5,65,266,958,2056,2450,1517,634,473,417,321,345,282,406,506,374,265,167,59,18,11584
678,09-09-2025,114-Vijayanagar,0,0,0,0,4,91,311,1019,2263,2885,1544,747,504,495,443,346,415,459,475,417,335,219,158,13,13143
679,09-09-2025,115-Attiguppe,0,0,0,0,3,65,233,858,1741,2095,1199,532,382,306,243,317,279,304,315,290,213,134,83,6,9598
680,09-09-2025,116-Deepanjali Nagar,0,0,0,0,58,177,241,416,760,898,490,267,202,182,147,147,181,181,213,207,173,93,81,1,5115
681,09-09-2025,117-Mysuru Road,0,0,0,0,3,30,146,614,1524,1782,859,380,266,352,282,364,362,352,256,248,114,85,57,9,8085
682,09-09-2025,118-Nayandahalli,0,0,0,0,1,15,51,168,310,297,209,124,120,91,90,94,125,126,148,174,93,71,89,12,2408
683,09-09-2025,119-Rajarajeshwari Nagar,0,0,0,0,0,44,166,561,1056,1207,631,347,291,228,217,201,267,385,275,264,165,123,97,3,6528
684,09-09-2025,120-Jnanabharathi,0,0,0,0,0,23,130,490,930,981,493,262,212,162,174,196,141,191,150,131,91,48,48,2,4855
685,09-09-2025,121-Pattangere,0,0,0,0,2,40,114,360,715,791,370,229,229,421,360,507,1224,935,665,324,146,74,44,2,7552
686,09-09-2025,122-Kengeri Bus Terminal,0,0,0,0,11,80,232,624,984,1087,615,412,378,307,260,266,345,419,390,227,213,122,95,10,7077
687,09-09-2025,123-Kengeri,0,0,0,0,10,57,221,549,1142,1081,545,327,241,201,177,211,231,263,361,228,194,153,66,1,6259
688,09-09-2025,124-Challaghatta,0,0,0,0,7,29,125,300,662,670,373,289,250,303,270,423,590,466,572,350,119,104,44,1,5947
689,09-09-2025,125-Benniganahalli,2,0,0,0,58,209,614,1629,3412,3924,3427,1729,1172,1057,810,834,1143,1543,1854,1492,1136,551,352,35,26983
690,09-09-2025,126-Krishnarajapura,0,0,0,0,60,183,486,1167,2145,2960,1920,1373,969,707,605,902,1362,1366,1682,1341,896,601,204,26,20955
691,09-09-2025,127-Singayyanapalya,0,0,0,0,2,31,85,278,762,999,585,308,294,298,242,460,682,881,964,750,499,295,261,25,8701
692,09-09-2025,128-Garudacharpalya,1,0,0,0,1,33,137,272,546,573,422,216,211,218,292,433,830,1283,1756,1059,513,317,144,13,9270
693,09-09-2025,129-Hoodi,0,0,0,0,0,44,140,408,825,897,637,330,264,222,230,204,361,551,888,674,352,248,117,4,7396
694,09-09-2025,130-Seetharampalya,1,0,0,0,0,20,125,228,551,656,441,255,197,273,410,651,1284,1753,1786,1254,700,408,239,6,11238
695,09-09-2025,131-Kundalahalli,0,0,0,0,0,20,64,141,307,334,291,217,233,269,464,843,1578,1745,1766,1188,544,311,119,3,10437
696,09-09-2025,132-Nallur Halli,1,0,0,0,1,20,65,201,308,438,327,261,262,337,443,654,1316,1571,1823,1233,678,405,139,10,10493
697,09-09-2025,133-Sri Sathya Sai Hospital,2,0,0,0,0,21,43,75,103,150,323,450,552,524,641,974,1774,2333,2613,1870,976,403,166,17,14010
698,09-09-2025,134-Pattandur Agrahara,0,0,0,0,0,32,63,134,222,268,282,299,389,540,691,1161,2022,2349,2719,2183,1075,714,394,35,15572
699,09-09-2025,135-Kadugodi Tree Park,2,0,0,0,4,52,192,515,1959,2670,2278,1086,545,624,441,348,457,475,631,519,344,231,109,0,13482
700,09-09-2025,136-Hopefarm Channasandra,0,0,0,0,3,2,39,140,525,719,334,164,92,97,66,76,130,137,209,146,76,28,16,0,2999
701,09-09-2025,137-Whitefield (Kadugodi),0,0,0,0,10,116,289,867,1746,1979,1173,569,485,296,300,231,294,321,321,344,136,137,44,0,9658
702,09-09-2025,21-Nagasandra,0,0,0,0,4,60,216,949,1778,1701,807,430,311,240,278,294,582,637,564,425,240,156,98,3,9773
703,09-09-2025,22-Dasarahalli,0,0,0,0,1,108,241,1019,1888,1895,1014,632,421,419,340,347,425,557,567,379,326,189,88,4,10860
704,09-09-2025,23-Jalahalli,0,0,0,0,0,90,199,518,935,957,586,411,337,251,271,311,356,481,700,523,258,133,62,8,7387
705,09-09-2025,24-Peenya Industry,0,0,0,0,1,10,51,201,329,349,228,92,89,68,73,63,91,280,323,184,57,39,25,2,2555
706,09-09-2025,25-Peenya,0,0,0,0,0,14,104,346,738,737,398,194,131,142,93,99,146,381,525,255,91,70,27,2,4493
707,09-09-2025,26-Yeshwanthpur Industry,0,0,0,0,1,95,180,420,741,750,520,367,284,320,255,336,408,644,1049,784,414,218,116,30,7932
708,09-09-2025,27-Yeshwanthpur,0,0,0,0,183,553,849,1184,1502,922,1084,462,733,659,321,474,513,523,691,731,634,990,235,45,13288
709,09-09-2025,28-Sandal Soap Factory,0,0,0,0,7,43,129,380,648,697,471,371,326,473,413,552,603,1058,1529,1278,725,409,361,53,10526
710,09-09-2025,29-Mahalakshmi,0,0,0,0,3,40,168,600,1275,1402,804,437,447,422,411,336,312,475,710,493,341,169,76,5,8926
711,09-09-2025,210-Rajajinagar,0,0,0,0,11,57,189,788,1552,1705,1035,595,504,512,541,497,569,693,886,734,559,287,138,19,11871
712,09-09-2025,211-Kuvempu Road,0,0,0,0,3,34,112,446,956,1110,641,328,265,178,191,176,186,252,316,297,197,131,62,5,5886
713,09-09-2025,212-Srirampura,0,0,0,0,0,34,117,448,923,1047,652,359,285,294,217,208,277,255,395,286,203,112,51,13,6176
714,09-09-2025,213-Mantri Square Sampige Road,0,0,0,0,2,38,137,523,1015,1239,859,540,687,888,1001,852,1045,1615,1836,1740,1033,779,444,26,16299
715,09-09-2025,215-Chickpete,0,0,0,0,0,15,53,223,338,340,242,285,468,674,809,892,1020,1113,1152,1245,1264,585,117,8,10843
716,09-09-2025,216-KR Market,0,0,0,0,4,129,211,326,564,530,423,397,506,562,620,671,955,974,1240,913,706,335,127,17,10210
717,09-09-2025,217-National College,0,0,0,0,4,20,100,518,1011,1142,861,615,635,1015,1088,1012,1318,1084,1184,898,606,327,124,14,13576
718,09-09-2025,218-Lalbagh,0,0,0,0,1,16,56,187,357,332,240,238,244,275,256,389,570,817,1102,819,355,167,60,10,6491
719,09-09-2025,219-South End Circle,0,0,0,0,2,23,72,231,471,496,359,273,401,661,462,829,818,976,1292,1043,472,239,130,15,9265
720,09-09-2025,220-Jayanagar,0,0,0,0,2,23,96,375,759,915,674,480,527,672,745,809,1573,1359,1590,1318,823,517,224,14,13495
721,09-09-2025,221-RV Road,0,0,0,0,3,33,116,393,763,836,541,379,383,382,436,439,582,668,1117,869,496,240,132,15,8823
722,09-09-2025,222-Banashankarl,0,0,0,0,0,63,175,550,1153,1295,813,616,565,598,564,555,820,891,1063,975,493,269,134,17,11609
723,09-09-2025,223-JP Nagar,0,0,0,0,1,45,142,657,1503,1682,912,423,362,340,357,328,492,642,905,735,457,243,104,8,10338
724,09-09-2025,224-Puttenahalli,0,0,0,0,3,65,182,774,1858,2019,973,422,364,298,247,335,453,479,689,491,254,161,88,5,10160
725,09-09-2025,225-Konanakunte Cross,0,0,0,0,6,49,242,881,1641,1687,968,582,468,439,412,487,581,542,664,628,419,302,312,23,11333
726,09-09-2025,226-Doddakallasandra,0,0,0,0,3,20,116,583,1032,1007,487,291,222,212,147,190,185,193,327,273,165,92,31,5,5581
727,09-09-2025,227-Vajarahalli,0,0,0,0,4,33,110,595,886,795,471,278,243,236,233,436,344,280,333,299,185,110,61,3,5935
728,09-09-2025,228-Thalghattapura,0,0,0,0,3,25,79,276,589,524,276,159,104,96,86,109,174,129,161,142,66,37,12,3,3050
729,09-09-2025,229-Silk Institute,0,0,0,0,6,18,126,487,898,964,557,388,310,345,259,309,596,613,515,362,179,90,30,2,7054
730,09-09-2025,230-Manjunatha Nagar,0,0,0,0,0,11,50,116,217,167,88,51,47,41,38,26,42,68,67,49,43,30,12,0,1163
731,09-09-2025,231-Chikkabidarakallu,0,0,0,0,4,29,102,469,814,800,416,205,172,138,112,99,92,137,170,128,66,72,28,0,4053
732,09-09-2025,232-Madavara,0,0,0,0,8,59,161,571,1075,964,522,349,278,224,187,182,258,327,389,333,167,120,49,0,6223
733,09-09-2025,31-Ragigudda,0,0,0,0,0,0,16,83,140,147,108,99,101,113,139,133,206,251,259,205,91,61,50,7,2209
734,09-09-2025,32-Jayadeva Hospital,0,0,0,0,0,0,18,139,350,273,193,175,207,217,265,299,416,489,780,544,237,139,72,13,4826
735,09-09-2025,33-BTM Layout,0,0,0,0,0,0,24,196,504,449,288,193,181,162,109,94,112,180,288,210,186,93,68,13,3350
736,09-09-2025,34-Central Silk Board,0,0,0,0,0,0,58,179,367,389,249,165,149,168,186,268,332,458,663,583,422,198,97,16,4947
737,09-09-2025,35-Bommanahalli,2,0,0,0,0,0,60,226,530,422,265,187,150,145,150,156,185,217,422,390,233,100,48,4,3892
738,09-09-2025,36-Hongasandra,2,0,0,0,0,0,17,136,245,237,135,134,127,148,93,137,165,241,417,335,216,93,53,7,2938
739,09-09-2025,37-Kudlu Gate,0,0,0,0,0,0,21,160,334,318,205,177,120,180,119,140,214,254,415,419,169,79,49,0,3373
740,09-09-2025,38-Singasandra,0,0,0,0,0,0,10,84,161,185,113,90,61,48,44,51,65,88,118,89,43,43,11,0,1304
741,09-09-2025,39-Hosa Road,0,0,0,0,0,0,60,252,458,403,237,188,141,104,101,119,145,207,212,133,91,57,17,2,2927
742,09-09-2025,310-Beratena Agrahara,0,0,0,0,0,0,4,38,57,71,29,25,16,28,18,17,73,78,97,65,43,12,9,0,680
743,09-09-2025,311-Electronic City,0,0,0,0,0,0,42,107,244,238,138,128,128,145,227,313,294,296,295,225,136,89,29,0,3074
744,09-09-2025,312-Infosys Foundation Konappana Agrahara,0,0,0,0,0,0,103,216,433,377,243,204,219,281,315,355,651,747,820,550,347,154,65,0,6080
745,09-09-2025,313-Huskur Road,0,0,0,0,0,0,37,116,242,179,123,100,93,63,58,66,132,231,256,163,83,38,34,0,2014
746,09-09-2025,314-Biocon Hebbagodi,0,0,0,0,0,0,15,48,121,118,72,90,49,71,49,68,82,132,200,108,43,24,12,0,1302
747,09-09-2025,315-Delta Electronics Bommasandra,0,0,0,0,0,0,94,331,495,445,394,287,231,224,267,319,410,541,652,413,180,110,44,0,5437
748,10-09-2025,11-Baiyappanahalli,0,0,0,0,11,70,295,1089,2161,3171,1478,737,486,464,327,490,629,924,1159,787,925,252,130,9,15594
749,10-09-2025,12-SV Road,0,0,0,0,5,39,127,436,825,890,630,424,326,339,314,583,1164,1377,1328,1113,516,226,153,44,10859
750,10-09-2025,13-Indiranagar,0,0,0,0,9,47,204,804,1580,2216,1518,858,696,751,924,1119,1822,2774,3871,2937,1479,802,528,96,25035
751,10-09-2025,14-Halasuru,0,0,0,0,0,53,209,595,1228,1698,1064,573,339,306,445,416,498,629,807,579,397,215,170,25,10246
752,10-09-2025,15-Trinity,0,0,0,0,0,11,67,181,358,368,383,334,313,435,514,603,1002,2105,3933,2884,1316,531,324,24,15686
753,10-09-2025,16-MG Road,0,0,0,0,4,19,50,164,382,460,375,680,849,947,957,1711,1797,2727,3999,3173,1774,835,923,148,21974
754,10-09-2025,17-Cubbon Park,0,0,0,0,0,16,94,247,583,577,549,397,586,673,652,892,1323,2650,3609,2179,950,353,375,55,16760
755,10-09-2025,18-Vidhana Soudha,0,0,0,0,0,5,47,132,265,268,422,483,628,901,808,910,1283,3324,2694,1285,594,282,138,9,14478
756,10-09-2025,19-Sir.M. Visveshwaraya,0,0,0,0,0,11,30,144,281,346,435,754,1197,1003,990,1049,1663,2648,2410,1237,768,189,147,7,15309
757,10-09-2025,110-Kempegowda,0,0,0,0,152,736,1251,1585,1982,2350,1749,1572,1616,1715,1663,1518,1863,2774,2794,2540,2050,1237,1072,162,32381
758,10-09-2025,111-KSR Railway Station,0,0,0,0,91,314,748,979,1034,1818,1250,633,606,528,420,328,424,655,651,547,449,465,219,67,12226
759,10-09-2025,112-Magadi Road,0,0,0,0,11,69,196,558,1150,1600,1175,478,343,322,231,249,313,372,343,294,198,116,103,21,8142
760,10-09-2025,113-Hosahalli,0,0,0,0,2,58,240,901,1902,2456,1638,739,461,439,304,309,317,477,466,404,234,157,104,19,11627
761,10-09-2025,114-Vijayanagar,0,0,0,0,12,99,309,995,2162,2932,1636,742,542,499,419,405,379,492,441,429,327,194,170,20,13204
762,10-09-2025,115-Attiguppe,0,0,0,0,5,69,232,753,1790,2187,1209,558,360,294,288,300,257,329,337,267,202,110,95,8,9650
763,10-09-2025,116-Deepanjali Nagar,0,0,0,0,32,121,192,383,664,826,529,267,213,183,155,122,158,203,216,221,148,102,95,3,4833
764,10-09-2025,117-Mysuru Road,0,0,0,0,5,25,173,577,1443,1816,837,425,272,427,330,289,316,347,285,251,124,78,91,7,8118
765,10-09-2025,118-Nayandahalli,0,0,0,0,2,19,39,158,272,304,184,111,115,102,97,96,153,132,141,153,75,78,37,4,2272
766,10-09-2025,119-Rajarajeshwari Nagar,0,0,0,0,0,42,163,537,1037,1201,656,372,314,301,258,230,309,319,305,241,168,114,100,10,6677
767,10-09-2025,120-Jnanabharathi,0,0,0,0,1,27,121,454,826,1000,542,335,254,171,153,162,171,181,143,132,84,55,27,1,4840
768,10-09-2025,121-Pattangere,0,0,0,0,1,34,113,341,693,779,401,267,275,460,343,680,1197,805,527,354,157,89,52,7,7575
769,10-09-2025,122-Kengeri Bus Terminal,0,0,0,0,10,64,197,599,1027,1062,631,537,354,372,300,291,326,435,338,268,199,134,71,1,7216
770,10-09-2025,123-Kengeri,0,0,0,0,8,39,169,492,969,951,542,345,287,194,185,218,270,269,373,312,188,141,72,2,6026
771,10-09-2025,124-Challaghatta,0,0,0,0,6,25,105,294,737,648,374,348,283,339,293,453,632,469,622,353,168,97,28,0,6274
772,10-09-2025,125-Benniganahalli,0,0,0,0,33,144,527,1562,3245,4015,3169,1674,1138,1059,851,897,1192,1720,1817,1655,1057,379,401,82,26617
773,10-09-2025,126-Krishnarajapura,0,0,0,0,8,143,436,1224,2408,2963,1922,1316,891,698,603,899,1555,1531,1831,1241,821,530,365,37,21422
774,10-09-2025,127-Singayyanapalya,0,0,0,0,4,38,81,268,708,1029,634,318,288,286,317,412,706,770,1051,773,528,252,306,32,8801
775,10-09-2025,128-Garudacharpalya,0,0,0,0,1,36,149,269,567,577,367,227,175,236,344,494,806,1402,1734,1146,563,296,200,20,9609
776,10-09-2025,129-Hoodi,0,0,0,0,0,54,149,338,785,923,666,343,305,237,220,258,420,558,916,671,372,259,141,4,7619
777,10-09-2025,130-Seetharampalya,1,0,0,0,0,37,108,225,496,678,489,275,237,280,405,773,1440,1723,1765,1160,579,410,287,5,11373
778,10-09-2025,131-Kundalahalli,0,0,0,0,0,27,60,136,273,324,340,205,208,314,481,857,1691,1933,1616,1052,577,321,159,6,10580
779,10-09-2025,132-Nallur Halli,0,0,0,0,0,22,70,190,305,395,325,269,277,314,438,732,1451,1609,1723,1227,771,412,169,19,10718
780,10-09-2025,133-Sri Sathya Sai Hospital,6,0,0,0,3,9,40,77,105,127,275,527,587,688,634,960,1782,2374,2549,1665,968,394,168,24,13962
781,10-09-2025,134-Pattandur Agrahara,4,0,0,0,3,29,58,144,214,253,267,324,505,556,653,1191,2100,2575,2840,2009,1121,737,431,34,16048
782,10-09-2025,135-Kadugodi Tree Park,0,0,0,0,1,53,162,527,1807,2732,2374,1211,561,668,470,328,510,598,596,489,369,236,103,1,13796
783,10-09-2025,136-Hopefarm Channasandra,0,0,0,0,1,7,28,136,475,732,351,176,88,86,73,65,115,160,205,143,79,26,16,0,2962
784,10-09-2025,137-Whitefield (Kadugodi),0,0,0,0,2,87,336,723,1882,1866,1214,650,371,321,339,250,271,343,339,353,182,132,48,0,9709
785,10-09-2025,21-Nagasandra,0,0,0,0,5,62,239,1011,2133,2051,1049,591,349,417,314,312,643,687,680,450,299,162,102,3,11559
786,10-09-2025,22-Dasarahalli,0,0,0,0,0,97,283,946,2009,2126,1269,668,546,498,423,424,443,489,529,499,343,248,109,4,11953
787,10-09-2025,23-Jalahalli,0,0,0,0,0,65,195,526,945,925,693,505,363,262,299,314,398,495,751,517,275,193,103,7,7831
788,10-09-2025,24-Peenya Industry,0,0,0,0,0,10,44,203,328,403,699,136,97,70,101,62,112,263,325,184,64,34,32,2,3169
789,10-09-2025,25-Peenya,0,0,0,0,1,9,86,349,698,1101,672,281,175,134,141,98,157,431,442,334,119,55,31,4,5318
790,10-09-2025,26-Yeshwanthpur Industry,0,0,0,0,4,84,131,341,681,770,570,390,252,287,299,291,439,584,1054,801,360,186,102,14,7640
791,10-09-2025,27-Yeshwanthpur,0,0,0,0,324,507,968,1312,1246,1011,889,421,549,472,400,339,300,650,695,796,1119,234,216,89,12537
792,10-09-2025,28-Sandal Soap Factory,0,0,0,0,6,32,101,371,689,700,485,435,437,531,495,563,746,1176,1658,1260,695,402,393,41,11216
793,10-09-2025,29-Mahalakshmi,0,0,0,0,4,42,171,558,1275,1366,784,503,438,521,384,273,376,565,715,535,284,210,105,8,9117
794,10-09-2025,210-Rajajinagar,0,0,0,0,7,46,192,752,1535,1723,1097,618,601,489,553,539,510,705,938,752,501,289,182,16,12045
795,10-09-2025,211-Kuvempu Road,0,0,0,0,3,37,113,453,966,1135,669,338,260,230,197,217,264,255,269,287,180,134,64,9,6080
796,10-09-2025,212-Srirampura,0,0,0,0,1,26,121,469,903,1044,646,337,277,297,274,249,281,272,426,324,228,159,66,18,6418
797,10-09-2025,213-Mantri Square Sampige Road,0,0,0,0,3,23,131,504,1044,1296,829,640,715,915,1036,892,1030,1569,2019,1704,1112,737,507,40,16746
798,10-09-2025,215-Chickpete,0,0,0,0,1,14,77,214,355,349,240,295,460,691,879,1082,1218,1287,1185,1308,1211,443,216,12,11537
799,10-09-2025,216-KR Market,0,0,0,0,3,109,174,323,612,572,436,422,494,605,620,713,1073,1075,1018,855,635,259,229,24,10251
800,10-09-2025,217-National College,0,0,0,0,1,16,101,473,999,1145,934,653,785,1130,1065,1039,1351,1234,1059,928,536,275,174,30,13928
801,10-09-2025,218-Lalbagh,0,0,0,0,1,12,44,171,358,364,241,234,241,306,347,387,591,782,987,787,341,168,81,12,6455
802,10-09-2025,219-South End Circle,0,0,0,0,1,19,65,241,494,489,362,307,419,599,754,615,823,931,1227,940,516,194,174,19,9189
803,10-09-2025,220-Jayanagar,0,0,0,0,2,16,94,353,732,896,695,534,706,725,774,835,1712,1390,1618,1364,837,449,227,30,13989
804,10-09-2025,221-RV Road,0,0,0,0,0,25,122,373,787,853,536,425,372,417,476,443,601,769,1120,838,479,274,140,21,9071
805,10-09-2025,222-Banashankarl,0,0,0,0,0,49,161,498,1196,1172,761,591,541,623,563,521,703,955,1037,910,481,248,158,33,11201
806,10-09-2025,223-JP Nagar,0,0,0,0,0,75,148,626,1473,1770,882,466,425,447,325,358,569,694,995,690,433,260,116,13,10765
807,10-09-2025,224-Puttenahalli,0,0,0,0,0,37,182,733,1793,1956,1002,473,517,285,281,399,484,467,661,466,250,183,70,17,10256
808,10-09-2025,225-Konanakunte Cross,0,0,0,0,4,50,240,808,1594,1702,973,690,593,459,452,452,559,656,629,622,385,352,282,9,11511
809,10-09-2025,226-Doddakallasandra,0,0,0,0,2,22,129,519,1010,1002,515,327,259,174,171,165,164,234,300,243,135,90,30,1,5492
810,10-09-2025,227-Vajarahalli,2,0,0,0,8,34,89,514,868,902,443,303,245,208,345,286,333,331,317,254,130,104,52,3,5771
811,10-09-2025,228-Thalghattapura,0,0,0,0,4,26,63,306,582,488,293,170,130,114,85,102,181,128,150,129,68,53,22,2,3096
812,10-09-2025,229-Silk Institute,0,0,0,0,3,35,130,480,884,944,558,428,326,357,334,324,593,597,514,308,158,70,62,8,7113
813,10-09-2025,230-Manjunatha Nagar,0,0,0,0,0,14,36,128,190,195,107,69,49,35,34,33,26,46,58,52,34,27,17,0,1150
814,10-09-2025,231-Chikkabidarakallu,0,0,0,0,4,41,99,431,801,814,467,260,200,103,126,109,150,153,159,114,72,59,19,1,4182
815,10-09-2025,232-Madavara,0,0,0,0,4,40,172,566,1087,1051,533,393,340,313,259,228,293,340,465,313,188,170,54,0,6809
816,10-09-2025,31-Ragigudda,0,0,0,0,0,1,24,86,158,151,105,112,125,160,149,165,207,244,256,162,131,58,42,7,2343
817,10-09-2025,32-Jayadeva Hospital,0,0,0,0,0,7,27,145,305,284,189,225,252,245,284,328,468,574,817,531,271,113,98,10,5173
818,10-09-2025,33-BTM Layout,0,0,0,0,0,4,39,198,513,443,283,180,157,148,141,127,137,202,272,196,163,103,56,15,3377
819,10-09-2025,34-Central Silk Board,0,0,0,0,0,3,58,165,360,298,275,174,182,174,203,226,364,536,709,520,341,178,110,16,4892
820,10-09-2025,35-Bommanahalli,0,0,0,0,0,7,51,198,497,406,299,220,142,155,151,141,226,274,441,359,230,144,93,10,4044
821,10-09-2025,36-Hongasandra,0,0,0,0,0,0,26,113,275,225,131,98,130,126,122,118,169,284,416,342,226,108,60,6,2975
822,10-09-2025,37-Kudlu Gate,0,0,0,0,0,1,28,143,321,327,179,168,135,164,155,151,230,266,462,459,275,102,50,1,3617
823,10-09-2025,38-Singasandra,1,0,0,0,0,0,18,87,184,177,102,82,62,50,65,67,58,106,125,86,53,42,45,4,1414
824,10-09-2025,39-Hosa Road,0,0,0,0,0,1,54,244,423,423,269,203,139,106,109,99,131,202,222,191,121,64,31,0,3032
825,10-09-2025,310-Beratena Agrahara,0,0,0,0,0,0,8,27,63,77,38,31,29,40,21,29,78,112,123,71,29,21,13,0,810
826,10-09-2025,311-Electronic City,0,0,0,0,0,2,41,115,260,276,148,146,155,313,174,205,373,352,282,295,163,117,56,0,3473
827,10-09-2025,312-Infosys Foundation Konappana Agrahara,0,0,0,0,0,4,93,244,479,339,234,209,242,280,327,433,708,841,800,784,425,211,95,0,6748
828,10-09-2025,313-Huskur Road,0,0,0,0,0,0,42,105,216,164,145,86,95,83,66,95,193,231,119,331,121,64,32,0,2188
829,10-09-2025,314-Biocon Hebbagodi,0,0,0,0,0,1,17,56,117,129,84,85,81,52,52,43,118,128,178,174,83,41,13,0,1452
830,10-09-2025,315-Delta Electronics Bommasandra,0,0,0,0,0,2,99,348,501,471,366,294,254,249,275,329,443,621,615,665,348,155,40,0,6075
831,11-09-2025,11-Baiyappanahalli,0,0,0,0,15,116,297,934,2167,3258,1527,819,530,459,378,460,623,938,1136,859,491,262,86,6,15361
832,11-09-2025,12-SV Road,0,0,0,0,18,57,118,405,790,842,662,373,348,341,353,567,970,1286,1314,1110,517,236,119,40,10466
833,11-09-2025,13-Indiranagar,0,0,0,0,9,54,200,732,1525,2116,1497,806,720,844,878,1323,1691,2462,3750,3178,1629,985,491,82,24972
834,11-09-2025,14-Halasuru,0,0,0,0,0,53,185,606,1213,1683,1045,566,350,342,427,438,491,595,799,579,431,261,132,18,10214
835,11-09-2025,15-Trinity,0,0,0,0,3,16,62,185,355,364,337,279,306,374,447,610,861,1946,3861,2935,1419,540,247,46,15193
836,11-09-2025,16-MG Road,0,0,0,0,2,18,63,156,381,431,368,726,751,961,1016,1590,1794,2619,3950,3276,1889,1172,725,160,22048
837,11-09-2025,17-Cubbon Park,0,0,0,0,2,11,68,250,537,545,428,358,557,535,614,930,1290,2395,3524,2138,942,488,251,41,15904
838,11-09-2025,18-Vidhana Soudha,0,0,0,0,0,9,48,110,278,299,414,489,604,862,927,1421,1422,2658,2464,1281,599,362,118,16,14381
839,11-09-2025,19-Sir.M. Visveshwaraya,0,0,0,0,4,12,39,135,250,333,422,747,980,1078,954,1106,1388,2381,2564,1214,762,306,103,5,14783
840,11-09-2025,110-Kempegowda,0,0,0,0,197,657,1135,1837,2204,2234,1833,1523,1534,1516,1500,1422,1704,2230,2615,2460,1981,1377,686,136,30781
841,11-09-2025,111-KSR Railway Station,0,0,0,0,50,232,624,949,1141,1619,1102,575,484,432,417,297,360,600,737,492,404,444,182,45,11186
842,11-09-2025,112-Magadi Road,0,0,0,0,6,62,164,567,1162,1591,1253,466,328,283,243,222,287,337,368,353,193,146,77,14,8122
843,11-09-2025,113-Hosahalli,0,0,0,0,2,61,200,854,1901,2361,1587,712,430,426,320,335,348,500,477,418,245,166,78,19,11440
844,11-09-2025,114-Vijayanagar,0,0,0,0,5,114,267,958,2177,2773,1682,740,563,560,401,396,357,480,502,496,340,276,135,27,13249
845,11-09-2025,115-Attiguppe,0,0,0,0,7,59,214,728,1671,2069,1242,538,361,333,228,275,226,305,374,299,233,142,94,10,9408
846,11-09-2025,116-Deepanjali Nagar,0,0,0,0,26,84,159,323,656,826,523,255,188,181,177,113,161,163,253,190,174,97,80,7,4636
847,11-09-2025,117-Mysuru Road,0,0,0,0,7,18,145,540,1330,1706,914,390,243,368,256,332,385,356,303,246,137,73,46,10,7805
848,11-09-2025,118-Nayandahalli,0,0,0,0,6,15,53,122,262,316,170,129,97,107,83,106,128,129,160,194,114,66,32,10,2299
849,11-09-2025,119-Rajarajeshwari Nagar,0,0,0,0,0,46,161,511,979,1106,646,337,319,281,210,208,241,393,310,247,172,114,75,8,6364
850,11-09-2025,120-Jnanabharathi,0,0,0,0,1,32,105,401,827,961,531,326,213,180,212,166,173,150,148,117,87,59,30,1,4720
851,11-09-2025,121-Pattangere,0,0,0,0,0,35,99,321,667,758,375,258,249,391,339,602,1051,1019,611,337,185,89,49,2,7437
852,11-09-2025,122-Kengeri Bus Terminal,0,0,0,0,13,64,161,568,944,1056,595,434,360,314,294,277,335,450,346,254,227,135,83,3,6913
853,11-09-2025,123-Kengeri,0,0,0,0,5,31,113,427,893,924,571,333,242,216,187,194,237,238,421,298,205,98,71,2,5706
854,11-09-2025,124-Challaghatta,0,0,0,0,4,23,94,306,650,615,401,310,265,283,238,357,670,558,553,378,182,95,50,0,6032
855,11-09-2025,125-Benniganahalli,0,0,0,0,23,130,466,1461,2861,3691,3444,1920,1482,1096,870,879,1055,1446,1982,1636,1235,719,344,37,26777
856,11-09-2025,126-Krishnarajapura,0,0,0,0,44,127,380,1134,2078,2964,1794,1368,901,792,622,870,1361,1605,1578,1436,852,594,368,15,20883
857,11-09-2025,127-Singayyanapalya,0,0,0,0,0,32,82,270,707,1023,616,352,290,246,307,378,564,722,1020,756,474,360,234,34,8467
858,11-09-2025,128-Garudacharpalya,1,0,0,0,2,41,131,278,506,590,388,218,226,272,283,369,745,1212,1571,1088,552,348,192,27,9040
859,11-09-2025,129-Hoodi,0,0,0,0,0,35,136,375,767,906,623,365,267,240,233,224,371,546,895,667,402,273,140,2,7467
860,11-09-2025,130-Seetharampalya,6,0,0,0,0,37,112,200,490,604,428,254,229,296,351,671,1389,1638,1844,1294,666,484,247,0,11240
861,11-09-2025,131-Kundalahalli,0,0,0,0,0,24,72,132,247,346,291,190,249,307,453,808,1501,1691,1615,1082,618,355,149,10,10140
862,11-09-2025,132-Nallur Halli,1,0,0,0,0,26,63,205,319,357,325,295,263,322,347,654,1262,1386,1711,1257,701,412,163,12,10081
863,11-09-2025,133-Sri Sathya Sai Hospital,5,0,0,0,4,18,48,70,121,137,253,419,523,522,552,809,1639,2073,2466,1758,995,397,173,20,13002
864,11-09-2025,134-Pattandur Agrahara,1,0,0,0,0,41,54,132,212,259,272,247,382,559,642,1158,1896,2429,2709,2147,1334,668,367,41,15550
865,11-09-2025,135-Kadugodi Tree Park,1,0,0,0,6,64,163,527,1726,2552,2269,1257,573,644,424,364,506,539,681,560,402,304,110,3,13675
866,11-09-2025,136-Hopefarm Channasandra,0,0,0,0,1,10,39,134,470,708,342,190,130,90,76,83,113,157,225,160,111,42,16,0,3097
867,11-09-2025,137-Whitefield (Kadugodi),0,0,0,0,6,85,321,827,1601,1774,1231,688,394,343,326,267,295,296,341,389,190,152,44,0,9570
868,11-09-2025,21-Nagasandra,0,0,0,0,3,58,212,852,1708,1739,925,447,364,321,318,357,655,618,615,486,229,150,106,1,10164
869,11-09-2025,22-Dasarahalli,0,0,0,0,6,88,232,921,1997,1961,1060,611,561,467,372,341,421,509,481,421,336,180,76,0,11041
870,11-09-2025,23-Jalahalli,1,0,0,0,0,79,188,475,840,1016,578,411,334,355,269,288,327,528,782,502,233,166,99,5,7476
871,11-09-2025,24-Peenya Industry,0,0,0,0,0,7,43,199,315,344,194,114,108,77,77,76,104,266,323,173,82,29,24,1,2556
872,11-09-2025,25-Peenya,0,0,0,0,0,15,76,333,687,707,408,173,146,136,115,106,148,403,498,303,143,66,24,3,4490
873,11-09-2025,26-Yeshwanthpur Industry,0,0,0,0,4,83,140,398,692,734,523,311,306,285,263,294,423,568,1020,853,425,230,124,5,7681
874,11-09-2025,27-Yeshwanthpur,0,0,0,0,193,504,795,1013,1248,1207,870,667,393,665,321,442,299,621,791,745,1130,249,151,72,12376
875,11-09-2025,28-Sandal Soap Factory,0,0,0,0,1,25,111,333,707,658,464,385,393,441,495,479,770,1115,1508,1305,722,437,332,78,10759
876,11-09-2025,29-Mahalakshmi,0,0,0,0,3,40,147,576,1231,1384,907,441,446,532,375,324,321,616,706,484,308,244,73,9,9167
877,11-09-2025,210-Rajajinagar,0,0,0,0,7,48,192,697,1547,1671,1044,636,574,540,544,527,640,696,892,766,497,309,116,16,11959
878,11-09-2025,211-Kuvempu Road,0,0,0,0,1,30,104,444,933,1129,647,345,257,244,202,198,216,224,328,286,184,100,57,4,5933
879,11-09-2025,212-Srirampura,0,0,0,0,1,30,96,416,887,1074,687,356,269,290,238,218,271,292,446,341,228,131,54,7,6332
880,11-09-2025,213-Mantri Square Sampige Road,0,0,0,0,3,28,110,500,989,1274,835,630,744,852,916,903,1038,1575,1893,1730,1148,827,339,44,16378
881,11-09-2025,215-Chickpete,0,0,0,0,1,16,36,197,318,363,238,260,407,662,919,1037,1070,1173,1352,1336,1309,615,111,11,11431
882,11-09-2025,216-KR Market,0,0,0,0,0,70,188,303,546,570,473,396,526,525,594,774,1048,1074,996,942,855,347,120,25,10372
883,11-09-2025,217-National College,0,0,0,0,4,19,105,460,926,1152,857,749,712,1032,1094,1200,1445,1319,1213,1002,608,309,125,19,14350
884,11-09-2025,218-Lalbagh,0,0,0,0,0,23,65,167,356,317,261,256,257,297,351,375,551,825,1053,805,351,172,65,18,6565
885,11-09-2025,219-South End Circle,0,0,0,0,3,19,55,242,459,450,330,282,288,526,473,780,773,959,1329,1162,525,256,130,26,9067
886,11-09-2025,220-Jayanagar,0,0,0,0,1,25,101,339,713,848,670,512,553,703,743,722,1593,1385,1705,1380,836,510,202,28,13569
887,11-09-2025,221-RV Road,0,0,0,0,0,28,109,364,750,866,574,408,381,483,467,432,500,769,1155,876,567,297,138,41,9205
888,11-09-2025,222-Banashankarl,0,0,0,0,0,59,168,458,1177,1174,782,543,509,581,472,512,675,875,1058,919,497,290,137,31,10917
889,11-09-2025,223-JP Nagar,0,0,0,0,3,71,146,569,1439,1640,923,508,351,448,380,356,527,641,914,735,443,237,149,14,10494
890,11-09-2025,224-Puttenahalli,0,0,0,0,6,76,169,739,1667,2006,1003,476,378,335,262,335,520,435,603,530,275,196,87,6,10104
891,11-09-2025,225-Konanakunte Cross,0,0,0,0,5,56,188,815,1609,1654,1001,546,428,492,377,430,588,542,665,647,428,302,291,20,11084
892,11-09-2025,226-Doddakallasandra,0,0,0,0,3,23,111,530,944,987,497,314,198,205,166,172,209,241,310,244,137,100,35,1,5427
893,11-09-2025,227-Vajarahalli,0,0,0,0,2,26,89,511,864,827,483,286,274,213,175,338,367,303,344,246,150,87,35,4,5624
894,11-09-2025,228-Thalghattapura,0,0,0,0,1,13,66,272,532,537,275,129,122,119,99,104,192,151,161,119,74,51,19,0,3036
895,11-09-2025,229-Silk Institute,0,0,0,0,3,43,129,459,891,947,542,397,330,326,313,345,535,606,464,336,186,116,44,1,7013
896,11-09-2025,230-Manjunatha Nagar,0,0,0,0,0,11,36,141,208,179,103,80,48,50,24,29,41,59,57,56,42,30,21,1,1216
897,11-09-2025,231-Chikkabidarakallu,0,0,0,0,4,34,104,439,794,931,458,241,162,141,95,109,133,140,190,143,75,45,18,6,4262
898,11-09-2025,232-Madavara,0,0,0,0,1,47,125,555,1010,884,778,443,305,264,203,261,284,345,473,339,162,116,59,0,6654
899,11-09-2025,31-Ragigudda,0,0,0,0,0,0,13,87,161,159,125,139,191,191,168,159,211,243,330,221,211,126,36,17,2788
900,11-09-2025,32-Jayadeva Hospital,0,0,0,0,0,1,29,164,308,294,219,188,219,290,262,339,458,582,827,653,263,131,104,7,5338
901,11-09-2025,33-BTM Layout,0,0,0,0,0,5,28,187,524,456,276,202,186,149,128,141,143,202,279,235,164,136,60,5,3506
902,11-09-2025,34-Central Silk Board,0,0,0,0,0,4,56,171,376,364,254,180,178,182,163,256,339,488,684,633,406,206,112,15,5067
903,11-09-2025,35-Bommanahalli,0,0,0,0,0,17,46,209,475,450,275,213,174,149,136,140,206,267,488,407,224,143,60,14,4093
904,11-09-2025,36-Hongasandra,0,0,0,0,0,3,25,110,288,252,132,140,129,119,113,182,186,258,465,379,218,124,61,6,3190
905,11-09-2025,37-Kudlu Gate,0,0,0,0,0,0,25,153,319,352,195,175,132,151,132,141,198,223,465,491,206,94,49,3,3504
906,11-09-2025,38-Singasandra,0,0,0,0,0,0,12,95,188,186,142,91,70,73,81,61,58,91,130,85,61,26,29,1,1480
907,11-09-2025,39-Hosa Road,0,0,0,0,0,0,67,249,413,448,268,187,173,135,112,140,166,162,241,171,100,78,37,1,3148
908,11-09-2025,310-Beratena Agrahara,0,0,0,0,0,0,5,26,70,73,44,33,33,34,18,39,53,99,127,94,60,10,14,1,833
909,11-09-2025,311-Electronic City,0,0,0,0,0,4,46,118,247,275,189,130,160,153,145,326,360,356,387,255,166,103,42,1,3463
910,11-09-2025,312-Infosys Foundation Konappana Agrahara,0,0,0,0,0,7,82,246,415,361,248,200,259,312,332,453,605,857,817,570,376,215,70,1,6426
911,11-09-2025,313-Huskur Road,0,0,0,0,0,4,37,111,201,213,136,112,90,78,78,125,165,224,233,192,99,49,25,0,2172
912,11-09-2025,314-Biocon Hebbagodi,0,0,0,0,0,5,19,61,157,125,82,79,76,60,53,95,91,152,223,123,50,22,15,0,1488
913,11-09-2025,315-Delta Electronics Bommasandra,0,0,0,0,0,21,96,382,545,416,312,311,239,257,232,306,398,545,695,471,272,108,32,0,5638
914,12-09-2025,11-Baiyappanahalli,0,0,0,0,19,91,296,966,1979,2787,1418,712,517,467,340,445,618,883,1118,871,694,403,158,16,14798
915,12-09-2025,12-SV Road,0,0,0,0,5,55,144,381,793,796,613,397,356,367,323,538,856,1085,1158,997,530,268,128,29,9819
916,12-09-2025,13-Indiranagar,0,0,0,0,4,50,209,708,1513,1948,1372,749,779,887,929,1248,1742,2558,3479,3084,1947,1284,818,161,25469
917,12-09-2025,14-Halasuru,0,0,0,0,4,63,206,592,1207,1588,960,556,372,422,425,356,466,588,784,727,508,368,245,46,10483
918,12-09-2025,15-Trinity,0,0,0,0,2,7,70,161,346,337,325,281,370,444,506,519,857,1993,3609,2621,1199,592,370,52,14661
919,12-09-2025,16-MG Road,0,0,0,0,4,22,52,156,368,492,561,754,952,971,1094,1461,1435,2431,3749,3153,2116,1430,1215,412,22828
920,12-09-2025,17-Cubbon Park,0,0,0,0,0,16,64,223,518,491,469,426,540,623,792,821,1165,2312,3133,1948,955,434,253,37,15220
921,12-09-2025,18-Vidhana Soudha,0,0,0,0,0,13,52,101,277,277,379,456,642,803,816,847,1299,2983,2411,1231,573,339,85,8,13592
922,12-09-2025,19-Sir.M. Visveshwaraya,0,0,0,0,0,8,37,143,259,274,443,734,1003,1013,1044,1132,1358,2315,2408,1156,737,322,115,12,14513
923,12-09-2025,110-Kempegowda,0,0,0,0,170,684,1197,1687,2220,2427,1946,1740,1652,1649,1626,1481,1798,2321,2815,2587,2203,1648,992,297,33140
924,12-09-2025,111-KSR Railway Station,0,0,0,0,77,230,592,688,1239,1708,1014,592,523,516,459,324,373,729,666,580,535,561,359,33,11798
925,12-09-2025,112-Magadi Road,0,0,0,0,11,70,195,537,1088,1467,1170,496,311,337,239,279,348,372,384,407,229,128,129,23,8220
926,12-09-2025,113-Hosahalli,0,0,0,0,8,76,248,827,1827,2222,1473,677,463,428,350,387,350,505,519,426,327,191,119,38,11461
927,12-09-2025,114-Vijayanagar,0,0,0,0,9,105,291,959,2029,2544,1580,684,580,516,450,453,421,533,574,604,446,321,238,41,13378
928,12-09-2025,115-Attiguppe,0,0,0,0,8,77,224,760,1559,1878,1101,579,429,331,321,294,252,397,419,358,356,234,131,15,9723
929,12-09-2025,116-Deepanjali Nagar,0,0,0,0,24,71,150,331,585,799,469,208,229,191,146,165,196,208,230,255,217,144,108,9,4735
930,12-09-2025,117-Mysuru Road,0,0,0,0,11,31,138,503,1252,1447,751,409,259,339,295,330,400,453,360,307,186,135,81,9,7696
931,12-09-2025,118-Nayandahalli,0,0,0,0,0,21,36,140,266,273,186,112,138,106,106,104,143,131,202,192,115,111,74,7,2463
932,12-09-2025,119-Rajarajeshwari Nagar,0,0,0,0,0,48,144,486,875,1030,549,364,278,333,258,257,363,409,394,338,262,149,117,19,6673
933,12-09-2025,120-Jnanabharathi,0,0,0,0,0,31,114,379,796,887,511,263,216,202,178,229,226,229,190,212,96,74,48,5,4886
934,12-09-2025,121-Pattangere,0,0,0,0,2,37,107,314,607,705,353,329,358,716,585,736,764,952,654,387,240,123,82,4,8055
935,12-09-2025,122-Kengeri Bus Terminal,0,0,0,0,8,45,168,522,810,1011,618,442,380,354,393,322,407,565,423,454,346,205,88,6,7567
936,12-09-2025,123-Kengeri,0,0,0,0,5,33,106,344,793,940,459,301,261,223,171,263,260,385,484,414,292,203,88,2,6027
937,12-09-2025,124-Challaghatta,0,0,0,0,14,25,98,276,673,613,385,319,317,353,312,505,655,586,614,653,223,109,65,0,6795
938,12-09-2025,125-Benniganahalli,0,0,0,0,29,160,496,1426,3181,3891,2804,1681,1165,1106,1054,1021,1302,1801,2088,1936,1312,1007,403,49,27912
939,12-09-2025,126-Krishnarajapura,2,0,0,0,21,136,431,1012,2134,2654,1684,1263,751,760,664,862,1451,1663,1671,1486,1004,926,371,47,20993
940,12-09-2025,127-Singayyanapalya,0,0,0,0,2,47,93,278,707,908,517,301,299,333,314,420,550,693,912,884,567,423,439,38,8725
941,12-09-2025,128-Garudacharpalya,4,0,0,0,7,52,154,300,504,547,352,232,229,332,327,439,800,1289,1514,1047,566,406,206,12,9319
942,12-09-2025,129-Hoodi,0,0,0,0,0,39,144,334,709,808,537,305,301,304,324,374,462,632,898,755,520,388,223,4,8061
943,12-09-2025,130-Seetharampalya,1,0,0,0,0,55,130,236,477,589,406,229,284,343,394,574,1135,1471,1637,1164,750,544,339,6,10764
944,12-09-2025,131-Kundalahalli,1,0,0,0,0,32,99,147,307,343,233,242,258,406,458,786,1254,1574,1589,1077,629,351,170,7,9963
945,12-09-2025,132-Nallur Halli,0,0,0,0,0,22,78,186,297,344,295,240,269,389,382,691,1252,1377,1631,1152,666,422,211,11,9915
946,12-09-2025,133-Sri Sathya Sai Hospital,4,0,0,0,2,13,69,74,107,150,247,405,524,522,580,874,1412,1814,2052,1435,809,404,159,15,11671
947,12-09-2025,134-Pattandur Agrahara,1,0,0,0,8,36,106,158,216,231,277,317,419,686,672,1190,1634,2268,2385,1830,1179,748,413,34,14808
948,12-09-2025,135-Kadugodi Tree Park,2,0,0,0,7,70,222,558,1587,2248,1987,1130,578,586,497,454,526,627,808,827,677,485,198,3,14077
949,12-09-2025,136-Hopefarm Channasandra,0,0,0,0,0,12,42,133,441,544,306,142,115,104,93,108,130,199,238,172,115,64,32,0,2990
950,12-09-2025,137-Whitefield (Kadugodi),0,0,0,0,14,89,289,788,1546,1614,1003,561,407,366,316,241,322,360,457,406,263,145,76,0,9263
951,12-09-2025,21-Nagasandra,0,0,0,0,8,53,203,795,1628,1622,823,468,397,359,372,401,600,704,682,600,461,254,139,6,10575
952,12-09-2025,22-Dasarahalli,0,0,0,0,0,106,268,909,1802,1804,1108,642,555,496,563,432,495,633,653,547,388,265,133,8,11807
953,12-09-2025,23-Jalahalli,0,0,0,0,0,80,207,430,908,932,528,415,403,336,330,353,471,588,846,719,358,227,103,8,8242
954,12-09-2025,24-Peenya Industry,0,0,0,0,2,13,46,198,277,293,218,105,97,77,88,75,122,249,328,190,87,41,33,0,2539
955,12-09-2025,25-Peenya,0,0,0,0,1,16,88,315,607,614,450,179,153,111,140,133,143,386,601,377,182,85,39,10,4630
956,12-09-2025,26-Yeshwanthpur Industry,0,0,0,0,6,70,113,416,631,707,512,374,320,294,245,342,392,599,1061,872,456,296,164,23,7893
957,12-09-2025,27-Yeshwanthpur,0,0,0,0,83,672,740,834,976,832,1178,417,424,811,343,313,295,592,805,845,1051,639,258,49,12157
958,12-09-2025,28-Sandal Soap Factory,0,0,0,0,1,37,91,356,667,592,460,425,411,489,605,602,806,1163,1546,1303,837,524,541,79,11535
959,12-09-2025,29-Mahalakshmi,0,0,0,0,4,35,165,566,1171,1366,791,451,482,551,427,354,416,480,669,645,398,294,103,13,9381
960,12-09-2025,210-Rajajinagar,0,0,0,0,6,57,207,748,1475,1593,998,616,554,498,572,499,592,799,953,786,627,345,231,32,12188
961,12-09-2025,211-Kuvempu Road,0,0,0,0,3,31,113,434,863,1066,633,295,272,253,213,201,229,280,343,315,226,135,74,9,5988
962,12-09-2025,212-Srirampura,0,0,0,0,3,35,109,406,834,1009,646,346,285,306,203,210,262,314,500,400,248,179,93,12,6400
963,12-09-2025,213-Mantri Square Sampige Road,0,0,0,0,8,39,134,461,1042,1277,841,587,787,997,1015,1020,1046,1610,2005,1753,1247,930,566,41,17406
964,12-09-2025,215-Chickpete,0,0,0,0,2,20,67,183,316,339,230,322,425,751,858,1042,1156,1298,1342,1409,1262,594,132,17,11765
965,12-09-2025,216-KR Market,0,0,0,0,1,78,158,288,466,512,368,413,505,488,589,755,1024,1050,1049,941,865,356,149,35,10090
966,12-09-2025,217-National College,0,0,0,0,1,23,118,476,942,1125,882,689,858,1032,950,1175,1568,1203,1285,1103,661,416,203,27,14737
967,12-09-2025,218-Lalbagh,0,0,0,0,3,19,49,178,351,305,262,251,270,292,364,351,601,788,1140,748,389,185,112,11,6669
968,12-09-2025,219-South End Circle,0,0,0,0,4,32,52,237,448,463,346,283,325,527,466,691,904,957,1349,1152,523,289,148,20,9216
969,12-09-2025,220-Jayanagar,0,0,0,0,3,25,78,325,718,838,655,520,550,723,824,881,1767,1436,1653,1424,985,650,342,35,14432
970,12-09-2025,221-RV Road,0,0,0,0,1,40,107,320,644,748,553,363,465,493,441,489,667,801,1203,1002,596,384,218,38,9573
971,12-09-2025,222-Banashankarl,0,0,0,0,0,71,161,536,1115,1279,838,713,775,777,651,590,884,1047,1199,1134,687,442,235,26,13160
972,12-09-2025,223-JP Nagar,0,0,0,0,2,57,136,580,1321,1555,843,473,419,484,460,418,524,783,1024,949,559,440,222,24,11273
973,12-09-2025,224-Puttenahalli,0,0,0,0,1,70,139,678,1599,1828,948,481,526,359,317,403,584,499,794,642,344,252,122,17,10603
974,12-09-2025,225-Konanakunte Cross,0,0,0,0,7,47,217,790,1446,1534,923,635,586,540,473,551,712,701,781,803,576,447,468,34,12271
975,12-09-2025,226-Doddakallasandra,0,0,0,0,5,21,92,472,840,890,464,275,217,218,179,178,173,262,381,314,188,130,58,7,5364
976,12-09-2025,227-Vajarahalli,0,0,0,0,2,49,94,532,789,799,438,267,275,309,325,370,381,327,369,330,187,156,57,4,6060
977,12-09-2025,228-Thalghattapura,0,0,0,0,2,20,69,310,516,455,258,150,134,123,90,107,181,168,190,152,99,71,24,1,3120
978,12-09-2025,229-Silk Institute,0,0,0,0,5,25,123,460,801,886,578,437,347,402,440,377,642,746,668,527,264,109,44,2,7883
979,12-09-2025,230-Manjunatha Nagar,0,0,0,0,1,9,31,128,185,159,87,61,53,55,34,33,44,43,88,125,74,36,40,0,1286
980,12-09-2025,231-Chikkabidarakallu,0,0,0,0,3,34,118,412,835,766,422,223,183,119,132,135,156,158,187,326,129,83,42,0,4463
981,12-09-2025,232-Madavara,0,0,0,0,5,43,170,506,1006,945,611,389,311,280,224,233,312,414,506,387,241,156,63,0,6802
982,12-09-2025,31-Ragigudda,0,0,0,0,0,3,11,86,134,126,122,97,155,135,142,148,214,199,261,203,131,105,82,9,2363
983,12-09-2025,32-Jayadeva Hospital,0,0,0,0,0,1,26,132,293,282,210,209,228,261,267,317,417,580,753,606,301,186,163,22,5254
984,12-09-2025,33-BTM Layout,0,0,0,0,0,3,33,195,436,452,318,208,182,160,149,147,187,238,337,295,210,155,139,13,3857
985,12-09-2025,34-Central Silk Board,4,0,0,0,0,8,70,189,329,318,273,182,198,235,220,257,391,490,646,609,492,313,136,45,5405
986,12-09-2025,35-Bommanahalli,2,0,0,0,0,12,35,196,449,411,298,188,137,158,142,156,204,321,516,466,323,157,120,8,4299
987,12-09-2025,36-Hongasandra,0,0,0,0,0,3,29,124,285,251,114,123,86,119,132,196,204,257,452,330,220,132,60,7,3124
988,12-09-2025,37-Kudlu Gate,0,0,0,0,0,1,42,164,344,295,207,174,171,141,139,135,187,249,558,495,255,135,65,1,3758
989,12-09-2025,38-Singasandra,0,0,0,0,0,2,12,101,192,168,87,86,56,67,72,86,102,106,139,111,90,48,24,0,1549
990,12-09-2025,39-Hosa Road,0,0,0,0,0,1,51,210,411,411,275,175,126,142,110,120,199,211,269,251,144,114,42,3,3265
991,12-09-2025,310-Beratena Agrahara,0,0,0,0,0,1,6,30,59,73,54,32,44,33,26,32,58,106,121,67,54,37,7,1,841
992,12-09-2025,311-Electronic City,0,0,0,0,0,6,48,122,259,262,171,172,148,173,239,361,424,395,391,380,223,139,47,3,3963
993,12-09-2025,312-Infosys Foundation Konappana Agrahara,0,0,0,0,0,17,86,184,422,375,216,241,261,320,395,414,643,891,897,644,445,283,106,1,6841
994,12-09-2025,313-Huskur Road,2,0,0,0,0,4,41,94,218,180,113,104,93,81,125,107,189,212,235,197,107,64,44,0,2210
995,12-09-2025,314-Biocon Hebbagodi,0,0,0,0,0,8,23,50,96,125,91,69,87,83,73,80,88,131,201,149,106,52,26,0,1538
996,12-09-2025,315-Delta Electronics Bommasandra,0,0,0,0,0,12,108,372,515,450,437,343,323,256,376,424,451,666,921,617,368,217,82,0,6938
997,13-09-2025,11-Baiyappanahalli,0,0,0,0,25,119,253,583,1114,1276,908,719,728,663,603,659,689,730,620,611,364,575,164,10,11413
998,13-09-2025,12-SV Road,0,0,0,0,6,64,102,277,457,402,412,409,406,486,416,534,490,513,430,415,286,172,141,35,6453
999,13-09-2025,13-Indiranagar,0,0,0,0,9,83,216,533,812,811,847,920,1078,1174,1312,1349,1521,1891,2038,1621,1335,1012,778,163,19503
1000,13-09-2025,14-Halasuru,0,0,0,0,0,52,189,390,704,736,612,510,525,525,463,415,408,523,599,519,440,284,162,29,8085
1001,13-09-2025,15-Trinity,0,0,0,0,1,18,77,131,179,193,213,227,351,434,546,498,607,682,784,664,459,290,230,32,6616
1002,13-09-2025,16-MG Road,0,0,0,0,2,16,68,111,217,267,329,585,1051,1344,1150,1405,1634,2177,2689,2832,2552,2414,2242,654,23739
1003,13-09-2025,17-Cubbon Park,0,0,0,0,0,23,61,149,267,326,269,360,578,739,846,849,975,1314,1823,983,597,423,265,37,10884
1004,13-09-2025,18-Vidhana Soudha,0,0,0,0,0,11,47,92,176,217,264,298,480,604,693,455,599,652,841,436,269,179,72,4,6389
1005,13-09-2025,19-Sir.M. Visveshwaraya,0,0,0,0,0,14,38,112,152,190,222,444,718,760,743,628,566,581,612,675,568,339,110,10,7482
1006,13-09-2025,110-Kempegowda,0,0,0,0,152,856,1513,1863,2049,2515,2332,1967,2115,2088,2189,2136,2355,2654,2788,2631,2367,1864,1169,224,37827
1007,13-09-2025,111-KSR Railway Station,0,0,0,0,58,268,678,677,776,902,770,299,816,556,556,472,602,674,725,636,605,636,352,78,11136
1008,13-09-2025,112-Magadi Road,0,0,0,0,11,51,138,311,534,824,779,377,363,379,267,305,375,375,426,409,266,164,143,33,6530
1009,13-09-2025,113-Hosahalli,0,0,0,0,5,64,182,410,695,775,782,523,467,541,444,354,408,523,607,422,308,232,126,15,7883
1010,13-09-2025,114-Vijayanagar,0,0,0,0,14,135,207,483,823,952,849,650,720,635,587,627,586,681,675,585,462,308,205,21,10205
1011,13-09-2025,115-Attiguppe,0,0,0,0,4,106,162,403,547,627,559,526,497,449,430,451,385,462,509,415,286,227,123,16,7184
1012,13-09-2025,116-Deepanjali Nagar,0,0,0,0,21,65,128,192,340,415,351,245,302,374,197,186,161,241,264,254,273,164,107,4,4284
1013,13-09-2025,117-Mysuru Road,0,0,0,0,10,31,85,205,382,445,375,261,322,289,269,219,268,324,304,284,189,126,75,11,4474
1014,13-09-2025,118-Nayandahalli,0,0,0,0,1,40,47,76,158,146,153,99,121,146,142,168,143,188,197,241,158,102,86,20,2432
1015,13-09-2025,119-Rajarajeshwari Nagar,0,0,0,0,0,36,81,180,313,342,276,278,351,367,409,398,357,430,391,439,277,178,147,10,5260
1016,13-09-2025,120-Jnanabharathi,0,0,0,0,0,27,91,189,283,316,291,272,257,224,198,197,216,217,219,206,104,68,50,2,3427
1017,13-09-2025,121-Pattangere,0,0,0,0,2,36,96,183,239,295,310,336,390,393,344,376,333,341,322,238,164,114,48,2,4562
1018,13-09-2025,122-Kengeri Bus Terminal,0,0,0,0,5,55,128,339,389,554,595,489,447,505,471,473,509,567,457,454,308,210,114,9,7078
1019,13-09-2025,123-Kengeri,0,0,0,0,7,29,69,173,306,404,398,330,286,328,319,374,401,400,368,382,313,239,104,1,5231
1020,13-09-2025,124-Challaghatta,0,0,0,0,5,42,65,212,291,358,379,360,486,779,741,671,584,635,568,554,375,138,78,2,7323
1021,13-09-2025,125-Benniganahalli,3,0,0,0,28,185,495,1149,1801,2009,1831,1798,1555,1425,1374,1347,1736,1784,1677,1598,1176,720,432,50,24173
1022,13-09-2025,126-Krishnarajapura,0,0,0,0,69,233,377,778,1144,1281,1051,1473,1322,1160,885,1035,1043,1071,940,881,718,438,239,30,16168
1023,13-09-2025,127-Singayyanapalya,2,0,0,0,10,53,105,210,336,420,362,369,371,390,415,460,557,717,891,959,771,743,1740,171,10052
1024,13-09-2025,128-Garudacharpalya,0,0,0,0,4,71,101,244,341,296,258,261,258,477,335,419,412,433,663,458,324,320,269,73,6017
1025,13-09-2025,129-Hoodi,0,0,0,0,0,68,149,230,366,408,347,451,417,512,441,494,477,514,608,470,409,271,128,4,6764
1026,13-09-2025,130-Seetharampalya,0,0,0,0,1,102,124,200,262,340,345,430,420,436,446,474,501,582,618,448,329,220,142,7,6427
1027,13-09-2025,131-Kundalahalli,0,0,0,0,0,53,120,182,267,274,317,368,405,325,491,384,506,568,452,362,236,163,115,3,5591
1028,13-09-2025,132-Nallur Halli,0,0,0,0,0,34,76,130,174,190,304,286,401,587,441,433,467,436,502,368,238,193,106,5,5371
1029,13-09-2025,133-Sri Sathya Sai Hospital,2,0,0,0,3,7,29,67,78,96,102,180,183,204,206,255,222,285,317,139,164,70,73,16,2698
1030,13-09-2025,134-Pattandur Agrahara,3,0,0,0,3,49,77,123,107,129,142,201,230,269,281,300,407,456,449,385,260,192,154,12,4229
1031,13-09-2025,135-Kadugodi Tree Park,0,0,0,0,17,98,237,420,699,779,667,808,722,811,772,727,742,798,775,658,526,325,145,4,10730
1032,13-09-2025,136-Hopefarm Channasandra,0,0,0,0,2,25,36,72,139,101,143,175,162,135,137,178,158,186,193,139,91,59,29,1,2161
1033,13-09-2025,137-Whitefield (Kadugodi),0,0,0,0,7,66,247,1079,658,592,499,557,497,473,514,446,418,464,485,411,236,142,60,0,7851
1034,13-09-2025,21-Nagasandra,0,0,0,0,4,52,138,496,870,825,701,593,511,712,697,713,817,915,943,788,595,392,185,3,10950
1035,13-09-2025,22-Dasarahalli,0,0,0,0,0,85,224,662,1052,1132,858,765,790,641,658,715,698,724,763,673,383,280,166,15,11284
1036,13-09-2025,23-Jalahalli,0,0,0,0,0,83,182,322,555,594,527,568,572,527,459,498,532,624,824,549,382,278,157,8,8241
1037,13-09-2025,24-Peenya Industry,0,0,0,0,0,11,36,86,116,123,130,109,94,104,98,99,132,221,163,96,77,26,37,2,1760
1038,13-09-2025,25-Peenya,1,0,0,0,1,22,48,179,242,234,233,229,243,220,212,223,268,313,366,270,127,80,39,8,3558
1039,13-09-2025,26-Yeshwanthpur Industry,0,0,0,0,2,80,130,271,487,524,424,438,403,478,515,438,514,561,791,596,339,274,145,12,7422
1040,13-09-2025,27-Yeshwanthpur,0,0,0,0,178,777,637,1520,1373,798,1204,420,917,597,742,583,551,787,712,1040,1453,329,249,93,14960
1041,13-09-2025,28-Sandal Soap Factory,0,0,0,0,5,43,108,220,377,401,449,437,663,822,964,964,1209,1286,1435,1344,1087,827,736,81,13458
1042,13-09-2025,29-Mahalakshmi,0,0,0,0,2,47,131,350,673,672,605,643,698,855,855,756,759,817,962,909,705,420,143,29,11031
1043,13-09-2025,210-Rajajinagar,0,0,0,0,9,60,143,498,784,850,800,704,680,686,725,807,666,857,924,722,561,358,193,34,11061
1044,13-09-2025,211-Kuvempu Road,0,0,0,0,3,55,85,290,509,577,411,358,325,346,322,327,286,346,372,314,221,132,86,15,5380
1045,13-09-2025,212-Srirampura,0,0,0,0,2,40,85,253,505,591,514,330,353,396,354,340,356,404,418,368,285,187,86,19,5886
1046,13-09-2025,213-Mantri Square Sampige Road,0,0,0,0,0,41,106,332,607,791,699,637,955,1362,1530,1399,1547,1870,1820,1990,1521,1193,751,53,19204
1047,13-09-2025,215-Chickpete,0,0,0,0,0,12,60,162,258,341,304,382,709,1059,1545,2012,2307,2300,2527,2230,2009,1148,194,10,19569
1048,13-09-2025,216-KR Market,0,0,0,0,0,91,161,237,434,417,375,396,598,915,812,760,781,791,811,811,814,448,162,33,9847
1049,13-09-2025,217-National College,0,0,0,0,2,41,104,329,524,621,724,831,1081,1494,1182,893,1173,1082,1034,910,762,586,244,24,13641
1050,13-09-2025,218-Lalbagh,0,0,0,0,1,21,51,153,251,253,243,280,357,481,495,542,545,703,787,581,332,201,126,11,6414
1051,13-09-2025,219-South End Circle,0,0,0,0,1,42,59,182,315,281,328,335,494,832,706,555,439,648,721,568,453,265,119,17,7360
1052,13-09-2025,220-Jayanagar,0,0,0,0,3,48,108,212,389,490,525,581,801,964,1146,1183,1732,1439,1472,1335,1076,775,352,53,14684
1053,13-09-2025,221-RV Road,0,0,0,0,2,53,96,239,402,380,417,485,574,690,646,672,777,733,806,636,423,376,205,30,8642
1054,13-09-2025,222-Banashankarl,0,0,0,0,0,95,189,406,764,762,695,855,788,869,787,700,732,865,876,717,469,289,173,30,11061
1055,13-09-2025,223-JP Nagar,0,0,0,0,3,79,156,416,745,765,648,598,670,609,593,602,695,810,767,709,489,369,221,46,9990
1056,13-09-2025,224-Puttenahalli,0,0,0,0,6,73,150,419,777,778,661,619,685,604,493,451,567,554,671,520,293,247,130,13,8711
1057,13-09-2025,225-Konanakunte Cross,0,0,0,0,20,80,189,488,762,879,827,732,781,795,761,855,960,1123,1187,1146,811,562,622,41,13621
1058,13-09-2025,226-Doddakallasandra,0,0,0,0,3,24,68,250,338,317,323,350,330,384,314,292,292,324,392,296,199,165,64,5,4730
1059,13-09-2025,227-Vajarahalli,0,0,0,0,16,50,80,320,347,391,334,392,391,446,342,451,411,348,431,366,198,152,76,3,5545
1060,13-09-2025,228-Thalghattapura,0,0,0,0,1,12,33,157,229,225,192,203,200,173,128,126,197,186,225,169,65,62,42,3,2628
1061,13-09-2025,229-Silk Institute,0,0,0,0,8,29,74,297,450,539,594,647,568,572,621,560,730,770,663,682,279,128,41,1,8253
1062,13-09-2025,230-Manjunatha Nagar,0,0,0,0,3,16,43,75,144,99,92,80,63,57,55,43,65,70,86,64,29,27,26,2,1139
1063,13-09-2025,231-Chikkabidarakallu,0,0,0,0,4,32,83,243,389,357,247,279,234,232,189,191,231,256,225,195,105,71,49,0,3612
1064,13-09-2025,232-Madavara,0,0,0,0,3,53,119,356,586,505,481,485,421,406,326,372,401,435,555,484,280,151,87,0,6506
1065,13-09-2025,31-Ragigudda,0,0,0,0,0,2,22,41,83,82,95,142,177,221,225,216,254,228,268,274,189,164,98,23,2804
1066,13-09-2025,32-Jayadeva Hospital,0,0,0,0,0,8,33,103,174,177,197,225,288,344,340,304,394,431,471,398,253,159,132,23,4454
1067,13-09-2025,33-BTM Layout,0,0,0,0,0,2,49,113,284,240,230,307,312,276,270,286,310,366,362,333,230,149,122,14,4255
1068,13-09-2025,34-Central Silk Board,0,0,0,0,0,13,71,156,212,219,276,396,323,354,357,372,398,409,448,388,276,212,179,16,5075
1069,13-09-2025,35-Bommanahalli,0,0,0,0,0,8,77,143,243,304,285,313,311,310,258,294,319,323,393,381,229,146,88,16,4441
1070,13-09-2025,36-Hongasandra,0,0,0,0,0,8,33,78,154,154,176,202,199,242,180,239,231,196,272,229,144,91,51,5,2884
1071,13-09-2025,37-Kudlu Gate,0,0,0,0,0,5,64,120,187,211,265,270,300,326,217,209,238,328,437,337,166,108,41,1,3830
1072,13-09-2025,38-Singasandra,0,0,0,0,0,1,14,40,83,89,99,135,121,113,102,89,107,128,149,84,69,40,28,2,1493
1073,13-09-2025,39-Hosa Road,0,0,0,0,0,3,65,189,222,290,319,343,292,303,242,232,263,268,316,224,121,97,38,6,3833
1074,13-09-2025,310-Beratena Agrahara,0,0,0,0,0,1,5,13,38,39,47,62,48,52,44,40,64,107,108,125,39,23,18,1,874
1075,13-09-2025,311-Electronic City,0,0,0,0,0,10,55,101,195,228,329,325,261,393,338,305,328,369,306,291,178,120,68,0,4200
1076,13-09-2025,312-Infosys Foundation Konappana Agrahara,0,0,0,0,0,13,120,222,326,380,457,439,461,430,404,475,515,527,517,352,242,159,96,0,6135
1077,13-09-2025,313-Huskur Road,2,0,0,0,0,7,23,71,115,128,163,203,164,278,169,181,198,224,223,175,152,103,42,0,2621
1078,13-09-2025,314-Biocon Hebbagodi,0,0,0,0,0,4,22,55,72,86,111,119,156,108,85,108,153,140,164,114,86,51,16,0,1650
1079,13-09-2025,315-Delta Electronics Bommasandra,0,0,0,0,0,10,110,231,375,445,573,615,559,521,552,605,626,691,658,574,336,209,44,0,7734
1080,14-09-2025,11-Baiyappanahalli,0,0,0,0,0,0,96,363,399,588,564,612,613,552,456,473,510,515,462,433,952,299,140,9,8036
1081,14-09-2025,12-SV Road,0,0,0,0,0,0,38,215,237,287,340,409,463,322,347,313,386,321,316,328,171,174,83,8,4758
1082,14-09-2025,13-Indiranagar,0,0,0,0,0,0,49,327,393,496,696,904,918,998,919,1099,1278,1168,1248,1199,922,858,582,103,14157
1083,14-09-2025,14-Halasuru,0,0,0,0,0,0,36,214,273,355,426,409,457,431,420,324,342,313,472,417,275,189,102,24,5479
1084,14-09-2025,15-Trinity,0,0,0,0,0,0,19,100,112,111,139,204,276,238,356,328,332,302,388,375,267,208,171,31,3957
1085,14-09-2025,16-MG Road,0,0,0,0,0,0,27,113,114,195,213,349,504,662,1178,1368,1529,1731,2278,2465,2522,1825,1561,450,19084
1086,14-09-2025,17-Cubbon Park,0,0,0,0,0,0,18,91,146,199,251,473,559,654,790,872,1055,1188,1470,808,485,337,198,33,9627
1087,14-09-2025,18-Vidhana Soudha,0,0,0,0,0,0,2,82,143,214,220,312,417,535,599,581,577,599,1109,463,204,123,70,12,6262
1088,14-09-2025,19-Sir.M. Visveshwaraya,0,0,0,0,0,0,12,74,80,104,171,221,275,369,299,309,352,310,355,294,212,140,70,9,3656
1089,14-09-2025,110-Kempegowda,0,0,0,0,0,0,688,2175,1882,2097,2731,2683,2748,2581,2800,2778,3046,3270,3357,2858,2394,1925,1378,294,41685
1090,14-09-2025,111-KSR Railway Station,0,0,0,0,0,0,85,863,488,597,721,676,596,671,664,499,733,896,962,914,782,1151,485,199,11982
1091,14-09-2025,112-Magadi Road,0,0,0,0,0,0,35,148,211,366,423,399,364,428,314,332,370,391,348,349,201,166,164,9,5018
1092,14-09-2025,113-Hosahalli,0,0,0,0,0,0,35,207,250,378,454,484,522,483,358,370,451,431,413,343,269,178,129,25,5780
1093,14-09-2025,114-Vijayanagar,0,0,0,0,0,0,70,281,336,405,567,632,649,568,543,572,597,756,598,511,398,278,213,31,8005
1094,14-09-2025,115-Attiguppe,0,0,0,0,0,0,33,229,230,305,359,384,417,382,343,344,467,527,379,293,235,286,153,14,5380
1095,14-09-2025,116-Deepanjali Nagar,0,0,0,0,0,0,61,125,178,167,253,262,269,245,167,202,177,212,260,224,163,167,147,20,3299
1096,14-09-2025,117-Mysuru Road,0,0,0,0,0,0,31,102,151,165,229,251,226,242,221,186,205,246,210,177,107,123,62,10,2944
1097,14-09-2025,118-Nayandahalli,0,0,0,0,0,0,13,42,54,79,126,107,136,177,114,159,146,208,232,157,149,103,102,24,2128
1098,14-09-2025,119-Rajarajeshwari Nagar,0,0,0,0,0,0,10,127,120,184,293,324,279,304,338,282,344,395,344,369,242,182,107,21,4265
1099,14-09-2025,120-Jnanabharathi,0,0,0,0,0,0,10,89,123,194,193,227,244,195,158,167,180,184,228,167,138,89,110,7,2703
1100,14-09-2025,121-Pattangere,0,0,0,0,0,0,22,91,136,179,211,308,277,215,238,231,238,229,193,212,110,89,62,7,3048
1101,14-09-2025,122-Kengeri Bus Terminal,0,0,0,0,0,0,45,180,262,404,445,636,534,512,398,485,572,689,578,504,470,274,146,13,7147
1102,14-09-2025,123-Kengeri,0,0,0,0,0,0,36,113,129,254,311,332,321,256,330,323,427,501,615,656,439,400,283,6,5732
1103,14-09-2025,124-Challaghatta,0,0,0,0,0,0,79,144,224,354,507,713,577,566,575,474,495,387,491,514,266,193,63,2,6624
1104,14-09-2025,125-Benniganahalli,0,0,0,0,0,2,249,819,940,1186,1418,1621,1534,1352,1310,1205,1392,1484,1448,1273,1051,773,469,73,19599
1105,14-09-2025,126-Krishnarajapura,0,0,0,0,0,0,148,442,544,833,766,1057,1173,916,805,876,753,922,775,845,972,509,228,90,12654
1106,14-09-2025,127-Singayyanapalya,0,0,0,0,0,0,41,114,187,292,334,380,405,391,392,437,599,651,672,760,644,544,440,36,7319
1107,14-09-2025,128-Garudacharpalya,0,0,0,0,0,0,26,132,177,187,247,263,232,333,226,297,269,305,395,272,217,263,162,9,4012
1108,14-09-2025,129-Hoodi,0,0,0,0,0,0,40,164,231,264,359,422,439,409,406,401,430,367,486,460,302,225,102,9,5516
1109,14-09-2025,130-Seetharampalya,2,0,0,0,0,0,39,139,207,265,243,432,328,333,328,342,342,380,429,246,203,126,88,8,4480
1110,14-09-2025,131-Kundalahalli,0,0,0,0,0,0,30,116,118,178,249,322,368,270,337,294,343,322,303,218,163,99,57,0,3787
1111,14-09-2025,132-Nallur Halli,0,0,0,0,0,0,8,125,137,181,205,251,201,214,304,225,309,222,266,151,142,109,55,8,3113
1112,14-09-2025,133-Sri Sathya Sai Hospital,1,0,0,0,0,0,6,39,70,76,72,87,77,79,106,86,133,134,156,105,71,67,26,7,1398
1113,14-09-2025,134-Pattandur Agrahara,2,0,0,0,0,0,24,68,71,90,134,158,155,198,221,236,229,251,233,255,180,134,135,21,2795
1114,14-09-2025,135-Kadugodi Tree Park,3,0,0,0,0,0,82,260,344,446,609,657,650,656,602,617,675,590,654,480,356,247,126,8,8062
1115,14-09-2025,136-Hopefarm Channasandra,0,0,0,0,0,1,35,44,78,89,100,150,122,123,123,101,137,132,145,87,59,42,22,0,1590
1116,14-09-2025,137-Whitefield (Kadugodi),0,0,0,0,0,0,52,259,267,359,364,479,512,426,461,448,362,427,414,397,285,153,69,0,5734
1117,14-09-2025,21-Nagasandra,0,0,0,0,0,0,41,208,361,423,570,603,707,499,545,666,837,832,909,819,648,489,325,5,9487
1118,14-09-2025,22-Dasarahalli,0,0,0,0,0,0,1,450,501,705,823,952,851,692,585,541,601,618,648,579,402,356,186,10,9501
1119,14-09-2025,23-Jalahalli,0,0,0,0,0,0,0,325,297,459,681,767,821,684,409,544,588,511,484,544,336,245,164,8,7867
1120,14-09-2025,24-Peenya Industry,0,0,0,0,0,0,16,28,53,64,73,103,95,106,97,64,93,90,57,72,39,22,11,2,1085
1121,14-09-2025,25-Peenya,0,0,0,0,0,0,15,74,93,134,170,184,232,199,164,153,181,211,240,165,99,103,65,4,2486
1122,14-09-2025,26-Yeshwanthpur Industry,0,0,0,0,0,0,80,207,221,339,425,580,468,459,406,438,419,475,539,538,403,359,209,32,6597
1123,14-09-2025,27-Yeshwanthpur,0,0,0,0,0,0,294,1545,911,695,576,656,766,941,583,603,356,738,668,704,1478,1446,538,71,13569
1124,14-09-2025,28-Sandal Soap Factory,0,0,0,0,0,0,36,144,191,282,380,459,688,820,1042,1030,1161,1197,1286,1311,1095,816,649,62,12649
1125,14-09-2025,29-Mahalakshmi,0,0,0,0,0,0,16,174,254,398,544,662,1000,961,1000,921,817,673,811,872,676,340,135,12,10266
1126,14-09-2025,210-Rajajinagar,0,0,0,0,0,0,42,222,310,430,566,668,678,662,588,555,642,637,640,493,392,374,208,33,8140
1127,14-09-2025,211-Kuvempu Road,0,0,0,0,0,0,24,134,176,289,288,369,333,252,225,301,316,261,302,210,157,147,81,7,3872
1128,14-09-2025,212-Srirampura,0,0,0,0,0,0,21,137,174,313,379,356,353,309,312,305,360,343,310,251,204,163,64,12,4366
1129,14-09-2025,213-Mantri Square Sampige Road,0,0,0,0,0,0,27,166,233,489,518,590,781,860,1163,1205,1666,1668,1645,1713,1392,1039,695,61,15911
1130,14-09-2025,215-Chickpete,0,0,0,0,0,0,20,197,414,663,967,1078,1942,2294,2844,3286,2709,2811,2593,1774,932,262,68,5,24859
1131,14-09-2025,216-KR Market,0,0,0,0,0,0,76,301,321,307,363,503,613,677,740,693,704,621,660,647,453,248,118,24,8069
1132,14-09-2025,217-National College,0,0,0,0,0,0,21,165,225,360,495,608,720,710,868,722,775,694,731,650,470,337,167,13,8731
1133,14-09-2025,218-Lalbagh,0,0,0,0,0,0,32,74,147,216,225,282,351,416,514,516,638,638,866,575,158,123,70,11,5852
1134,14-09-2025,219-South End Circle,0,0,0,0,0,0,29,76,131,168,273,377,348,456,341,339,527,542,678,272,241,161,102,12,5073
1135,14-09-2025,220-Jayanagar,0,0,0,0,0,0,44,148,184,323,482,530,618,779,817,958,1059,1129,1208,993,836,609,288,33,11038
1136,14-09-2025,221-RV Road,0,0,0,0,0,0,25,138,186,248,374,476,455,438,405,471,569,583,525,399,351,275,175,26,6119
1137,14-09-2025,222-Banashankarl,0,0,0,0,0,0,69,276,346,477,646,874,833,773,658,631,590,675,633,563,356,244,157,21,8822
1138,14-09-2025,223-JP Nagar,0,0,0,0,0,0,68,263,254,381,532,713,738,488,472,521,642,644,583,561,365,311,159,23,7718
1139,14-09-2025,224-Puttenahalli,0,0,0,0,0,0,61,223,268,403,443,554,520,482,380,415,481,417,404,401,293,209,111,5,6070
1140,14-09-2025,225-Konanakunte Cross,0,0,0,0,0,0,44,241,309,469,611,732,834,767,811,846,1062,1043,1117,1107,774,629,578,40,12014
1141,14-09-2025,226-Doddakallasandra,0,0,0,0,0,0,22,102,144,221,204,285,335,279,304,287,248,320,275,247,184,111,74,2,3644
1142,14-09-2025,227-Vajarahalli,0,0,0,0,0,0,17,129,197,238,270,334,338,287,321,346,313,279,337,254,169,134,51,6,4020
1143,14-09-2025,228-Thalghattapura,0,0,0,0,0,0,7,53,140,197,141,204,214,125,127,143,142,186,211,152,93,38,31,0,2204
1144,14-09-2025,229-Silk Institute,0,0,0,0,0,0,75,213,283,361,568,628,527,483,441,476,532,555,485,429,285,111,63,0,6515
1145,14-09-2025,230-Manjunatha Nagar,0,0,0,0,0,0,8,28,31,66,70,85,76,57,50,52,68,48,67,104,121,76,74,0,1081
1146,14-09-2025,231-Chikkabidarakallu,0,0,0,0,0,0,27,107,148,181,214,236,254,193,177,212,202,209,254,200,92,97,48,2,2853
1147,14-09-2025,232-Madavara,0,0,0,0,0,0,47,163,273,362,529,564,553,446,365,446,435,476,551,586,504,506,262,0,7068
1148,14-09-2025,31-Ragigudda,0,0,0,0,0,0,4,22,26,54,59,105,110,143,162,142,191,186,172,243,139,96,76,4,1934
1149,14-09-2025,32-Jayadeva Hospital,0,0,0,0,0,0,6,65,67,123,142,212,176,235,265,344,313,321,256,338,161,103,120,33,3280
1150,14-09-2025,33-BTM Layout,0,0,0,0,0,0,23,85,118,177,245,273,253,307,289,335,342,294,333,244,174,143,111,29,3775
1151,14-09-2025,34-Central Silk Board,0,0,0,0,0,0,42,98,127,150,272,315,320,339,363,305,368,316,324,312,269,201,149,21,4291
1152,14-09-2025,35-Bommanahalli,1,0,0,0,0,0,18,123,139,193,259,313,280,239,304,287,294,295,317,273,190,131,77,18,3751
1153,14-09-2025,36-Hongasandra,0,0,0,0,0,0,11,41,80,100,132,184,154,177,174,153,155,193,218,155,96,71,30,3,2127
1154,14-09-2025,37-Kudlu Gate,0,0,0,0,0,2,45,84,92,145,220,256,262,229,212,236,261,232,236,187,118,64,52,0,2933
1155,14-09-2025,38-Singasandra,0,0,0,0,0,0,3,13,46,50,84,112,121,114,124,116,107,135,106,90,53,42,12,4,1332
1156,14-09-2025,39-Hosa Road,0,0,0,0,0,0,28,86,195,259,299,350,350,282,241,240,285,290,300,203,135,92,42,0,3677
1157,14-09-2025,310-Beratena Agrahara,0,0,0,0,0,0,3,9,39,22,39,55,79,57,84,55,62,64,65,28,31,29,10,1,732
1158,14-09-2025,311-Electronic City,0,0,0,0,0,0,28,93,106,185,291,378,334,292,273,303,273,313,278,220,124,89,28,0,3608
1159,14-09-2025,312-Infosys Foundation Konappana Agrahara,0,0,0,0,0,0,88,160,193,272,449,507,485,415,396,431,468,382,425,305,206,161,91,1,5435
1160,14-09-2025,313-Huskur Road,0,0,0,0,0,0,18,57,70,124,127,172,211,152,186,191,198,213,227,223,134,126,55,5,2489
1161,14-09-2025,314-Biocon Hebbagodi,0,0,0,0,0,0,20,40,81,118,137,166,155,114,133,138,181,149,164,118,88,66,17,0,1885
1162,14-09-2025,315-Delta Electronics Bommasandra,0,0,0,0,0,0,87,195,319,451,602,743,730,519,428,514,497,477,492,375,216,135,25,0,6805
1163,15-09-2025,11-Baiyappanahalli,0,0,0,0,23,116,358,1288,2115,3079,1669,725,508,482,353,391,519,889,1226,983,458,294,117,20,15613
1164,15-09-2025,12-SV Road,0,0,0,0,10,48,152,440,818,899,659,418,368,390,338,550,970,1201,1289,918,545,154,142,22,10331
1165,15-09-2025,13-Indiranagar,0,0,0,0,5,78,223,783,1547,2094,1451,760,768,781,785,1213,1554,2318,3661,2970,1518,747,404,58,23718
1166,15-09-2025,14-Halasuru,0,0,0,0,1,53,187,673,1194,1526,979,519,424,381,362,353,411,587,741,598,389,218,112,16,9724
1167,15-09-2025,15-Trinity,0,0,0,0,10,21,64,184,345,343,325,289,329,406,400,585,839,1945,3916,2951,1152,451,212,28,14795
1168,15-09-2025,16-MG Road,0,0,0,0,2,22,75,201,395,449,406,754,1030,825,1106,1406,1579,2386,3860,3125,1635,981,595,123,20955
1169,15-09-2025,17-Cubbon Park,0,0,0,0,6,19,69,303,559,561,456,410,580,563,613,840,1099,2179,3497,2179,942,440,208,37,15560
1170,15-09-2025,18-Vidhana Soudha,0,0,0,0,2,7,49,165,275,317,400,478,626,783,963,1019,1327,2983,2776,1326,572,257,57,7,14389
1171,15-09-2025,19-Sir.M. Visveshwaraya,0,0,0,0,0,9,54,197,264,309,437,787,1039,1046,972,1047,1383,2428,2351,1211,752,360,98,6,14750
1172,15-09-2025,110-Kempegowda,0,0,0,48,828,1674,2223,2395,2721,2944,2023,1998,1694,1743,1802,1613,1854,2197,2738,2587,1932,1377,824,163,37378
1173,15-09-2025,111-KSR Railway Station,0,0,0,1,280,391,1128,1437,1703,2156,876,1314,747,545,436,323,468,624,808,530,394,575,225,78,15039
1174,15-09-2025,112-Magadi Road,0,0,0,0,9,78,208,648,1157,1479,1176,497,312,373,247,244,357,326,401,310,234,130,51,13,8250
1175,15-09-2025,113-Hosahalli,0,0,0,0,3,70,257,963,1922,2379,1444,642,472,429,302,299,358,467,513,409,283,166,72,14,11464
1176,15-09-2025,114-Vijayanagar,0,0,0,0,25,123,288,1040,2095,2650,1572,747,537,494,424,360,420,420,523,523,370,234,146,24,13015
1177,15-09-2025,115-Attiguppe,0,0,0,0,17,76,255,818,1729,2048,1164,541,437,370,308,270,249,328,342,330,234,167,89,17,9789
1178,15-09-2025,116-Deepanjali Nagar,0,0,0,0,65,131,207,440,759,815,506,275,227,191,133,145,204,194,229,207,146,110,69,14,5067
1179,15-09-2025,117-Mysuru Road,0,0,0,0,5,50,165,578,1313,1697,837,379,221,277,302,334,423,402,286,224,136,82,62,3,7776
1180,15-09-2025,118-Nayandahalli,0,0,0,0,1,20,64,151,305,360,190,97,92,106,98,98,129,123,171,169,89,64,44,11,2382
1181,15-09-2025,119-Rajarajeshwari Nagar,0,0,0,0,4,51,189,560,982,1089,577,386,253,330,248,216,306,338,330,256,185,145,84,10,6539
1182,15-09-2025,120-Jnanabharathi,0,0,0,0,1,41,132,458,876,1010,509,277,220,199,223,205,179,197,194,144,70,59,40,4,5038
1183,15-09-2025,121-Pattangere,0,0,0,0,7,40,110,362,665,740,360,231,287,510,426,583,1140,791,706,279,160,76,37,0,7510
1184,15-09-2025,122-Kengeri Bus Terminal,0,0,0,0,26,75,315,796,1113,1090,662,535,332,416,337,388,354,409,358,307,206,143,81,3,7946
1185,15-09-2025,123-Kengeri,0,0,0,0,9,82,381,823,1276,1321,700,422,326,249,224,239,297,263,418,296,241,142,60,1,7770
1186,15-09-2025,124-Challaghatta,0,0,0,0,9,57,136,366,736,725,388,276,346,401,306,639,635,532,484,344,140,63,45,1,6629
1187,15-09-2025,125-Benniganahalli,0,0,0,0,152,275,731,2087,3509,4203,3627,1856,1334,1096,1014,863,1164,1610,1770,1604,1120,509,302,42,28868
1188,15-09-2025,126-Krishnarajapura,0,0,0,9,76,312,587,1380,2493,2831,1896,1397,1133,937,609,776,1316,1567,1498,1250,754,599,282,20,21722
1189,15-09-2025,127-Singayyanapalya,1,0,0,0,3,47,83,288,676,984,570,332,305,296,318,483,546,686,949,804,464,341,308,20,8504
1190,15-09-2025,128-Garudacharpalya,0,0,0,0,6,54,121,264,546,537,411,236,191,272,248,348,657,1143,1587,1056,483,288,134,12,8594
1191,15-09-2025,129-Hoodi,0,0,0,0,6,34,134,400,789,842,625,321,262,264,245,288,351,567,774,674,364,189,89,1,7219
1192,15-09-2025,130-Seetharampalya,0,0,0,0,3,32,113,248,520,636,444,244,219,234,372,593,1178,1499,1631,1081,526,354,164,9,10100
1193,15-09-2025,131-Kundalahalli,0,0,0,0,0,16,70,138,297,300,264,211,191,238,383,786,1497,1500,1589,1049,521,287,114,1,9452
1194,15-09-2025,132-Nallur Halli,1,0,0,0,0,15,67,187,323,380,319,241,284,285,336,543,1168,1353,1636,1152,636,330,127,26,9409
1195,15-09-2025,133-Sri Sathya Sai Hospital,4,0,0,0,1,14,28,72,107,128,234,353,435,422,462,784,1527,1948,2411,1645,944,409,142,22,12092
1196,15-09-2025,134-Pattandur Agrahara,2,0,0,0,0,11,34,91,175,238,273,267,352,493,586,1060,1745,2137,2489,1909,1084,683,316,25,13970
1197,15-09-2025,135-Kadugodi Tree Park,1,0,0,0,9,69,230,610,1641,2416,2066,1153,540,652,434,404,438,458,565,487,374,220,120,3,12890
1198,15-09-2025,136-Hopefarm Channasandra,0,0,0,0,7,19,60,160,492,744,353,150,104,95,54,80,91,106,186,153,63,36,24,0,2977
1199,15-09-2025,137-Whitefield (Kadugodi),0,0,0,0,24,106,368,867,1689,1914,1234,619,369,345,339,241,275,318,364,374,184,140,47,0,9817
1200,15-09-2025,21-Nagasandra,0,0,0,0,11,104,297,1043,1828,1837,982,459,406,327,337,331,592,609,672,480,260,155,140,4,10874
1201,15-09-2025,22-Dasarahalli,0,0,0,0,15,132,389,1101,1985,2001,1101,670,528,477,390,438,503,532,602,530,304,211,109,3,12021
1202,15-09-2025,23-Jalahalli,0,0,0,0,31,114,289,694,1054,1043,641,453,389,349,331,283,408,532,746,537,270,177,80,10,8431
1203,15-09-2025,24-Peenya Industry,0,0,0,0,2,20,36,196,335,350,194,97,70,66,90,59,86,274,375,166,49,34,15,0,2514
1204,15-09-2025,25-Peenya,0,0,0,0,4,29,96,439,703,745,437,185,142,122,121,106,166,329,488,313,111,56,23,2,4617
1205,15-09-2025,26-Yeshwanthpur Industry,0,0,0,0,37,170,346,647,1019,913,673,402,323,300,341,370,426,581,1028,798,423,229,129,13,9168
1206,15-09-2025,27-Yeshwanthpur,0,0,0,1,573,1501,1417,1761,1368,2004,1547,538,887,786,496,310,384,768,822,813,1456,307,153,131,18023
1207,15-09-2025,28-Sandal Soap Factory,0,0,0,0,6,52,152,458,735,694,461,326,393,423,462,563,710,987,1618,1404,705,372,370,49,10940
1208,15-09-2025,29-Mahalakshmi,0,0,0,0,7,62,224,618,1205,1370,838,493,464,518,465,291,389,501,711,601,390,188,71,16,9422
1209,15-09-2025,210-Rajajinagar,0,0,0,0,9,83,249,852,1458,1630,997,612,567,533,538,578,586,729,917,748,526,278,150,15,12055
1210,15-09-2025,211-Kuvempu Road,0,0,0,0,3,38,116,482,898,1128,616,330,276,232,186,165,234,245,284,316,177,76,52,4,5858
1211,15-09-2025,212-Srirampura,0,0,0,0,2,25,134,462,900,1051,590,335,271,252,250,245,283,304,446,335,233,171,63,6,6358
1212,15-09-2025,213-Mantri Square Sampige Road,0,0,0,0,2,32,130,607,1019,1239,837,608,780,970,913,742,1047,1482,1898,1616,1025,677,394,35,16053
1213,15-09-2025,215-Chickpete,0,0,0,0,1,16,73,203,318,371,291,329,463,708,922,1004,1075,1332,1442,1354,1308,619,133,13,11975
1214,15-09-2025,216-KR Market,0,0,0,0,28,147,222,422,528,508,462,426,590,612,665,739,1128,1060,985,894,701,316,118,32,10583
1215,15-09-2025,217-National College,0,0,0,0,0,22,120,513,1006,1106,899,569,685,1028,1272,1485,1548,1256,1134,1026,661,311,119,18,14778
1216,15-09-2025,218-Lalbagh,0,0,0,0,14,41,82,201,362,306,256,255,224,300,275,426,623,781,1125,843,354,170,64,12,6714
1217,15-09-2025,219-South End Circle,0,0,0,0,6,30,62,267,453,458,346,312,319,537,514,898,767,902,1387,1114,499,252,99,19,9241
1218,15-09-2025,220-Jayanagar,0,0,0,1,4,49,106,370,770,873,620,502,643,713,715,786,1597,1354,1561,1452,804,457,177,15,13569
1219,15-09-2025,221-RV Road,0,0,0,0,6,47,131,405,717,778,557,425,371,375,397,435,548,699,1052,856,476,260,145,16,8696
1220,15-09-2025,222-Banashankarl,0,0,0,0,10,66,206,570,1134,1240,835,576,563,655,567,501,652,840,1107,898,409,263,144,26,11262
1221,15-09-2025,223-JP Nagar,0,0,0,0,9,74,151,674,1439,1622,869,515,464,469,388,346,477,595,942,704,422,262,128,16,10566
1222,15-09-2025,224-Puttenahalli,0,0,0,0,5,61,201,798,1808,1845,1021,422,438,345,274,381,472,462,618,490,254,180,73,2,10150
1223,15-09-2025,225-Konanakunte Cross,0,0,0,0,18,77,232,941,1630,1619,963,674,512,471,474,450,590,592,650,705,463,323,338,19,11741
1224,15-09-2025,226-Doddakallasandra,0,0,0,0,5,28,116,609,937,962,484,312,241,183,150,167,274,241,311,305,151,100,34,1,5611
1225,15-09-2025,227-Vajarahalli,0,0,0,0,5,38,117,570,844,826,493,305,266,213,200,419,492,290,300,255,143,111,39,2,5928
1226,15-09-2025,228-Thalghattapura,0,0,0,0,5,19,60,333,525,533,274,173,142,101,83,113,166,149,149,162,58,51,25,0,3121
1227,15-09-2025,229-Silk Institute,0,0,0,0,8,64,180,603,966,980,618,445,322,431,444,450,593,504,490,378,265,111,40,1,7893
1228,15-09-2025,230-Manjunatha Nagar,0,0,0,0,4,13,48,140,252,187,98,73,43,41,27,33,35,50,55,47,38,24,22,0,1230
1229,15-09-2025,231-Chikkabidarakallu,0,0,0,0,5,38,140,464,814,841,445,239,182,141,117,134,130,130,179,135,67,48,18,0,4267
1230,15-09-2025,232-Madavara,0,0,0,0,13,82,250,732,1265,1110,621,424,352,290,243,289,328,339,455,359,215,133,87,0,7587
1231,15-09-2025,31-Ragigudda,0,0,0,0,0,5,25,94,143,141,103,130,132,119,158,161,204,208,306,212,121,67,54,11,2394
1232,15-09-2025,32-Jayadeva Hospital,0,0,0,0,0,3,27,137,294,290,222,208,243,245,292,346,472,498,770,689,290,140,72,7,5245
1233,15-09-2025,33-BTM Layout,0,0,0,0,0,5,42,253,494,464,309,196,164,156,133,128,154,192,261,273,164,117,63,6,3574
1234,15-09-2025,34-Central Silk Board,0,0,0,0,0,27,70,195,399,409,267,222,197,259,217,199,336,474,648,600,372,196,116,9,5212
1235,15-09-2025,35-Bommanahalli,0,0,0,0,0,8,103,278,489,479,312,229,181,155,131,167,213,241,435,395,230,164,51,7,4268
1236,15-09-2025,36-Hongasandra,0,0,0,0,0,1,22,137,294,234,139,157,107,127,118,147,179,243,423,356,177,91,46,5,3003
1237,15-09-2025,37-Kudlu Gate,0,0,0,0,0,11,36,180,369,327,199,160,132,204,110,143,254,253,501,434,155,72,51,1,3592
1238,15-09-2025,38-Singasandra,0,0,0,0,0,0,32,97,174,167,115,89,71,71,66,46,61,120,136,110,50,38,34,0,1477
1239,15-09-2025,39-Hosa Road,0,0,0,0,0,3,76,260,484,452,262,200,163,140,112,137,177,156,261,175,115,62,31,0,3266
1240,15-09-2025,310-Beratena Agrahara,2,0,0,0,0,2,5,34,61,71,43,26,40,26,35,24,42,81,108,67,24,21,10,0,722
1241,15-09-2025,311-Electronic City,0,0,0,0,0,2,61,128,282,270,203,192,167,200,182,325,412,353,284,245,150,109,36,0,3601
1242,15-09-2025,312-Infosys Foundation Konappana Agrahara,0,0,0,0,0,25,143,259,487,398,307,186,233,260,318,382,521,720,784,557,267,183,68,0,6098
1243,15-09-2025,313-Huskur Road,0,0,0,0,0,7,57,114,265,192,112,91,94,80,75,114,180,190,214,226,83,46,21,1,2162
1244,15-09-2025,314-Biocon Hebbagodi,0,0,0,0,0,5,42,69,147,133,91,80,58,72,57,49,98,111,173,133,49,47,13,0,1427
1245,15-09-2025,315-Delta Electronics Bommasandra,0,0,0,0,0,13,168,374,561,492,398,327,260,261,269,329,346,550,694,430,169,109,31,0,5781
1246,16-09-2025,11-Baiyappanahalli,0,0,0,0,23,84,296,935,2277,3318,1686,735,478,490,305,469,614,965,1185,837,423,547,193,32,15892
1247,16-09-2025,12-SV Road,0,0,0,0,13,61,127,435,891,881,711,478,368,389,396,594,1036,1374,1386,1088,485,204,119,25,11061
1248,16-09-2025,13-Indiranagar,0,0,0,0,6,39,202,792,1584,2155,1506,808,762,860,929,1186,1700,2626,3760,2956,1638,853,415,92,24869
1249,16-09-2025,14-Halasuru,0,0,0,0,1,38,192,621,1275,1677,1055,575,451,387,420,383,454,582,839,663,455,306,105,18,10497
1250,16-09-2025,15-Trinity,0,0,0,0,3,32,58,195,375,416,346,318,339,425,452,572,870,2145,4125,2902,1319,469,197,36,15594
1251,16-09-2025,16-MG Road,0,0,0,0,1,24,89,176,415,488,378,817,833,861,1059,1439,1593,2533,3943,3364,1754,1009,668,139,21583
1252,16-09-2025,17-Cubbon Park,0,0,0,0,3,14,83,258,556,563,494,363,609,627,669,928,1351,2529,3490,2149,1023,448,209,47,16413
1253,16-09-2025,18-Vidhana Soudha,0,0,0,0,0,6,39,125,266,345,450,462,578,840,739,923,1129,3143,2717,1261,517,259,68,4,13871
1254,16-09-2025,19-Sir.M. Visveshwaraya,0,0,0,0,1,6,42,154,228,322,434,813,1026,925,982,983,1405,2659,2388,1223,775,298,123,12,14799
1255,16-09-2025,110-Kempegowda,0,0,0,0,233,1006,1375,1743,2251,2321,1753,1659,1608,1509,1448,1420,1531,2193,2556,2339,1912,1160,710,127,30854
1256,16-09-2025,111-KSR Railway Station,0,0,0,0,100,481,777,632,1479,1873,985,671,756,484,332,303,374,631,609,469,353,500,205,46,12060
1257,16-09-2025,112-Magadi Road,0,0,0,0,7,67,183,605,1163,1552,1243,481,298,353,245,264,304,358,397,277,218,135,88,11,8249
1258,16-09-2025,113-Hosahalli,0,0,0,0,2,58,228,960,1985,2480,1647,667,495,395,337,363,401,470,542,391,287,169,73,12,11962
1259,16-09-2025,114-Vijayanagar,0,0,0,0,10,94,298,1036,2184,2880,1607,722,575,479,420,377,402,475,511,498,365,261,170,20,13384
1260,16-09-2025,115-Attiguppe,0,0,0,0,6,74,288,872,1759,2135,1224,612,428,326,296,235,260,360,385,293,186,156,64,8,9967
1261,16-09-2025,116-Deepanjali Nagar,0,0,0,0,50,119,143,373,660,845,511,248,203,206,137,111,178,201,245,217,168,79,97,8,4799
1262,16-09-2025,117-Mysuru Road,0,0,0,0,6,31,149,595,1464,1721,927,410,234,329,318,311,296,316,490,310,143,72,44,9,8175
1263,16-09-2025,118-Nayandahalli,0,0,0,0,1,21,48,133,284,291,220,103,88,105,105,111,123,121,172,160,116,90,64,6,2362
1264,16-09-2025,119-Rajarajeshwari Nagar,0,0,0,0,0,39,158,547,1094,1143,658,342,276,277,203,202,338,390,293,259,138,131,65,6,6559
1265,16-09-2025,120-Jnanabharathi,0,0,0,0,0,21,106,453,915,964,530,286,253,155,205,169,165,187,165,120,87,59,28,5,4873
1266,16-09-2025,121-Pattangere,0,0,0,0,0,46,106,347,732,803,367,207,237,404,364,772,1198,1018,669,271,181,105,36,4,7867
1267,16-09-2025,122-Kengeri Bus Terminal,0,0,0,0,6,63,203,582,1030,1038,685,482,392,448,300,311,448,368,330,280,236,154,63,3,7422
1268,16-09-2025,123-Kengeri,0,0,0,0,3,36,156,542,1051,995,563,388,265,205,186,186,263,267,352,240,170,111,61,6,6046
1269,16-09-2025,124-Challaghatta,0,0,0,0,2,29,104,307,682,644,468,287,255,407,390,545,769,573,568,345,150,94,27,0,6646
1270,16-09-2025,125-Benniganahalli,0,0,0,0,48,197,537,1594,3249,4425,3417,1927,1332,1094,1015,894,1288,1620,1962,1636,999,526,294,31,28085
1271,16-09-2025,126-Krishnarajapura,1,0,0,0,33,154,393,1119,2352,3036,1933,1428,1054,760,604,849,1246,1738,1617,1372,886,609,223,26,21433
1272,16-09-2025,127-Singayyanapalya,0,0,0,0,1,42,92,283,699,1027,625,379,294,263,292,372,657,833,986,825,457,384,256,30,8797
1273,16-09-2025,128-Garudacharpalya,0,0,0,0,2,46,122,281,533,588,405,279,181,267,315,405,744,1370,1728,1166,507,369,165,27,9500
1274,16-09-2025,129-Hoodi,0,0,0,0,0,42,132,365,806,953,669,359,255,282,235,249,363,581,795,651,384,290,121,3,7535
1275,16-09-2025,130-Seetharampalya,0,0,0,0,0,31,99,243,524,701,457,268,240,304,409,577,1374,1699,1883,1292,634,386,251,10,11382
1276,16-09-2025,131-Kundalahalli,0,0,0,0,0,14,80,152,260,307,334,211,248,253,457,826,1702,1882,1783,1249,607,334,143,8,10850
1277,16-09-2025,132-Nallur Halli,0,0,0,0,0,12,71,187,355,412,317,234,222,342,413,714,1424,1576,1848,1362,728,457,147,13,10834
1278,16-09-2025,133-Sri Sathya Sai Hospital,7,0,0,0,1,6,45,69,103,152,242,372,521,504,529,902,1694,2187,2557,2042,966,455,174,19,13547
1279,16-09-2025,134-Pattandur Agrahara,3,0,0,0,1,21,63,125,191,283,286,300,454,560,718,1236,2038,2488,2743,2424,1262,762,384,21,16363
1280,16-09-2025,135-Kadugodi Tree Park,1,0,0,0,3,47,178,521,1886,2810,2511,1397,652,691,481,368,420,499,597,553,348,256,120,2,14341
1281,16-09-2025,136-Hopefarm Channasandra,0,0,0,0,1,8,43,129,503,726,414,212,123,116,73,88,88,120,212,136,60,37,18,0,3107
1282,16-09-2025,137-Whitefield (Kadugodi),0,0,0,0,1,84,270,803,1774,1837,1182,788,473,350,288,241,274,331,360,347,158,111,43,0,9715
1283,16-09-2025,21-Nagasandra,0,0,0,0,6,55,240,904,1773,1732,908,440,385,281,277,350,542,667,675,433,266,158,109,6,10207
1284,16-09-2025,22-Dasarahalli,0,0,0,0,1,108,294,1002,1866,1930,1103,673,507,444,338,369,444,567,510,528,316,226,83,9,11318
1285,16-09-2025,23-Jalahalli,0,0,0,0,0,92,202,530,985,964,609,445,365,316,337,343,373,572,785,516,253,153,67,7,7914
1286,16-09-2025,24-Peenya Industry,0,0,0,0,3,10,58,217,319,343,204,102,79,78,65,74,101,290,388,191,57,35,20,0,2634
1287,16-09-2025,25-Peenya,0,0,0,0,0,12,84,341,676,740,425,199,129,137,102,90,157,377,499,324,116,61,35,0,4504
1288,16-09-2025,26-Yeshwanthpur Industry,0,0,0,0,9,109,198,421,755,767,526,400,331,278,280,315,420,616,1120,838,411,216,113,20,8143
1289,16-09-2025,27-Yeshwanthpur,0,0,0,0,166,423,788,1153,1174,1086,1051,943,755,475,299,294,480,622,717,755,1024,418,188,58,12869
1290,16-09-2025,28-Sandal Soap Factory,0,0,0,0,3,58,116,416,733,668,491,364,362,379,516,567,817,1189,1697,1333,735,392,402,50,11288
1291,16-09-2025,29-Mahalakshmi,0,0,0,0,0,51,190,592,1256,1418,888,507,414,456,450,329,334,545,745,526,287,184,66,9,9247
1292,16-09-2025,210-Rajajinagar,0,0,0,0,6,39,219,836,1535,1739,1057,521,549,537,438,471,622,675,919,776,512,254,128,21,11854
1293,16-09-2025,211-Kuvempu Road,0,0,0,0,5,34,101,522,942,1188,673,375,285,204,203,185,198,282,308,283,140,135,40,9,6112
1294,16-09-2025,212-Srirampura,0,0,0,0,0,32,99,495,938,1039,633,346,244,256,278,246,244,368,475,336,238,157,58,8,6490
1295,16-09-2025,213-Mantri Square Sampige Road,0,0,0,0,2,37,128,535,1033,1282,947,582,791,917,977,834,1067,1545,1872,1689,1115,684,409,43,16489
1296,16-09-2025,215-Chickpete,0,0,0,0,1,12,37,189,343,334,239,284,473,649,907,1005,1108,1271,1305,1363,1212,628,113,21,11494
1297,16-09-2025,216-KR Market,0,0,0,0,0,90,193,295,501,533,448,417,507,554,626,808,1054,1188,1009,899,604,287,133,13,10159
1298,16-09-2025,217-National College,0,0,0,0,3,27,105,490,1005,1155,901,651,677,1134,1211,1508,1526,1337,1206,938,621,344,98,7,14944
1299,16-09-2025,218-Lalbagh,0,0,0,0,2,9,45,176,352,340,256,280,288,320,323,387,539,815,1111,845,336,155,62,6,6647
1300,16-09-2025,219-South End Circle,0,0,0,0,5,27,64,263,514,479,369,252,354,586,478,756,886,944,1446,1205,511,232,111,15,9497
1301,16-09-2025,220-Jayanagar,0,0,0,0,1,23,103,352,748,877,680,516,523,722,692,825,1547,1380,1683,1349,789,474,201,17,13502
1302,16-09-2025,221-RV Road,0,0,0,0,0,27,106,400,767,804,600,429,354,433,401,422,573,723,1133,882,493,254,123,22,8946
1303,16-09-2025,222-Banashankarl,0,0,0,0,0,46,154,491,1162,1278,875,639,545,676,598,540,707,981,1073,866,509,263,131,27,11561
1304,16-09-2025,223-JP Nagar,0,0,0,0,2,73,149,645,1483,1600,897,464,436,398,340,390,536,713,908,695,455,277,124,14,10599
1305,16-09-2025,224-Puttenahalli,0,0,0,0,1,58,168,768,1830,1942,1145,488,378,431,351,367,625,464,662,522,256,177,79,7,10719
1306,16-09-2025,225-Konanakunte Cross,0,0,0,0,11,64,234,857,1675,1698,951,652,542,462,472,448,603,590,686,640,426,266,312,23,11612
1307,16-09-2025,226-Doddakallasandra,0,0,0,0,0,30,125,594,949,987,551,323,219,199,153,164,213,247,313,290,136,69,35,1,5598
1308,16-09-2025,227-Vajarahalli,0,0,0,0,3,27,116,531,880,838,474,263,223,216,158,415,491,279,338,279,137,101,42,3,5814
1309,16-09-2025,228-Thalghattapura,0,0,0,0,6,11,70,311,554,530,310,164,122,116,93,100,169,186,134,154,58,37,22,2,3149
1310,16-09-2025,229-Silk Institute,0,0,0,0,12,34,132,476,853,933,527,420,290,258,363,318,631,620,508,291,238,94,40,0,7038
1311,16-09-2025,230-Manjunatha Nagar,0,0,0,0,0,18,28,136,212,171,91,52,46,43,18,19,36,42,69,66,37,38,16,3,1141
1312,16-09-2025,231-Chikkabidarakallu,0,0,0,0,3,26,126,431,824,845,428,219,188,134,92,98,125,150,158,161,61,74,38,2,4183
1313,16-09-2025,232-Madavara,0,0,0,0,5,62,151,577,1045,980,547,378,304,289,251,206,305,395,547,498,242,186,98,0,7066
1314,16-09-2025,31-Ragigudda,0,0,0,0,0,0,15,78,167,167,105,127,105,100,164,131,233,220,270,204,119,76,31,20,2332
1315,16-09-2025,32-Jayadeva Hospital,0,0,0,0,0,2,34,135,353,320,254,229,228,275,284,330,489,516,858,670,309,129,82,11,5508
1316,16-09-2025,33-BTM Layout,0,0,0,0,0,2,42,218,557,503,339,219,159,180,161,150,140,240,365,212,159,118,68,18,3850
1317,16-09-2025,34-Central Silk Board,0,0,0,0,0,8,54,189,403,391,289,187,199,217,193,228,385,481,688,604,377,208,113,21,5235
1318,16-09-2025,35-Bommanahalli,0,0,0,0,0,4,83,223,518,410,241,191,137,168,141,159,220,228,461,409,267,125,47,6,4038
1319,16-09-2025,36-Hongasandra,1,0,0,0,0,7,27,119,262,245,161,175,97,136,101,125,213,294,429,371,221,98,51,3,3136
1320,16-09-2025,37-Kudlu Gate,0,0,0,0,0,4,31,157,374,290,178,176,136,147,111,150,239,237,464,441,164,96,35,1,3431
1321,16-09-2025,38-Singasandra,0,0,0,0,0,0,15,105,189,178,116,98,61,72,56,58,85,116,140,86,52,29,15,2,1473
1322,16-09-2025,39-Hosa Road,0,0,0,0,0,3,61,244,465,425,262,236,145,134,94,109,173,149,222,158,115,68,36,0,3099
1323,16-09-2025,310-Beratena Agrahara,0,0,0,0,0,0,8,29,71,72,40,28,19,28,21,35,44,91,133,54,43,23,15,2,756
1324,16-09-2025,311-Electronic City,0,0,0,0,0,2,33,122,267,266,193,165,158,179,224,375,306,286,321,252,137,77,42,4,3409
1325,16-09-2025,312-Infosys Foundation Konappana Agrahara,0,0,0,0,0,13,108,243,433,371,278,259,227,265,296,394,579,962,911,604,291,155,70,0,6459
1326,16-09-2025,313-Huskur Road,0,0,0,0,0,3,37,135,265,191,93,96,92,91,78,73,161,248,226,155,86,43,26,3,2102
1327,16-09-2025,314-Biocon Hebbagodi,0,0,0,0,0,3,21,56,132,119,87,56,69,68,70,82,92,142,205,106,48,30,7,0,1393
1328,16-09-2025,315-Delta Electronics Bommasandra,0,0,0,0,0,6,84,352,528,494,380,351,310,259,261,267,377,533,582,444,200,116,37,0,5581
1329,17-09-2025,11-Baiyappanahalli,0,0,0,0,12,92,279,992,2219,3169,1758,730,517,462,334,472,609,957,1335,766,375,600,150,12,15840
1330,17-09-2025,12-SV Road,0,0,0,0,9,32,119,414,869,944,685,458,322,328,356,622,1081,1365,1382,1137,547,217,131,35,11053
1331,17-09-2025,13-Indiranagar,0,0,0,0,6,57,209,833,1569,2223,1610,937,833,777,911,1317,1798,2369,3829,2979,1677,873,496,84,25387
1332,17-09-2025,14-Halasuru,0,0,0,0,1,51,207,641,1249,1703,1051,587,406,375,383,364,478,606,741,628,450,258,114,20,10313
1333,17-09-2025,15-Trinity,0,0,0,0,1,19,71,201,377,379,353,324,359,406,447,523,883,2100,3999,3071,1340,598,349,53,15853
1334,17-09-2025,16-MG Road,0,0,0,0,2,16,68,183,454,466,392,824,907,872,1080,1527,1670,2444,3971,3248,1973,1178,802,199,22276
1335,17-09-2025,17-Cubbon Park,0,0,0,0,1,13,85,286,582,602,509,418,596,528,626,934,1199,2396,3446,2266,1044,456,210,31,16228
1336,17-09-2025,18-Vidhana Soudha,0,0,0,0,0,9,44,131,290,290,458,364,602,773,838,787,1231,2832,2762,1419,576,271,86,19,13782
1337,17-09-2025,19-Sir.M. Visveshwaraya,0,0,0,0,0,14,37,140,260,307,416,739,1099,922,1131,1116,1285,2349,2306,1213,782,315,108,14,14553
1338,17-09-2025,110-Kempegowda,0,0,0,0,225,693,1275,1426,2222,2445,1949,1792,1522,1552,1561,1417,1716,2101,2609,2729,1895,1347,791,177,31444
1339,17-09-2025,111-KSR Railway Station,0,0,0,0,120,240,788,681,1453,1831,994,893,354,458,332,312,358,652,627,538,410,420,240,67,11768
1340,17-09-2025,112-Magadi Road,0,0,0,0,11,71,202,580,1201,1592,1213,458,333,319,250,241,256,328,365,353,241,143,59,20,8236
1341,17-09-2025,113-Hosahalli,0,0,0,0,7,55,258,962,2005,2438,1710,678,486,409,295,350,332,486,493,418,272,152,78,15,11899
1342,17-09-2025,114-Vijayanagar,0,0,0,0,8,109,306,1066,2259,2946,1675,770,630,520,429,408,385,479,523,519,373,214,148,19,13786
1343,17-09-2025,115-Attiguppe,0,0,0,0,6,75,280,855,1748,2112,1308,632,464,352,320,264,234,281,352,287,243,139,85,12,10049
1344,17-09-2025,116-Deepanjali Nagar,0,0,0,0,17,97,149,372,712,854,498,266,193,202,138,134,156,174,228,214,136,114,74,6,4734
1345,17-09-2025,117-Mysuru Road,0,0,0,0,6,29,161,618,1485,1715,921,374,278,353,348,247,271,272,301,362,160,82,58,12,8053
1346,17-09-2025,118-Nayandahalli,0,0,0,0,1,26,42,154,299,291,176,106,99,91,112,109,141,121,180,175,114,69,54,12,2372
1347,17-09-2025,119-Rajarajeshwari Nagar,0,0,0,0,0,38,160,562,1079,1193,619,347,309,300,299,283,268,340,334,284,176,129,83,9,6812
1348,17-09-2025,120-Jnanabharathi,0,0,0,0,0,35,146,444,870,1035,515,348,230,217,250,191,200,216,156,107,77,41,35,1,5114
1349,17-09-2025,121-Pattangere,0,0,0,0,8,34,112,382,758,803,390,270,273,477,361,773,1201,767,620,275,145,84,48,7,7788
1350,17-09-2025,122-Kengeri Bus Terminal,0,0,0,0,9,48,210,603,1067,1040,736,455,434,472,353,294,387,374,305,240,194,141,97,1,7460
1351,17-09-2025,123-Kengeri,0,0,0,0,5,49,125,466,1007,1102,592,380,229,192,203,225,227,303,396,273,184,120,58,3,6139
1352,17-09-2025,124-Challaghatta,0,0,0,0,2,26,105,330,694,704,412,338,331,400,389,584,902,543,586,436,174,87,40,1,7084
1353,17-09-2025,125-Benniganahalli,0,0,0,0,29,158,521,1689,3277,4366,3238,1858,1368,1202,1107,959,1232,1670,1989,1785,1090,608,298,26,28470
1354,17-09-2025,126-Krishnarajapura,0,0,0,0,9,146,364,1114,2502,3026,1851,1287,844,791,738,985,1373,1611,1637,1446,816,613,305,21,21479
1355,17-09-2025,127-Singayyanapalya,0,0,0,0,1,48,96,275,711,1021,684,323,305,315,341,496,620,761,1003,822,475,375,293,21,8986
1356,17-09-2025,128-Garudacharpalya,0,0,0,0,5,40,148,274,504,525,460,228,213,291,398,484,782,1339,1708,1234,577,368,200,11,9789
1357,17-09-2025,129-Hoodi,0,0,0,0,0,69,123,345,836,992,635,383,267,314,271,269,438,598,868,673,418,230,126,5,7860
1358,17-09-2025,130-Seetharampalya,0,0,0,0,0,24,110,246,495,687,470,287,229,284,382,657,1330,1643,1787,1177,661,430,277,1,11177
1359,17-09-2025,131-Kundalahalli,0,0,0,0,0,19,76,141,277,381,330,233,214,328,521,946,1599,1854,1911,1293,660,339,141,5,11268
1360,17-09-2025,132-Nallur Halli,1,0,0,0,0,21,71,206,352,404,354,243,256,321,476,791,1668,1739,2006,1380,756,533,164,15,11757
1361,17-09-2025,133-Sri Sathya Sai Hospital,2,0,0,0,1,12,39,74,128,153,256,552,480,481,602,877,1590,2210,2616,1995,1018,418,182,22,13708
1362,17-09-2025,134-Pattandur Agrahara,4,0,0,0,5,34,59,137,192,264,313,345,511,689,775,1318,2096,2508,2701,2384,1313,767,421,42,16878
1363,17-09-2025,135-Kadugodi Tree Park,0,0,0,0,10,55,174,545,1820,2818,2593,1344,776,735,495,390,484,583,703,536,365,304,135,3,14868
1364,17-09-2025,136-Hopefarm Channasandra,0,0,0,0,2,7,44,131,478,808,443,218,137,129,84,75,102,140,181,150,111,47,29,2,3318
1365,17-09-2025,137-Whitefield (Kadugodi),0,0,0,0,1,80,283,874,1793,1887,1309,796,416,393,340,247,311,309,352,398,205,141,59,0,10194
1366,17-09-2025,21-Nagasandra,0,0,0,0,5,45,206,941,1842,1861,1120,569,420,345,365,387,544,708,677,518,560,209,115,2,11439
1367,17-09-2025,22-Dasarahalli,0,0,0,0,2,101,305,1038,1844,2078,1186,695,566,566,424,446,514,567,559,482,407,265,138,4,12187
1368,17-09-2025,23-Jalahalli,0,0,0,0,0,71,196,488,929,1090,650,501,431,392,312,366,435,479,832,597,292,191,84,6,8342
1369,17-09-2025,24-Peenya Industry,0,0,0,0,0,13,47,201,343,379,228,126,112,107,97,51,93,294,365,213,78,28,17,4,2796
1370,17-09-2025,25-Peenya,0,0,0,0,1,28,86,319,667,741,452,198,135,144,155,125,155,369,457,318,164,72,33,8,4627
1371,17-09-2025,26-Yeshwanthpur Industry,0,0,0,0,2,82,156,383,657,624,453,320,319,241,275,286,356,565,1027,811,413,238,127,20,7355
1372,17-09-2025,27-Yeshwanthpur,0,0,0,0,274,513,416,1607,1209,1012,924,516,548,455,315,261,272,642,773,754,1163,293,205,72,12224
1373,17-09-2025,28-Sandal Soap Factory,0,0,0,0,4,35,129,387,703,725,572,395,389,399,497,593,798,1100,1612,1425,798,440,338,67,11406
1374,17-09-2025,29-Mahalakshmi,0,0,0,0,1,46,153,608,1260,1434,883,488,440,517,460,376,344,579,723,630,349,227,73,35,9626
1375,17-09-2025,210-Rajajinagar,0,0,0,0,5,52,204,826,1568,1764,1084,651,592,572,499,546,520,653,1013,767,491,279,141,42,12269
1376,17-09-2025,211-Kuvempu Road,0,0,0,0,3,40,113,463,969,1172,699,353,275,226,210,194,219,241,304,299,201,113,45,2,6141
1377,17-09-2025,212-Srirampura,0,0,0,0,1,35,120,459,956,1086,672,372,263,308,229,254,296,357,484,308,247,128,80,14,6669
1378,17-09-2025,213-Mantri Square Sampige Road,0,0,0,0,4,38,134,523,1105,1222,957,623,845,923,870,829,1055,1524,1910,1920,1132,673,447,66,16800
1379,17-09-2025,215-Chickpete,0,0,0,0,1,8,42,157,373,346,282,293,476,832,956,1102,1064,1285,1512,1419,1480,646,148,25,12447
1380,17-09-2025,216-KR Market,0,0,0,0,0,113,134,303,539,544,441,447,583,541,621,860,1090,1010,1229,914,658,314,115,20,10476
1381,17-09-2025,217-National College,0,0,0,0,3,12,109,496,1013,1115,932,683,743,1145,1259,1214,1572,1380,1267,957,575,354,106,27,14962
1382,17-09-2025,218-Lalbagh,0,0,0,0,1,16,55,197,360,347,259,288,278,224,295,445,507,900,1231,864,334,160,70,8,6839
1383,17-09-2025,219-South End Circle,0,0,0,0,2,28,60,279,514,488,430,301,420,700,606,510,836,837,1310,1046,510,209,112,10,9208
1384,17-09-2025,220-Jayanagar,0,0,0,0,2,30,92,359,780,908,693,541,628,699,775,791,1600,1388,1682,1421,808,512,178,40,13927
1385,17-09-2025,221-RV Road,0,0,0,0,5,21,115,383,811,843,645,454,424,520,420,440,541,747,1138,892,527,283,123,36,9368
1386,17-09-2025,222-Banashankarl,0,0,0,0,0,54,167,505,1138,1385,810,600,504,631,565,554,701,936,962,943,473,278,159,39,11404
1387,17-09-2025,223-JP Nagar,0,0,0,0,0,68,165,657,1482,1646,964,493,381,475,419,418,531,759,914,762,414,251,145,15,10959
1388,17-09-2025,224-Puttenahalli,0,0,0,0,4,60,184,784,1848,2118,1208,466,442,409,360,439,604,527,719,524,250,188,95,13,11242
1389,17-09-2025,225-Konanakunte Cross,0,0,0,0,0,70,211,824,1655,1691,1066,601,563,464,487,458,591,636,715,645,470,289,291,22,11749
1390,17-09-2025,226-Doddakallasandra,0,0,0,0,0,19,133,546,992,1069,565,275,251,233,169,208,236,231,363,278,141,101,40,2,5852
1391,17-09-2025,227-Vajarahalli,0,0,0,0,2,26,107,519,889,871,454,340,215,254,298,289,432,285,312,280,139,91,33,3,5839
1392,17-09-2025,228-Thalghattapura,0,0,0,0,3,8,81,303,600,534,333,176,135,113,105,119,179,145,160,156,57,48,10,2,3267
1393,17-09-2025,229-Silk Institute,0,0,0,0,5,44,143,464,881,990,600,411,357,334,356,384,661,622,514,340,194,82,26,1,7409
1394,17-09-2025,230-Manjunatha Nagar,0,0,0,0,0,12,41,121,194,191,104,60,59,39,35,31,40,26,41,52,65,23,14,3,1151
1395,17-09-2025,231-Chikkabidarakallu,0,0,0,0,2,27,114,482,797,881,488,286,185,155,121,133,132,148,168,149,89,56,47,0,4460
1396,17-09-2025,232-Madavara,0,0,0,0,8,48,173,576,1049,1030,547,393,414,380,533,663,977,1253,2352,1275,229,121,88,0,12109
1397,17-09-2025,31-Ragigudda,0,0,0,0,0,5,16,90,169,179,98,129,92,163,132,183,153,214,320,256,133,60,37,15,2444
1398,17-09-2025,32-Jayadeva Hospital,0,0,0,0,0,2,24,141,297,326,225,205,251,244,286,273,505,615,811,652,257,178,87,24,5403
1399,17-09-2025,33-BTM Layout,0,0,0,0,0,7,37,230,553,541,300,208,233,166,203,134,149,200,272,228,176,109,74,11,3831
1400,17-09-2025,34-Central Silk Board,1,0,0,0,0,11,49,202,404,422,281,220,202,228,228,250,381,538,654,715,436,179,107,17,5525
1401,17-09-2025,35-Bommanahalli,0,0,0,0,0,9,69,233,505,449,266,199,161,147,140,161,181,300,449,423,250,123,59,7,4131
1402,17-09-2025,36-Hongasandra,1,0,0,0,0,8,34,121,257,262,146,133,138,148,133,135,199,279,445,387,184,105,52,3,3170
1403,17-09-2025,37-Kudlu Gate,0,0,0,0,0,3,29,154,370,334,198,162,133,182,129,167,186,238,481,452,164,67,41,0,3490
1404,17-09-2025,38-Singasandra,0,0,0,0,0,1,12,108,187,172,112,108,74,88,92,113,69,120,137,87,39,43,14,1,1577
1405,17-09-2025,39-Hosa Road,0,0,0,0,0,3,52,280,483,453,252,209,144,132,113,137,157,189,218,168,113,87,37,0,3227
1406,17-09-2025,310-Beratena Agrahara,0,0,0,0,0,0,6,27,61,85,46,28,33,20,27,15,36,85,142,66,39,21,5,0,742
1407,17-09-2025,311-Electronic City,0,0,0,0,0,10,47,132,276,287,169,152,143,174,186,227,404,355,332,219,144,92,57,1,3407
1408,17-09-2025,312-Infosys Foundation Konappana Agrahara,0,0,0,0,0,10,98,240,489,404,313,234,269,341,320,429,667,954,868,593,386,198,73,0,6886
1409,17-09-2025,313-Huskur Road,0,0,0,0,0,4,30,106,223,177,131,117,121,75,93,119,158,193,314,175,78,55,29,0,2198
1410,17-09-2025,314-Biocon Hebbagodi,0,0,0,0,0,4,19,52,155,146,87,93,62,54,59,79,88,167,188,124,41,33,14,0,1465
1411,17-09-2025,315-Delta Electronics Bommasandra,0,0,0,0,0,8,102,365,568,445,363,292,286,263,305,327,492,562,688,469,216,120,30,0,5901
1412,18-09-2025,11-Baiyappanahalli,0,0,0,0,15,110,345,953,2301,3137,1651,793,565,466,322,454,591,1014,1066,794,518,365,120,12,15592
1413,18-09-2025,12-SV Road,0,0,0,0,7,48,100,393,884,934,664,439,361,338,324,606,1080,1290,1316,1122,496,302,146,38,10888
1414,18-09-2025,13-Indiranagar,0,0,0,0,9,41,219,777,1575,2199,1579,946,747,815,838,1186,1740,2482,3575,3369,1692,1245,600,77,25711
1415,18-09-2025,14-Halasuru,0,0,0,0,4,51,218,660,1230,1683,996,536,345,351,402,362,448,485,769,636,375,269,153,25,9998
1416,18-09-2025,15-Trinity,0,0,0,0,0,25,56,186,392,417,349,337,364,396,486,556,934,1554,4421,3234,1458,751,315,67,16298
1417,18-09-2025,16-MG Road,0,0,0,0,1,14,73,188,398,461,408,805,698,795,1252,1341,1520,1894,4372,3388,1795,1353,749,136,21641
1418,18-09-2025,17-Cubbon Park,0,0,0,0,4,11,68,276,527,590,494,384,553,536,615,871,1286,2049,3975,2375,1006,662,249,52,16583
1419,18-09-2025,18-Vidhana Soudha,0,0,0,0,0,8,48,116,286,312,400,448,554,690,820,793,1161,2683,3632,1846,568,291,85,15,14756
1420,18-09-2025,19-Sir.M. Visveshwaraya,0,0,0,0,0,7,45,152,265,318,421,706,1012,1011,977,1097,1431,1583,3495,1359,751,403,105,16,15154
1421,18-09-2025,110-Kempegowda,0,0,0,0,186,597,1075,1599,2391,2536,2233,1651,1400,1435,1440,1484,1855,1800,2824,2620,2008,1618,875,147,31774
1422,18-09-2025,111-KSR Railway Station,0,0,0,0,74,202,326,755,1327,1667,1279,529,582,366,468,296,348,518,681,506,395,461,234,36,11050
1423,18-09-2025,112-Magadi Road,0,0,0,0,8,62,181,586,1105,1579,1227,472,358,353,252,217,244,339,376,336,193,151,57,10,8106
1424,18-09-2025,113-Hosahalli,0,0,0,0,4,66,221,964,1910,2382,1644,666,458,432,353,329,336,450,522,379,253,187,78,14,11648
1425,18-09-2025,114-Vijayanagar,0,0,0,0,7,106,304,1043,2135,2879,1738,827,570,499,403,363,396,321,498,484,361,225,136,16,13311
1426,18-09-2025,115-Attiguppe,0,0,0,0,8,71,304,816,1609,2105,1327,679,455,341,324,303,233,291,350,278,177,137,85,12,9905
1427,18-09-2025,116-Deepanjali Nagar,0,0,0,0,14,62,135,361,678,840,487,268,185,231,129,109,157,178,213,208,130,109,66,8,4568
1428,18-09-2025,117-Mysuru Road,0,0,0,0,4,21,149,565,1299,1668,938,424,299,309,249,285,380,286,253,294,156,88,68,9,7744
1429,18-09-2025,118-Nayandahalli,0,0,0,0,2,23,46,157,286,264,226,125,123,117,71,92,140,102,152,170,127,76,63,8,2370
1430,18-09-2025,119-Rajarajeshwari Nagar,0,0,0,0,0,31,150,478,935,1187,584,386,316,296,271,253,254,294,336,305,222,113,79,12,6502
1431,18-09-2025,120-Jnanabharathi,0,0,0,0,0,22,112,483,852,984,536,334,205,244,189,167,196,174,185,172,98,55,49,2,5059
1432,18-09-2025,121-Pattangere,0,0,0,0,4,38,96,351,641,751,410,240,310,476,339,647,1155,908,754,401,164,109,57,7,7858
1433,18-09-2025,122-Kengeri Bus Terminal,0,0,0,0,11,54,190,577,948,1063,628,513,359,412,362,301,489,460,306,290,227,153,81,9,7433
1434,18-09-2025,123-Kengeri,0,0,0,0,3,32,126,467,935,933,589,270,257,219,178,205,208,264,356,322,199,127,64,7,5761
1435,18-09-2025,124-Challaghatta,0,0,0,0,9,29,86,318,698,624,463,265,322,450,394,570,783,452,425,404,170,67,44,2,6575
1436,18-09-2025,125-Benniganahalli,1,0,0,0,42,146,516,1610,3375,4253,3076,1828,1282,1170,1150,974,1147,1459,2130,1672,853,771,368,40,27863
1437,18-09-2025,126-Krishnarajapura,0,0,0,0,22,134,463,1162,2230,3057,1881,1284,845,722,608,801,1500,1845,1702,1280,735,878,439,36,21624
1438,18-09-2025,127-Singayyanapalya,0,0,0,0,6,32,93,319,705,1004,635,338,323,303,294,374,687,797,925,838,383,358,294,15,8723
1439,18-09-2025,128-Garudacharpalya,0,0,0,0,6,38,146,270,524,594,356,256,198,268,293,402,781,1306,1743,1068,514,422,160,8,9353
1440,18-09-2025,129-Hoodi,0,0,0,0,0,66,149,341,777,944,659,322,297,282,235,240,404,624,833,675,298,286,146,5,7583
1441,18-09-2025,130-Seetharampalya,1,0,0,0,0,20,109,257,527,649,455,233,227,312,385,596,1304,1693,1742,1226,579,620,303,4,11242
1442,18-09-2025,131-Kundalahalli,0,0,0,0,0,22,77,159,301,380,293,243,232,314,514,890,1547,1752,1679,1074,499,469,184,8,10637
1443,18-09-2025,132-Nallur Halli,0,0,0,0,0,11,72,214,362,367,301,267,254,329,331,709,1490,1599,1804,1215,664,495,178,16,10678
1444,18-09-2025,133-Sri Sathya Sai Hospital,3,0,0,0,1,16,41,82,119,172,266,430,479,469,526,829,1687,2047,2643,1818,972,518,215,20,13353
1445,18-09-2025,134-Pattandur Agrahara,3,0,0,0,0,39,47,128,214,258,282,285,390,490,675,1149,1745,2455,2701,2182,1217,844,383,29,15516
1446,18-09-2025,135-Kadugodi Tree Park,2,0,0,0,7,53,201,570,1808,2711,2382,1255,594,641,480,462,499,548,615,590,481,329,135,9,14372
1447,18-09-2025,136-Hopefarm Channasandra,0,0,0,0,0,9,45,146,479,802,368,199,99,70,65,89,138,134,211,169,77,37,19,0,3156
1448,18-09-2025,137-Whitefield (Kadugodi),0,0,0,0,5,73,350,789,1669,1904,1249,645,370,303,326,270,311,358,395,404,205,144,41,0,9811
1449,18-09-2025,21-Nagasandra,0,0,0,0,6,41,221,863,1699,1737,916,505,383,343,352,352,606,680,672,442,253,202,87,0,10360
1450,18-09-2025,22-Dasarahalli,0,0,0,0,0,98,284,970,1979,1992,1141,664,564,488,421,341,563,545,506,468,358,249,86,4,11721
1451,18-09-2025,23-Jalahalli,0,0,0,0,1,58,194,527,972,1016,681,420,356,323,324,309,363,457,760,516,277,204,85,7,7850
1452,18-09-2025,24-Peenya Industry,0,0,0,0,0,6,52,214,311,342,223,112,82,85,88,101,115,269,369,178,82,52,15,0,2696
1453,18-09-2025,25-Peenya,0,0,0,0,0,26,86,322,630,735,491,232,167,158,138,127,138,350,541,272,153,64,41,3,4674
1454,18-09-2025,26-Yeshwanthpur Industry,0,0,0,0,4,61,137,437,765,811,536,349,367,325,350,278,439,546,1058,829,483,257,139,21,8192
1455,18-09-2025,27-Yeshwanthpur,0,0,0,0,75,382,645,1237,1295,1322,1148,663,248,747,498,366,500,488,758,924,1238,324,160,49,13067
1456,18-09-2025,28-Sandal Soap Factory,0,0,0,0,4,31,99,393,717,799,486,443,407,442,469,530,741,1049,1720,1217,644,600,421,45,11257
1457,18-09-2025,29-Mahalakshmi,0,0,0,0,3,43,160,610,1238,1444,890,480,449,474,435,289,367,413,668,581,341,197,66,12,9160
1458,18-09-2025,210-Rajajinagar,0,0,0,0,4,54,188,788,1613,1785,1101,667,535,526,543,558,652,593,944,778,524,262,147,17,12279
1459,18-09-2025,211-Kuvempu Road,0,0,0,0,3,36,98,473,963,1134,648,298,262,238,200,223,226,174,298,249,157,122,41,1,5844
1460,18-09-2025,212-Srirampura,0,0,0,0,4,38,110,503,879,1078,666,355,268,256,229,271,317,315,485,374,240,143,54,2,6587
1461,18-09-2025,213-Mantri Square Sampige Road,0,0,0,0,2,27,118,513,1118,1363,952,645,713,833,992,844,1071,1380,2108,1785,1160,744,430,50,16848
1462,18-09-2025,215-Chickpete,0,0,0,0,0,7,39,179,410,360,261,306,454,738,928,1101,1224,1045,1579,1418,1279,651,90,32,12101
1463,18-09-2025,216-KR Market,0,0,0,0,0,90,99,270,519,578,516,504,521,599,651,774,1016,876,1454,949,656,399,182,18,10671
1464,18-09-2025,217-National College,0,0,0,0,3,16,119,537,1017,1141,982,688,715,1242,1166,1380,1562,1158,1267,1103,521,330,116,14,15077
1465,18-09-2025,218-Lalbagh,0,0,0,0,0,12,48,176,362,349,267,248,272,309,339,342,603,718,1264,893,329,193,75,10,6809
1466,18-09-2025,219-South End Circle,0,0,0,0,1,30,57,276,504,487,380,295,334,539,520,763,798,873,1519,1216,500,277,143,11,9523
1467,18-09-2025,220-Jayanagar,0,0,0,0,2,19,81,323,739,895,729,537,559,714,681,792,1514,1312,1777,1511,798,513,226,10,13732
1468,18-09-2025,221-RV Road,0,0,0,0,1,32,103,372,767,876,607,440,471,413,474,419,643,637,1212,1056,502,319,155,17,9516
1469,18-09-2025,222-Banashankarl,0,0,0,0,0,46,161,497,1193,1217,808,623,571,690,573,487,754,861,955,964,525,307,146,36,11414
1470,18-09-2025,223-JP Nagar,0,0,0,0,2,61,140,621,1466,1734,1006,551,401,462,389,378,572,616,825,825,445,303,140,14,10951
1471,18-09-2025,224-Puttenahalli,0,0,0,0,0,79,175,749,1816,1937,1192,492,404,454,322,408,551,447,650,611,256,188,104,3,10838
1472,18-09-2025,225-Konanakunte Cross,0,0,0,0,8,60,216,862,1639,1699,1013,655,466,470,448,473,640,566,719,687,525,322,299,17,11784
1473,18-09-2025,226-Doddakallasandra,0,0,0,0,3,17,113,559,942,993,543,336,223,226,174,198,226,185,298,305,228,92,35,2,5698
1474,18-09-2025,227-Vajarahalli,0,0,0,0,4,24,103,579,851,875,470,280,264,256,217,396,483,286,382,260,162,72,46,2,6012
1475,18-09-2025,228-Thalghattapura,0,0,0,0,2,11,62,292,521,521,236,194,109,107,91,102,186,155,156,148,72,40,22,1,3028
1476,18-09-2025,229-Silk Institute,0,0,0,0,2,32,122,519,881,930,575,428,333,314,342,386,682,581,550,347,188,108,36,0,7356
1477,18-09-2025,230-Manjunatha Nagar,0,0,0,0,0,11,34,129,209,167,105,79,45,60,42,44,31,59,78,68,43,35,17,3,1259
1478,18-09-2025,231-Chikkabidarakallu,0,0,0,0,4,32,158,468,818,825,469,258,164,161,117,106,141,161,187,151,95,48,28,1,4392
1479,18-09-2025,232-Madavara,0,0,0,0,9,41,178,545,1030,965,617,441,487,615,906,1053,1737,1979,2855,1396,210,128,45,0,15237
1480,18-09-2025,31-Ragigudda,0,0,0,0,0,0,14,95,158,190,141,140,181,197,158,147,212,217,365,339,180,88,61,20,2903
1481,18-09-2025,32-Jayadeva Hospital,0,0,0,0,0,3,33,127,335,305,221,220,262,257,318,296,438,444,833,926,402,187,127,22,5756
1482,18-09-2025,33-BTM Layout,0,0,0,0,0,2,41,235,551,603,320,194,196,161,150,137,184,188,345,348,178,113,78,9,4033
1483,18-09-2025,34-Central Silk Board,1,0,0,0,0,3,56,182,408,420,284,249,197,234,237,253,346,495,597,756,548,351,168,29,5814
1484,18-09-2025,35-Bommanahalli,0,0,0,0,0,7,64,246,530,432,287,224,153,161,145,143,167,276,495,579,363,240,97,8,4617
1485,18-09-2025,36-Hongasandra,0,0,0,0,0,8,23,146,298,246,187,141,137,133,152,143,206,249,500,523,264,105,64,6,3531
1486,18-09-2025,37-Kudlu Gate,0,0,0,0,0,4,37,159,391,357,224,191,146,185,127,155,191,254,511,578,241,107,66,1,3925
1487,18-09-2025,38-Singasandra,0,0,0,0,0,1,31,88,187,195,131,89,86,55,64,57,63,128,145,100,65,29,22,2,1538
1488,18-09-2025,39-Hosa Road,0,0,0,0,0,3,65,247,507,441,269,244,203,124,106,112,134,193,219,205,144,70,44,1,3331
1489,18-09-2025,310-Beratena Agrahara,0,0,0,0,0,4,7,31,68,72,48,30,33,28,22,28,50,84,156,101,37,29,22,1,851
1490,18-09-2025,311-Electronic City,0,0,0,0,0,3,34,169,295,296,188,166,137,141,193,313,364,435,340,363,205,118,68,1,3829
1491,18-09-2025,312-Infosys Foundation Konappana Agrahara,0,0,0,0,0,12,84,279,473,404,297,199,234,302,290,474,627,853,882,969,475,257,122,2,7235
1492,18-09-2025,313-Huskur Road,0,0,0,0,0,3,44,124,206,224,143,117,109,84,55,79,164,183,200,330,138,78,38,0,2319
1493,18-09-2025,314-Biocon Hebbagodi,0,0,0,0,0,6,19,63,148,138,87,73,70,69,46,60,72,188,203,255,79,54,19,0,1649
1494,18-09-2025,315-Delta Electronics Bommasandra,0,0,0,0,0,3,86,367,556,459,419,334,333,301,326,291,385,613,620,598,354,155,57,0,6257
1495,19-09-2025,11-Baiyappanahalli,0,0,0,0,12,120,316,955,1942,2795,1604,800,598,515,373,493,607,909,1003,915,713,417,137,28,15252
1496,19-09-2025,12-SV Road,0,0,0,0,4,37,126,424,785,778,660,473,347,365,305,559,881,1207,1072,894,440,265,175,33,9830
1497,19-09-2025,13-Indiranagar,0,0,0,0,5,47,174,748,1379,1944,1476,913,909,831,1013,1309,1674,2588,3654,2991,1860,1117,696,168,25496
1498,19-09-2025,14-Halasuru,0,0,0,0,0,62,196,600,1200,1585,950,592,408,350,431,380,430,596,701,676,476,316,139,16,10104
1499,19-09-2025,15-Trinity,0,0,0,0,0,17,68,208,286,359,312,330,359,423,516,549,845,2168,3778,2721,1317,505,298,55,15114
1500,19-09-2025,16-MG Road,0,0,0,0,2,12,78,193,364,443,335,748,854,854,1184,1602,1562,2858,3835,3240,2052,1373,1135,381,23105
1501,19-09-2025,17-Cubbon Park,0,0,0,0,3,12,84,247,474,462,429,433,606,570,802,758,1126,2504,3162,2130,910,524,298,71,15605
1502,19-09-2025,18-Vidhana Soudha,0,0,0,0,0,13,64,101,205,304,410,432,563,775,760,800,1053,3310,2566,1136,487,289,72,10,13350
1503,19-09-2025,19-Sir.M. Visveshwaraya,0,0,0,0,1,5,51,131,231,269,383,722,986,1020,995,1044,1342,2521,2325,1237,761,293,115,6,14438
1504,19-09-2025,110-Kempegowda,0,0,0,0,95,560,995,1545,1978,2393,1795,1428,1587,1592,1550,1526,1780,2367,2568,2392,2241,1757,980,157,31286
1505,19-09-2025,111-KSR Railway Station,0,0,0,0,45,325,466,725,1025,1715,822,461,631,477,398,329,483,804,586,628,452,565,288,50,11275
1506,19-09-2025,112-Magadi Road,0,0,0,0,6,61,165,550,1026,1521,1225,490,305,326,270,247,326,309,456,339,240,157,67,12,8098
1507,19-09-2025,113-Hosahalli,0,0,0,0,2,55,224,840,1769,2237,1530,664,539,416,347,353,394,454,593,438,308,198,104,22,11487
1508,19-09-2025,114-Vijayanagar,0,0,0,0,2,109,243,916,1932,2692,1577,771,539,509,475,434,460,446,552,554,407,309,230,28,13185
1509,19-09-2025,115-Attiguppe,0,0,0,0,5,65,192,734,1437,1890,1189,584,401,359,354,326,316,333,385,353,288,210,130,16,9567
1510,19-09-2025,116-Deepanjali Nagar,0,0,0,0,26,67,133,329,632,785,486,235,172,195,155,148,206,197,251,245,184,140,80,18,4684
1511,19-09-2025,117-Mysuru Road,0,0,0,0,4,17,116,457,1099,1486,801,352,281,367,301,290,356,366,371,263,178,160,104,6,7375
1512,19-09-2025,118-Nayandahalli,0,0,0,0,1,23,48,137,241,252,188,125,117,108,125,120,135,114,156,192,170,103,72,10,2437
1513,19-09-2025,119-Rajarajeshwari Nagar,0,0,0,0,0,29,139,449,794,974,593,408,337,345,267,281,337,355,317,326,280,164,110,17,6522
1514,19-09-2025,120-Jnanabharathi,0,0,0,0,0,27,110,423,722,878,561,344,230,201,170,168,196,195,214,170,137,69,64,4,4883
1515,19-09-2025,121-Pattangere,0,0,0,0,1,38,119,326,654,756,452,367,312,357,412,429,621,539,613,355,182,111,58,12,6714
1516,19-09-2025,122-Kengeri Bus Terminal,0,0,0,0,10,42,178,483,920,991,598,543,359,376,288,360,513,459,412,360,300,216,99,4,7511
1517,19-09-2025,123-Kengeri,0,0,0,0,1,27,96,399,774,890,502,350,240,197,185,248,318,320,479,399,303,165,69,3,5965
1518,19-09-2025,124-Challaghatta,0,0,0,0,6,20,72,258,570,623,365,350,266,391,380,532,906,693,755,720,253,141,60,2,7363
1519,19-09-2025,125-Benniganahalli,0,0,0,0,17,174,522,1459,3150,3976,2992,1821,1284,1151,1038,1068,1457,1849,2075,1742,1495,818,430,48,28566
1520,19-09-2025,126-Krishnarajapura,3,0,0,0,9,144,449,1197,2194,2875,1793,1301,1039,761,714,907,1355,1551,1809,1411,1233,751,440,78,22014
1521,19-09-2025,127-Singayyanapalya,1,0,0,0,4,40,112,281,657,905,592,307,347,279,324,372,568,704,917,803,581,441,396,31,8662
1522,19-09-2025,128-Garudacharpalya,3,0,0,0,10,47,147,267,494,490,372,220,278,287,289,462,740,1238,1504,1022,552,476,261,44,9203
1523,19-09-2025,129-Hoodi,2,0,0,0,0,71,155,274,714,769,598,347,302,325,330,258,486,749,830,695,484,352,282,16,8039
1524,19-09-2025,130-Seetharampalya,0,0,0,0,0,38,115,207,442,646,466,254,279,370,454,552,1124,1466,1532,1248,745,504,273,6,10721
1525,19-09-2025,131-Kundalahalli,0,0,0,0,0,22,89,153,310,367,258,266,352,383,447,796,1422,1668,1487,1221,678,367,232,14,10532
1526,19-09-2025,132-Nallur Halli,0,0,0,0,0,18,93,206,310,369,324,243,308,480,539,802,1228,1575,1576,1205,680,424,192,8,10580
1527,19-09-2025,133-Sri Sathya Sai Hospital,4,0,0,0,2,11,66,88,112,133,262,393,493,551,531,787,1447,2040,2157,1435,873,352,181,21,11939
1528,19-09-2025,134-Pattandur Agrahara,5,0,0,0,2,38,110,159,215,241,266,261,435,662,708,1073,1760,2440,2500,1876,1109,728,384,34,15006
1529,19-09-2025,135-Kadugodi Tree Park,0,0,0,0,8,58,179,509,1556,2377,1978,1238,590,660,568,571,579,736,764,809,634,517,222,13,14566
1530,19-09-2025,136-Hopefarm Channasandra,0,0,0,0,1,14,37,99,388,613,353,175,139,106,76,125,154,202,235,224,101,64,22,0,3128
1531,19-09-2025,137-Whitefield (Kadugodi),0,0,0,0,7,64,297,774,1525,1571,1045,562,438,390,375,290,353,380,432,422,255,159,60,0,9399
1532,19-09-2025,21-Nagasandra,0,0,0,0,3,44,182,741,1557,1671,916,585,394,407,360,427,717,729,753,581,363,296,154,4,10884
1533,19-09-2025,22-Dasarahalli,0,0,0,0,1,102,290,899,1738,2010,1147,696,628,469,506,435,653,664,590,543,370,247,128,7,12123
1534,19-09-2025,23-Jalahalli,0,0,0,0,0,58,173,450,857,1105,693,591,381,347,322,295,641,556,835,613,397,154,90,14,8572
1535,19-09-2025,24-Peenya Industry,0,0,0,0,0,11,42,174,289,371,222,140,116,94,96,93,148,297,383,188,88,33,11,1,2797
1536,19-09-2025,25-Peenya,0,0,0,0,0,12,66,315,520,670,520,225,156,141,145,129,217,407,519,356,187,92,57,1,4735
1537,19-09-2025,26-Yeshwanthpur Industry,0,0,0,0,9,61,159,380,686,788,490,383,330,289,309,293,424,671,1013,864,455,258,158,16,8036
1538,19-09-2025,27-Yeshwanthpur,0,0,0,0,226,491,561,1313,942,995,738,468,274,739,519,346,318,713,716,820,1097,333,269,44,11922
1539,19-09-2025,28-Sandal Soap Factory,0,0,0,0,1,29,96,377,597,756,511,452,477,521,570,593,904,1151,1603,1300,847,506,512,79,11882
1540,19-09-2025,29-Mahalakshmi,0,0,0,0,5,45,129,567,1122,1420,898,555,478,498,438,377,396,571,733,519,379,199,111,24,9464
1541,19-09-2025,210-Rajajinagar,0,0,0,0,6,60,193,747,1457,1792,1082,702,596,579,596,562,562,702,957,824,556,326,187,33,12519
1542,19-09-2025,211-Kuvempu Road,0,0,0,0,3,30,106,437,958,1145,645,362,282,243,214,230,233,295,321,315,231,175,81,9,6315
1543,19-09-2025,212-Srirampura,0,0,0,0,4,30,104,458,834,1076,667,384,269,270,229,262,292,346,469,366,267,173,83,8,6591
1544,19-09-2025,213-Mantri Square Sampige Road,0,0,0,0,1,33,120,496,991,1298,983,669,740,945,937,967,1150,1691,1913,1697,1245,912,498,67,17353
1545,19-09-2025,215-Chickpete,0,0,0,0,0,5,53,158,311,337,281,311,435,716,1058,1119,1192,1460,1411,1313,1320,570,120,12,12182
1546,19-09-2025,216-KR Market,0,0,0,0,0,55,129,207,553,570,418,443,581,558,703,837,1096,1063,1176,843,614,308,145,34,10333
1547,19-09-2025,217-National College,0,0,0,0,2,21,117,476,949,1128,913,714,769,1047,1340,1299,1318,1391,1443,1036,671,327,158,16,15135
1548,19-09-2025,218-Lalbagh,0,0,0,0,0,13,45,165,342,337,254,249,327,303,315,447,617,875,1121,860,407,175,92,8,6952
1549,19-09-2025,219-South End Circle,0,0,0,0,2,31,67,229,445,462,373,314,343,598,560,817,750,961,1367,1247,568,284,136,16,9570
1550,19-09-2025,220-Jayanagar,0,0,0,0,4,24,98,312,703,864,751,582,675,705,759,981,1460,1555,1728,1458,873,557,246,27,14362
1551,19-09-2025,221-RV Road,0,0,0,0,2,31,98,372,715,843,643,428,384,422,511,487,644,740,1262,991,610,349,164,22,9718
1552,19-09-2025,222-Banashankarl,0,0,0,0,0,64,159,484,1156,1389,921,689,708,701,682,595,678,1143,1137,1173,680,399,197,42,12997
1553,19-09-2025,223-JP Nagar,0,0,0,0,1,69,109,583,1323,1670,969,497,371,481,441,435,628,770,938,926,571,412,228,25,11447
1554,19-09-2025,224-Puttenahalli,0,0,0,0,0,56,163,618,1608,1910,1133,555,473,415,322,501,588,618,725,593,344,228,125,9,10984
1555,19-09-2025,225-Konanakunte Cross,0,0,0,0,11,79,178,749,1419,1681,1039,699,549,624,546,573,807,798,780,834,623,461,424,42,12916
1556,19-09-2025,226-Doddakallasandra,0,0,0,0,2,24,105,465,826,1003,515,342,259,259,207,210,316,260,394,316,186,139,69,5,5902
1557,19-09-2025,227-Vajarahalli,1,0,0,0,4,28,109,516,764,804,481,324,265,315,282,413,529,269,476,257,183,131,70,3,6224
1558,19-09-2025,228-Thalghattapura,0,0,0,0,3,25,61,254,482,525,279,150,136,119,101,99,185,183,202,199,79,63,22,1,3168
1559,19-09-2025,229-Silk Institute,0,0,0,0,5,34,101,447,807,908,595,467,385,394,529,474,835,827,838,529,240,116,45,1,8577
1560,19-09-2025,230-Manjunatha Nagar,0,0,0,0,0,8,37,109,186,191,89,66,48,68,37,36,29,34,109,66,39,33,23,3,1211
1561,19-09-2025,231-Chikkabidarakallu,0,0,0,0,6,36,118,399,749,818,424,281,187,139,134,153,182,218,215,223,94,71,44,0,4491
1562,19-09-2025,232-Madavara,0,0,0,0,3,46,147,482,954,948,578,383,469,628,858,1187,1873,1713,907,614,292,171,106,0,12359
1563,19-09-2025,31-Ragigudda,0,0,0,0,0,0,11,77,194,165,127,92,120,125,129,105,175,226,312,272,154,101,52,7,2444
1564,19-09-2025,32-Jayadeva Hospital,0,0,0,0,0,4,29,132,308,315,243,244,241,286,250,344,457,590,858,750,336,157,137,18,5699
1565,19-09-2025,33-BTM Layout,0,0,0,0,0,2,35,228,557,527,357,226,194,190,198,204,199,257,411,351,286,176,118,14,4530
1566,19-09-2025,34-Central Silk Board,1,0,0,0,0,7,47,207,382,437,293,233,202,268,217,289,437,516,743,785,500,327,134,21,6046
1567,19-09-2025,35-Bommanahalli,0,0,0,0,0,3,51,227,545,465,312,279,212,157,182,197,196,342,615,542,313,201,107,10,4956
1568,19-09-2025,36-Hongasandra,0,0,0,0,0,6,20,122,304,316,177,136,138,125,163,136,173,317,451,366,218,118,66,5,3357
1569,19-09-2025,37-Kudlu Gate,0,0,0,0,0,3,44,162,378,347,272,146,162,184,162,138,267,298,557,522,243,134,50,3,4072
1570,19-09-2025,38-Singasandra,0,0,0,0,0,2,19,92,200,220,135,98,64,83,74,83,84,109,177,125,66,43,42,1,1717
1571,19-09-2025,39-Hosa Road,2,0,0,0,0,3,75,240,508,534,255,191,168,142,121,161,178,239,270,222,148,98,37,1,3593
1572,19-09-2025,310-Beratena Agrahara,0,0,0,0,0,0,9,33,84,75,40,39,31,34,27,30,44,88,146,89,31,43,4,1,848
1573,19-09-2025,311-Electronic City,0,0,0,0,0,7,71,130,256,379,186,173,170,188,211,396,435,423,390,305,237,182,81,0,4220
1574,19-09-2025,312-Infosys Foundation Konappana Agrahara,0,0,0,0,0,21,85,283,583,548,344,286,286,339,379,474,665,1083,942,676,431,303,185,3,7916
1575,19-09-2025,313-Huskur Road,0,0,0,0,0,3,32,133,231,223,158,123,96,86,96,108,185,258,272,202,119,82,60,3,2470
1576,19-09-2025,314-Biocon Hebbagodi,0,0,0,0,0,3,36,49,133,159,96,91,71,47,60,66,94,272,256,158,104,64,36,0,1795
1577,19-09-2025,315-Delta Electronics Bommasandra,0,0,0,0,0,22,212,347,579,615,627,418,353,288,288,345,488,600,925,734,384,258,119,0,7602
1578,20-09-2025,11-Baiyappanahalli,0,0,0,0,27,105,270,622,1159,1800,974,770,731,679,658,727,753,671,692,517,388,676,70,7,12296
1579,20-09-2025,12-SV Road,0,0,0,0,6,85,118,279,526,516,357,451,509,458,441,571,579,533,517,418,303,209,126,28,7030
1580,20-09-2025,13-Indiranagar,0,0,0,0,9,52,187,490,796,1134,1101,1060,1107,1271,1356,1579,2015,1990,2393,1918,1552,1068,783,164,22025
1581,20-09-2025,14-Halasuru,0,0,0,0,0,52,132,363,726,939,628,491,602,524,504,436,404,477,654,608,450,314,150,21,8475
1582,20-09-2025,15-Trinity,0,0,0,0,0,11,65,132,184,236,236,318,390,516,626,530,767,1090,1697,1059,665,412,222,33,9189
1583,20-09-2025,16-MG Road,0,0,0,0,2,23,68,131,242,284,331,610,1161,1399,1418,1654,2092,2648,3310,3294,3124,2427,2279,662,27159
1584,20-09-2025,17-Cubbon Park,0,0,0,0,6,19,62,143,275,281,356,497,776,853,945,926,1266,1780,2308,1127,699,410,251,43,13023
1585,20-09-2025,18-Vidhana Soudha,0,0,0,0,0,14,62,86,172,218,245,457,665,739,1143,764,906,2079,1607,787,336,237,77,15,10609
1586,20-09-2025,19-Sir.M. Visveshwaraya,0,0,0,0,0,5,41,101,176,254,359,734,1020,970,933,1036,1214,2009,2152,1132,700,373,172,4,13385
1587,20-09-2025,110-Kempegowda,0,0,0,0,209,560,987,1505,2002,2235,2106,2082,1970,2020,1924,1989,2173,2749,2923,2702,2247,1916,1235,209,35743
1588,20-09-2025,111-KSR Railway Station,0,0,0,0,64,340,470,665,818,1234,628,600,560,572,659,452,583,895,758,684,505,802,410,76,11775
1589,20-09-2025,112-Magadi Road,0,0,0,0,4,53,146,347,665,1056,920,445,365,410,307,270,345,354,452,404,255,137,115,20,7070
1590,20-09-2025,113-Hosahalli,0,0,0,0,6,72,173,441,853,1343,1094,601,543,555,589,442,399,549,626,459,278,211,129,28,9391
1591,20-09-2025,114-Vijayanagar,0,0,0,0,5,124,200,547,974,1612,1225,739,716,727,649,591,526,629,623,627,508,365,197,33,11617
1592,20-09-2025,115-Attiguppe,0,0,0,0,6,74,160,427,683,1083,840,561,477,446,420,412,426,459,425,448,243,202,101,10,7903
1593,20-09-2025,116-Deepanjali Nagar,0,0,0,0,20,81,114,221,357,520,431,252,304,309,251,197,194,217,283,380,251,160,90,9,4641
1594,20-09-2025,117-Mysuru Road,0,0,0,0,9,21,65,197,420,610,410,389,336,271,267,239,242,450,307,292,158,80,65,3,4831
1595,20-09-2025,118-Nayandahalli,0,0,0,0,0,23,37,89,132,187,135,101,116,135,107,152,179,165,172,176,132,105,109,20,2272
1596,20-09-2025,119-Rajarajeshwari Nagar,0,0,0,0,0,27,94,234,379,497,411,377,391,337,365,298,302,423,389,354,244,191,115,12,5440
1597,20-09-2025,120-Jnanabharathi,0,0,0,0,0,21,84,185,347,561,427,327,286,269,254,220,267,219,209,164,133,68,51,3,4095
1598,20-09-2025,121-Pattangere,0,0,0,0,6,42,87,206,341,520,379,395,350,311,273,288,248,251,338,213,107,118,59,5,4537
1599,20-09-2025,122-Kengeri Bus Terminal,0,0,0,0,10,54,168,313,485,687,563,553,541,492,497,533,407,567,496,471,300,246,122,1,7506
1600,20-09-2025,123-Kengeri,0,0,0,0,2,34,65,185,385,511,450,321,327,301,298,337,461,417,467,402,289,285,141,4,5682
1601,20-09-2025,124-Challaghatta,0,0,0,0,5,49,96,198,369,489,462,542,602,810,764,611,755,610,590,532,364,185,101,0,8134
1602,20-09-2025,125-Benniganahalli,0,0,0,0,32,173,485,1179,2024,2431,2144,1849,1642,1398,1466,1432,1776,1714,1675,1629,1145,714,377,42,25327
1603,20-09-2025,126-Krishnarajapura,0,0,0,0,37,283,467,841,1325,1491,1281,1479,1208,1085,963,1015,1028,1078,1032,1060,712,498,212,30,17125
1604,20-09-2025,127-Singayyanapalya,1,0,0,0,4,69,105,212,424,474,379,392,404,450,462,494,657,718,1001,931,746,580,826,67,9396
1605,20-09-2025,128-Garudacharpalya,2,0,0,0,11,59,123,207,352,313,267,250,257,421,385,339,388,496,639,456,312,283,150,33,5743
1606,20-09-2025,129-Hoodi,0,0,0,0,0,100,135,247,354,473,433,485,519,557,486,445,494,558,673,538,462,325,132,13,7429
1607,20-09-2025,130-Seetharampalya,2,0,0,0,0,93,160,229,307,355,382,437,531,524,532,456,548,579,641,487,381,228,131,13,7016
1608,20-09-2025,131-Kundalahalli,0,0,0,0,0,63,127,208,238,285,305,419,429,298,482,367,526,511,481,363,215,149,89,8,5563
1609,20-09-2025,132-Nallur Halli,0,0,0,0,0,38,77,125,224,214,294,346,359,593,481,444,467,516,536,343,239,151,88,11,5546
1610,20-09-2025,133-Sri Sathya Sai Hospital,5,0,0,0,2,11,46,65,76,89,115,127,172,225,224,183,257,317,361,209,163,63,44,8,2762
1611,20-09-2025,134-Pattandur Agrahara,2,0,0,0,12,56,82,107,148,145,186,193,282,288,279,342,376,382,503,418,266,175,135,19,4396
1612,20-09-2025,135-Kadugodi Tree Park,1,0,0,0,24,98,277,471,745,808,851,898,769,745,681,694,727,733,779,660,493,329,172,1,10956
1613,20-09-2025,136-Hopefarm Channasandra,0,0,0,0,4,13,70,89,139,171,187,158,158,158,166,145,127,188,211,156,95,49,31,2,2317
1614,20-09-2025,137-Whitefield (Kadugodi),0,0,0,0,10,53,223,533,755,720,619,547,501,477,495,398,474,481,489,398,232,192,61,0,7658
1615,20-09-2025,21-Nagasandra,0,0,0,0,1,49,146,485,897,1097,790,551,594,567,669,627,702,946,1115,967,580,431,263,4,11481
1616,20-09-2025,22-Dasarahalli,0,0,0,0,0,120,242,640,1176,1415,1040,792,723,632,573,614,662,574,704,610,414,269,132,7,11339
1617,20-09-2025,23-Jalahalli,0,0,0,0,0,68,151,324,584,729,490,615,557,466,513,401,624,676,795,475,399,263,121,7,8258
1618,20-09-2025,24-Peenya Industry,0,0,0,0,0,10,41,79,153,208,125,112,144,121,144,93,178,193,232,143,58,52,14,1,2101
1619,20-09-2025,25-Peenya,0,0,0,0,0,21,58,161,282,377,300,268,264,210,222,228,218,349,435,259,149,91,36,5,3933
1620,20-09-2025,26-Yeshwanthpur Industry,0,0,0,0,9,52,131,313,476,620,449,448,364,547,370,392,466,544,908,651,392,309,163,26,7630
1621,20-09-2025,27-Yeshwanthpur,0,0,0,0,108,539,593,1183,1307,966,990,451,573,690,780,536,445,962,893,825,1286,681,269,139,14216
1622,20-09-2025,28-Sandal Soap Factory,0,0,0,0,5,38,85,217,354,473,411,491,628,705,924,999,1033,1297,1496,1305,1128,784,789,111,13273
1623,20-09-2025,29-Mahalakshmi,0,0,0,0,2,46,137,369,659,952,737,588,684,801,883,831,664,807,1058,845,633,402,142,9,11249
1624,20-09-2025,210-Rajajinagar,0,0,0,0,6,53,134,458,852,1105,886,716,711,731,715,703,662,831,849,812,659,400,185,24,11492
1625,20-09-2025,211-Kuvempu Road,0,0,0,0,4,50,89,274,504,685,510,378,341,333,339,305,260,367,351,345,201,156,77,17,5586
1626,20-09-2025,212-Srirampura,0,0,0,0,1,51,67,302,503,704,590,367,322,373,329,349,347,392,522,420,307,180,68,16,6210
1627,20-09-2025,213-Mantri Square Sampige Road,0,0,0,0,0,34,109,320,657,903,834,700,901,1281,1355,1432,1683,2069,2193,2066,1457,1061,636,64,19755
1628,20-09-2025,215-Chickpete,0,0,0,0,1,19,41,156,316,353,319,355,749,1155,1710,2025,2296,2291,2468,2528,2171,1093,199,23,20268
1629,20-09-2025,216-KR Market,0,0,0,0,0,60,131,213,438,431,394,460,562,881,853,777,1150,1057,1385,1081,732,392,170,29,11196
1630,20-09-2025,217-National College,0,0,0,0,0,23,96,285,566,741,801,846,1124,1393,1447,1101,1110,1138,1204,964,747,609,215,44,14454
1631,20-09-2025,218-Lalbagh,0,0,0,0,3,15,40,113,213,266,230,238,310,495,476,524,590,784,1064,775,348,156,94,12,6746
1632,20-09-2025,219-South End Circle,0,0,0,0,1,27,59,186,261,315,357,405,579,605,636,472,753,691,982,821,457,268,123,17,8015
1633,20-09-2025,220-Jayanagar,0,0,0,0,6,42,92,221,412,562,606,670,883,1196,1343,1273,1939,1735,1812,1388,1078,724,403,28,16413
1634,20-09-2025,221-RV Road,0,0,0,0,2,43,87,209,412,485,582,564,721,799,796,817,721,820,885,719,616,360,213,24,9875
1635,20-09-2025,222-Banashankarl,0,0,0,0,0,86,205,413,750,912,784,824,829,875,791,628,693,733,883,748,498,358,201,31,11242
1636,20-09-2025,223-JP Nagar,0,0,0,0,0,111,162,415,830,1041,721,632,624,635,608,574,641,732,772,687,527,324,223,23,10282
1637,20-09-2025,224-Puttenahalli,0,0,0,0,5,75,140,418,895,1086,760,580,504,555,524,495,554,576,663,562,372,237,139,7,9147
1638,20-09-2025,225-Konanakunte Cross,0,0,0,0,5,64,196,510,876,1044,836,778,771,800,795,848,1124,1000,1153,1086,901,708,638,68,14201
1639,20-09-2025,226-Doddakallasandra,0,0,0,0,5,23,80,279,377,546,381,368,326,372,282,237,280,354,426,356,281,137,87,3,5200
1640,20-09-2025,227-Vajarahalli,1,0,0,0,7,44,55,287,443,516,455,401,385,380,358,475,427,403,383,375,246,167,75,8,5891
1641,20-09-2025,228-Thalghattapura,0,0,0,0,4,11,29,140,288,304,250,216,232,220,153,183,182,143,241,192,94,63,38,3,2986
1642,20-09-2025,229-Silk Institute,0,0,0,0,3,30,101,362,513,668,667,666,507,570,655,597,684,616,642,558,292,180,57,0,8368
1643,20-09-2025,230-Manjunatha Nagar,0,0,0,0,1,10,29,73,130,121,106,79,62,72,63,45,51,82,155,89,53,49,14,2,1286
1644,20-09-2025,231-Chikkabidarakallu,0,0,0,0,1,33,70,239,506,543,316,307,258,221,199,276,169,213,221,167,132,84,60,0,4015
1645,20-09-2025,232-Madavara,0,0,0,0,5,58,137,354,575,813,521,419,413,408,345,359,413,477,590,396,304,167,91,0,6845
1646,20-09-2025,31-Ragigudda,0,0,0,0,0,1,15,47,83,101,103,229,184,220,230,181,223,171,265,292,175,145,83,13,2761
1647,20-09-2025,32-Jayadeva Hospital,0,0,0,0,0,9,44,109,190,215,222,235,319,359,406,346,433,474,458,481,315,199,106,29,4949
1648,20-09-2025,33-BTM Layout,0,0,0,0,0,5,63,150,325,342,377,383,305,305,311,318,297,338,349,342,242,172,125,40,4789
1649,20-09-2025,34-Central Silk Board,2,0,0,0,0,7,81,159,237,293,340,414,381,341,406,400,378,432,556,434,320,195,153,27,5556
1650,20-09-2025,35-Bommanahalli,0,0,0,0,0,5,52,154,312,344,318,362,313,342,299,293,308,383,416,394,238,179,108,14,4834
1651,20-09-2025,36-Hongasandra,0,0,0,0,0,5,27,88,177,196,160,203,179,189,166,173,198,226,280,255,173,91,59,6,2851
1652,20-09-2025,37-Kudlu Gate,0,0,0,0,0,7,48,92,234,240,276,250,297,289,209,249,273,304,506,421,197,137,47,1,4077
1653,20-09-2025,38-Singasandra,0,0,0,0,0,0,25,54,89,120,122,131,113,129,128,111,96,126,139,123,80,56,30,4,1676
1654,20-09-2025,39-Hosa Road,0,0,0,0,0,9,61,174,305,320,310,378,303,253,225,262,253,287,314,296,199,108,56,2,4115
1655,20-09-2025,310-Beratena Agrahara,0,0,0,0,0,1,10,9,35,46,40,50,37,59,49,50,37,74,105,52,25,33,19,0,731
1656,20-09-2025,311-Electronic City,0,0,0,0,0,10,62,131,220,245,277,357,304,361,320,303,343,441,483,271,202,109,138,2,4579
1657,20-09-2025,312-Infosys Foundation Konappana Agrahara,0,0,0,0,0,23,106,198,283,405,459,530,599,595,779,817,1031,1166,742,431,277,145,111,0,8697
1658,20-09-2025,313-Huskur Road,0,0,0,0,0,8,30,80,138,177,156,158,212,227,181,168,188,179,294,255,152,115,78,0,2796
1659,20-09-2025,314-Biocon Hebbagodi,0,0,0,0,0,1,37,59,76,100,71,104,126,117,126,120,142,158,182,107,52,51,17,0,1646
1660,20-09-2025,315-Delta Electronics Bommasandra,0,0,0,0,0,31,121,241,369,429,525,562,531,541,575,552,604,778,675,540,301,166,48,0,7589
1661,21-09-2025,11-Baiyappanahalli,0,0,0,0,0,0,64,334,451,572,523,572,583,542,441,429,483,503,554,757,297,280,87,10,7482
1662,21-09-2025,12-SV Road,0,0,0,0,0,0,54,181,245,240,334,378,283,324,303,270,289,406,343,268,218,133,95,9,4373
1663,21-09-2025,13-Indiranagar,0,0,0,0,0,0,61,263,345,447,634,783,890,980,1029,1135,1211,1272,1240,1088,944,816,537,102,13777
1664,21-09-2025,14-Halasuru,0,0,0,0,0,0,25,203,287,385,462,529,496,475,342,350,419,363,437,439,293,185,84,8,5782
1665,21-09-2025,15-Trinity,0,0,0,0,0,0,19,70,91,103,154,201,276,234,260,340,319,350,327,325,267,208,144,18,3706
1666,21-09-2025,16-MG Road,0,0,0,0,0,0,23,90,125,166,332,437,658,936,1034,1250,1560,1852,2255,2424,2303,1984,1351,326,19106
1667,21-09-2025,17-Cubbon Park,0,0,0,0,0,1,8,108,148,243,398,768,688,636,675,758,938,1201,1292,614,309,261,154,31,9231
1668,21-09-2025,18-Vidhana Soudha,0,0,0,0,0,0,5,69,100,195,332,422,343,439,408,465,492,615,912,338,166,119,53,11,5484
1669,21-09-2025,19-Sir.M. Visveshwaraya,0,0,0,0,0,0,8,58,60,102,156,226,201,215,316,279,390,365,325,248,145,95,46,9,3244
1670,21-09-2025,110-Kempegowda,0,0,0,0,0,0,671,1534,1527,1811,2089,2384,2290,2369,2500,2487,2684,2830,2739,2460,1948,1604,835,203,34965
1671,21-09-2025,111-KSR Railway Station,0,0,0,0,0,0,117,632,425,462,577,456,498,626,601,456,697,1106,747,841,676,902,501,144,10464
1672,21-09-2025,112-Magadi Road,0,0,0,0,0,0,39,146,235,278,403,276,331,304,253,297,301,307,333,309,201,145,105,11,4274
1673,21-09-2025,113-Hosahalli,0,0,0,0,0,0,32,171,250,279,298,377,402,353,252,269,254,284,305,251,206,177,83,18,4261
1674,21-09-2025,114-Vijayanagar,0,0,0,0,0,0,40,246,264,421,472,546,597,530,447,416,444,476,498,395,360,227,161,19,6559
1675,21-09-2025,115-Attiguppe,0,0,0,0,0,0,26,136,198,250,346,331,327,386,333,287,478,510,292,277,210,162,93,10,4652
1676,21-09-2025,116-Deepanjali Nagar,0,0,0,0,0,0,25,131,123,150,209,206,224,245,157,181,199,164,217,218,158,156,90,19,2872
1677,21-09-2025,117-Mysuru Road,0,0,0,0,0,0,26,95,125,155,186,214,223,194,145,144,151,201,188,149,111,86,65,5,2463
1678,21-09-2025,118-Nayandahalli,0,0,0,0,0,0,17,32,62,58,84,75,128,138,116,114,142,127,126,138,147,88,93,19,1704
1679,21-09-2025,119-Rajarajeshwari Nagar,0,0,0,0,0,1,18,109,131,182,198,287,280,292,262,203,339,280,310,286,227,162,108,7,3682
1680,21-09-2025,120-Jnanabharathi,0,0,0,0,0,0,17,91,112,130,180,209,214,165,153,124,151,158,199,165,92,125,114,1,2400
1681,21-09-2025,121-Pattangere,0,0,0,0,0,0,19,87,83,148,185,243,232,204,193,202,201,199,181,135,88,88,47,2,2537
1682,21-09-2025,122-Kengeri Bus Terminal,0,0,0,0,0,0,54,149,220,322,382,474,459,401,375,395,366,421,454,413,273,238,188,47,5631
1683,21-09-2025,123-Kengeri,0,0,0,0,0,0,28,72,106,170,204,243,281,235,246,276,344,370,497,438,289,297,166,8,4270
1684,21-09-2025,124-Challaghatta,0,0,0,0,0,0,60,133,213,313,434,530,379,458,277,354,375,373,305,288,255,144,69,0,4960
1685,21-09-2025,125-Benniganahalli,2,0,0,0,0,0,215,656,793,1109,1304,1541,1505,1157,1132,1093,1412,1286,1335,1214,869,597,395,46,17661
1686,21-09-2025,126-Krishnarajapura,2,0,0,0,0,0,145,554,502,866,731,1170,1003,822,833,771,792,844,769,667,505,546,431,94,12047
1687,21-09-2025,127-Singayyanapalya,0,0,0,0,0,0,37,128,180,226,273,304,343,375,338,408,608,620,694,729,714,518,404,35,6934
1688,21-09-2025,128-Garudacharpalya,0,0,0,0,0,0,31,164,173,180,206,250,240,252,241,256,261,310,474,246,219,212,134,25,3874
1689,21-09-2025,129-Hoodi,1,0,0,0,0,0,49,142,180,243,291,384,403,348,365,365,387,446,435,389,317,206,106,3,5060
1690,21-09-2025,130-Seetharampalya,1,0,0,0,0,0,13,204,158,175,242,317,351,333,373,366,389,400,359,240,199,140,95,2,4357
1691,21-09-2025,131-Kundalahalli,1,0,0,0,0,0,34,105,112,135,247,303,270,290,304,288,295,277,262,212,167,90,64,3,3459
1692,21-09-2025,132-Nallur Halli,0,0,0,0,0,0,23,97,112,137,152,237,247,219,289,243,201,210,224,167,116,112,52,6,2844
1693,21-09-2025,133-Sri Sathya Sai Hospital,2,0,0,0,0,0,9,38,64,29,56,90,56,76,83,70,107,121,143,113,76,56,26,5,1220
1694,21-09-2025,134-Pattandur Agrahara,0,0,0,0,0,0,18,47,61,84,105,121,175,162,191,130,186,268,257,227,160,129,119,10,2450
1695,21-09-2025,135-Kadugodi Tree Park,6,0,0,0,0,0,124,251,311,399,544,646,620,573,533,535,542,512,502,384,320,197,109,5,7113
1696,21-09-2025,136-Hopefarm Channasandra,0,0,0,0,0,0,37,46,62,71,88,115,146,115,101,134,143,111,157,94,56,32,15,0,1523
1697,21-09-2025,137-Whitefield (Kadugodi),0,0,0,0,0,0,74,210,229,296,367,442,445,366,382,353,440,366,341,347,201,129,52,0,5040
1698,21-09-2025,21-Nagasandra,0,0,0,0,0,0,57,156,227,269,393,564,488,537,552,613,758,827,810,748,542,380,223,2,8146
1699,21-09-2025,22-Dasarahalli,0,0,0,0,0,0,33,369,355,475,767,856,772,574,569,474,609,626,559,448,331,294,164,6,8281
1700,21-09-2025,23-Jalahalli,0,0,0,0,0,0,21,209,268,357,521,753,620,571,377,482,551,455,416,321,256,209,94,6,6487
1701,21-09-2025,24-Peenya Industry,0,0,0,0,0,0,13,37,31,36,92,99,103,93,81,83,92,74,65,63,22,27,16,5,1032
1702,21-09-2025,25-Peenya,0,0,0,0,0,0,17,89,106,112,148,161,188,198,129,162,189,189,165,106,97,88,48,8,2200
1703,21-09-2025,26-Yeshwanthpur Industry,0,0,0,0,0,0,46,162,248,252,364,417,391,312,331,365,346,416,462,379,312,275,170,19,5267
1704,21-09-2025,27-Yeshwanthpur,0,0,0,0,0,0,331,1323,597,529,444,498,704,715,709,540,347,697,542,486,1741,763,343,106,11415
1705,21-09-2025,28-Sandal Soap Factory,0,0,0,0,0,0,21,140,162,221,277,471,605,667,939,1118,1208,1130,1273,1179,941,728,619,61,11760
1706,21-09-2025,29-Mahalakshmi,0,0,0,0,0,0,27,140,216,328,427,524,673,831,1047,767,626,700,743,710,569,348,84,9,8769
1707,21-09-2025,210-Rajajinagar,0,0,0,0,0,0,37,197,297,311,421,541,543,544,498,513,548,523,556,378,344,258,164,18,6691
1708,21-09-2025,211-Kuvempu Road,0,0,0,0,0,0,28,130,155,242,254,307,243,245,247,256,233,226,244,216,157,113,59,6,3361
1709,21-09-2025,212-Srirampura,0,0,0,0,0,0,16,165,157,254,354,273,269,272,265,287,270,309,286,221,192,130,71,6,3797
1710,21-09-2025,213-Mantri Square Sampige Road,0,0,0,0,0,0,31,151,287,388,429,495,705,854,971,1065,1309,1453,1163,1572,1141,920,584,41,13559
1711,21-09-2025,215-Chickpete,0,0,0,0,0,0,26,209,466,674,985,1290,1784,2238,2841,2713,2567,2499,2251,1449,813,214,78,1,23098
1712,21-09-2025,216-KR Market,0,0,0,0,0,0,49,182,274,259,312,371,489,546,563,526,639,538,526,428,298,222,106,12,6340
1713,21-09-2025,217-National College,0,0,0,0,0,0,28,126,198,249,415,560,582,578,626,635,509,742,708,531,455,335,150,11,7438
1714,21-09-2025,218-Lalbagh,0,0,0,0,0,0,16,66,105,174,204,256,327,374,424,505,691,716,807,393,172,98,61,4,5393
1715,21-09-2025,219-South End Circle,0,0,0,0,0,0,26,78,118,179,258,251,323,460,412,310,315,464,731,276,253,149,69,10,4682
1716,21-09-2025,220-Jayanagar,0,0,0,0,0,0,44,155,151,241,394,467,497,780,796,893,938,1007,1113,956,757,556,240,27,10012
1717,21-09-2025,221-RV Road,0,0,0,0,0,0,33,104,159,191,260,384,413,460,391,368,413,480,440,445,294,220,156,33,5244
1718,21-09-2025,222-Banashankarl,0,0,0,0,0,0,65,256,337,412,571,803,820,804,625,577,617,592,627,482,377,272,128,13,8378
1719,21-09-2025,223-JP Nagar,0,0,0,0,0,0,64,232,268,336,455,551,576,395,414,505,487,508,511,393,373,274,136,14,6492
1720,21-09-2025,224-Puttenahalli,0,0,0,0,0,0,59,221,254,345,534,466,502,406,430,341,379,453,434,335,227,188,108,4,5686
1721,21-09-2025,225-Konanakunte Cross,0,0,0,0,0,0,61,267,279,398,512,578,669,652,752,831,857,848,965,1006,783,525,519,26,10528
1722,21-09-2025,226-Doddakallasandra,0,0,0,0,0,0,18,118,157,167,224,261,331,251,279,230,250,278,265,236,175,117,41,0,3398
1723,21-09-2025,227-Vajarahalli,0,0,0,0,0,0,40,132,189,193,296,327,311,307,268,292,236,251,263,243,164,122,34,1,3669
1724,21-09-2025,228-Thalghattapura,0,0,0,0,0,0,23,73,117,100,154,146,152,149,100,141,101,131,132,119,89,66,28,0,1821
1725,21-09-2025,229-Silk Institute,0,0,0,0,0,0,61,210,260,362,447,618,418,421,410,421,380,400,423,265,237,149,75,0,5557
1726,21-09-2025,230-Manjunatha Nagar,0,0,0,0,0,0,9,31,46,59,68,71,45,40,43,49,56,73,56,43,67,50,35,4,845
1727,21-09-2025,231-Chikkabidarakallu,0,0,0,0,0,0,18,96,128,145,192,164,226,176,148,167,171,241,207,177,104,85,51,0,2496
1728,21-09-2025,232-Madavara,0,0,0,0,0,0,38,131,236,283,415,439,415,374,312,305,293,374,407,305,262,265,164,0,5018
1729,21-09-2025,31-Ragigudda,0,0,0,0,0,0,8,37,41,37,81,124,149,122,154,112,129,152,184,152,136,92,56,7,1773
1730,21-09-2025,32-Jayadeva Hospital,0,0,0,0,0,0,11,53,77,115,134,188,209,189,228,270,272,237,265,275,164,105,103,7,2902
1731,21-09-2025,33-BTM Layout,0,0,0,0,0,0,29,118,97,186,239,271,229,296,279,242,275,300,255,257,189,125,100,13,3500
1732,21-09-2025,34-Central Silk Board,1,0,0,0,0,0,26,101,102,179,261,339,321,270,316,295,344,363,330,287,223,121,137,14,4030
1733,21-09-2025,35-Bommanahalli,0,0,0,0,0,0,25,104,142,159,264,304,238,253,274,318,300,323,294,237,160,139,96,12,3642
1734,21-09-2025,36-Hongasandra,0,0,0,0,0,0,6,60,59,107,100,170,154,160,123,165,143,152,148,123,88,80,42,3,1883
1735,21-09-2025,37-Kudlu Gate,1,0,0,0,0,0,3,62,110,123,260,229,302,325,210,283,287,237,219,155,102,91,37,0,3036
1736,21-09-2025,38-Singasandra,0,0,0,0,0,0,0,30,42,53,95,68,115,121,132,96,103,125,127,69,40,30,23,3,1272
1737,21-09-2025,39-Hosa Road,0,0,0,0,0,0,29,114,119,197,292,281,305,264,257,235,261,286,243,179,138,76,41,0,3317
1738,21-09-2025,310-Beratena Agrahara,0,0,0,0,0,0,6,14,11,12,38,60,51,27,46,34,46,50,42,38,16,25,1,0,517
1739,21-09-2025,311-Electronic City,0,0,0,0,0,0,23,61,101,169,235,312,324,277,262,207,247,264,225,156,113,73,35,3,3087
1740,21-09-2025,312-Infosys Foundation Konappana Agrahara,0,0,0,0,0,0,63,146,165,268,428,492,385,330,412,386,364,325,354,224,183,124,82,2,4733
1741,21-09-2025,313-Huskur Road,0,0,0,0,0,0,12,52,62,98,152,174,135,129,167,212,241,204,220,222,107,77,53,0,2317
1742,21-09-2025,314-Biocon Hebbagodi,0,0,0,0,0,0,15,38,45,77,97,128,105,85,96,129,120,157,136,52,45,42,5,0,1372
1743,21-09-2025,315-Delta Electronics Bommasandra,0,0,0,0,0,0,84,162,200,390,610,663,520,420,457,450,421,449,399,261,202,122,37,0,5847
1744,22-09-2025,11-Baiyappanahalli,0,0,0,0,20,115,396,1218,2135,3224,1328,677,500,422,325,452,571,905,1027,877,392,501,77,9,15171
1745,22-09-2025,12-SV Road,0,0,0,0,6,73,145,407,821,937,534,384,334,336,396,642,842,1221,1302,968,484,188,111,21,10152
1746,22-09-2025,13-Indiranagar,0,0,0,0,11,56,235,788,1465,2091,1408,815,835,715,865,1078,1605,2407,3631,3031,1430,714,393,54,23627
1747,22-09-2025,14-Halasuru,0,0,0,0,4,45,181,591,1239,1630,998,542,404,346,438,316,368,610,778,624,405,239,99,5,9862
1748,22-09-2025,15-Trinity,0,0,0,0,4,11,60,184,373,345,303,293,343,395,401,553,807,2044,3913,2935,1138,424,198,28,14752
1749,22-09-2025,16-MG Road,0,0,0,0,7,18,85,175,394,470,326,638,795,747,839,1092,1313,2280,3960,3211,1673,981,539,116,19659
1750,22-09-2025,17-Cubbon Park,0,0,0,0,8,18,90,274,546,568,462,365,574,527,572,928,1078,2320,3437,2019,943,385,173,18,15305
1751,22-09-2025,18-Vidhana Soudha,0,0,0,3,3,3,54,158,314,276,409,442,617,693,787,936,1163,2898,2727,1266,548,226,65,10,13598
1752,22-09-2025,19-Sir.M. Visveshwaraya,0,0,0,0,0,9,58,140,261,305,383,743,1141,1105,883,1063,1264,2395,2312,1147,745,324,105,6,14389
1753,22-09-2025,110-Kempegowda,0,0,0,52,608,1469,1784,2255,2391,2697,2057,1862,1578,1530,1689,1478,1789,2236,2678,2314,1939,1526,833,149,34914
1754,22-09-2025,111-KSR Railway Station,0,0,0,6,157,512,730,1435,1704,2792,1413,770,780,401,732,302,524,670,799,595,464,630,192,37,15645
1755,22-09-2025,112-Magadi Road,0,0,0,0,11,82,211,556,1094,1426,1237,476,350,353,232,248,324,349,377,333,240,148,53,11,8111
1756,22-09-2025,113-Hosahalli,0,0,0,0,5,76,226,831,1867,2203,1444,668,525,396,320,322,314,459,525,363,268,178,82,6,11078
1757,22-09-2025,114-Vijayanagar,0,0,0,0,7,100,301,979,2080,2656,1535,654,566,507,409,404,387,431,467,475,388,223,114,24,12707
1758,22-09-2025,115-Attiguppe,0,0,0,0,7,61,233,759,1611,1947,1144,560,420,367,257,254,222,256,353,331,237,132,75,4,9230
1759,22-09-2025,116-Deepanjali Nagar,0,0,0,0,81,117,223,394,711,803,506,259,241,189,161,124,179,227,212,208,150,110,85,8,4988
1760,22-09-2025,117-Mysuru Road,0,0,0,0,11,35,158,560,1353,1581,886,397,288,335,240,307,362,335,305,231,168,75,58,6,7691
1761,22-09-2025,118-Nayandahalli,0,0,0,0,6,18,88,150,289,324,217,101,125,131,90,109,134,121,167,125,113,61,40,10,2419
1762,22-09-2025,119-Rajarajeshwari Nagar,0,0,0,0,3,59,153,538,990,1037,567,383,282,286,256,227,318,326,290,361,211,145,71,10,6513
1763,22-09-2025,120-Jnanabharathi,0,0,0,0,2,40,136,456,839,977,569,284,244,188,219,189,191,222,144,149,72,42,48,1,5012
1764,22-09-2025,121-Pattangere,0,0,0,0,9,36,115,325,646,738,373,267,297,499,406,556,1062,746,563,278,157,74,50,2,7199
1765,22-09-2025,122-Kengeri Bus Terminal,0,0,0,0,12,116,362,772,1303,1227,675,629,446,419,410,345,487,515,393,323,253,173,78,7,8945
1766,22-09-2025,123-Kengeri,0,0,0,0,15,81,363,831,1269,1266,737,478,350,338,219,262,236,341,395,308,210,225,77,0,8001
1767,22-09-2025,124-Challaghatta,0,0,0,0,6,47,200,463,756,802,717,461,342,360,285,357,519,536,503,271,180,77,57,0,6939
1768,22-09-2025,125-Benniganahalli,0,0,0,0,97,286,702,2011,3681,4305,3134,1697,1256,1152,911,906,1242,1596,1890,1558,916,640,407,28,28415
1769,22-09-2025,126-Krishnarajapura,0,0,0,2,108,304,538,1482,2379,2896,1721,1369,1204,961,592,884,1334,1463,1287,1235,857,575,222,12,21425
1770,22-09-2025,127-Singayyanapalya,0,0,0,0,4,42,96,280,653,963,553,329,267,261,278,413,568,705,889,649,452,345,194,19,7960
1771,22-09-2025,128-Garudacharpalya,0,0,0,0,4,43,105,244,505,547,360,218,241,250,225,298,628,1162,1623,1016,534,283,128,6,8420
1772,22-09-2025,129-Hoodi,0,0,0,0,7,51,138,362,742,814,577,328,274,269,238,259,384,513,764,586,333,230,80,1,6950
1773,22-09-2025,130-Seetharampalya,0,0,0,0,4,25,103,251,491,632,405,260,197,234,366,533,1205,1506,1663,1044,507,326,176,2,9930
1774,22-09-2025,131-Kundalahalli,0,0,0,0,4,14,64,152,269,325,264,154,177,215,339,768,1356,1580,1458,952,503,278,107,2,8981
1775,22-09-2025,132-Nallur Halli,0,0,0,0,4,18,63,187,324,381,316,217,306,306,318,695,1154,1391,1549,1135,585,359,89,14,9411
1776,22-09-2025,133-Sri Sathya Sai Hospital,1,0,0,0,0,2,24,68,119,124,266,414,433,450,463,828,1556,1864,2298,1543,864,423,160,27,11927
1777,22-09-2025,134-Pattandur Agrahara,3,0,0,0,2,10,33,91,207,270,270,218,321,469,563,990,1682,2172,2543,1891,1098,596,300,20,13749
1778,22-09-2025,135-Kadugodi Tree Park,3,0,0,0,15,71,216,547,1683,2361,1954,1132,578,636,479,381,482,518,640,508,401,222,103,1,12931
1779,22-09-2025,136-Hopefarm Channasandra,0,0,0,0,0,13,59,136,514,655,366,139,98,94,78,83,133,160,171,143,76,46,27,0,2991
1780,22-09-2025,137-Whitefield (Kadugodi),0,0,0,0,23,83,432,852,1681,1899,1058,642,371,335,339,209,296,286,399,315,195,148,60,0,9623
1781,22-09-2025,21-Nagasandra,0,0,0,0,15,89,308,974,2132,1997,1057,559,433,407,366,361,614,689,662,472,371,205,128,8,11847
1782,22-09-2025,22-Dasarahalli,0,0,0,0,21,142,398,1125,1952,2151,1327,664,539,439,432,425,512,639,580,494,329,219,105,6,12499
1783,22-09-2025,23-Jalahalli,0,0,0,1,17,123,298,676,1059,1115,731,457,354,333,364,329,367,512,788,499,339,184,87,10,8643
1784,22-09-2025,24-Peenya Industry,0,0,0,0,0,10,47,202,349,338,206,119,105,73,94,83,121,251,360,158,78,40,19,3,2656
1785,22-09-2025,25-Peenya,0,0,0,0,7,29,121,392,664,733,458,214,214,121,113,128,179,344,485,332,181,74,28,4,4821
1786,22-09-2025,26-Yeshwanthpur Industry,0,0,0,0,28,164,282,627,721,749,677,483,380,334,341,396,441,556,1046,830,538,257,110,13,8973
1787,22-09-2025,27-Yeshwanthpur,0,0,0,19,958,994,783,1816,1916,1248,1660,449,490,1112,589,377,438,957,886,795,1287,648,286,29,17737
1788,22-09-2025,28-Sandal Soap Factory,0,0,0,0,19,58,142,412,700,681,428,356,414,457,497,577,622,1041,1509,1189,820,397,347,37,10703
1789,22-09-2025,29-Mahalakshmi,0,0,0,0,8,47,214,601,1159,1268,849,498,468,602,544,355,264,476,697,428,451,208,47,20,9204
1790,22-09-2025,210-Rajajinagar,0,0,0,0,23,61,233,757,1527,1635,981,644,507,554,519,516,532,757,940,723,608,289,162,17,11985
1791,22-09-2025,211-Kuvempu Road,0,0,0,0,5,42,113,475,907,1112,600,346,274,257,206,205,224,226,286,210,203,114,52,7,5864
1792,22-09-2025,212-Srirampura,0,0,0,0,2,36,96,449,903,1041,629,343,268,244,228,247,249,288,457,340,276,107,31,8,6242
1793,22-09-2025,213-Mantri Square Sampige Road,0,0,0,0,5,37,155,552,1034,1204,853,651,649,747,765,796,995,1637,1908,1555,1198,726,350,41,15858
1794,22-09-2025,215-Chickpete,0,0,0,0,3,14,59,179,379,310,215,311,442,756,957,1138,1215,1353,1493,1635,1370,612,128,13,12582
1795,22-09-2025,216-KR Market,0,0,0,0,15,139,224,343,481,526,465,395,489,705,726,740,1108,986,974,926,643,296,110,14,10305
1796,22-09-2025,217-National College,0,0,0,0,0,27,131,512,937,1037,804,647,697,965,1330,1204,1429,1277,1185,1073,558,359,93,11,14276
1797,22-09-2025,218-Lalbagh,0,0,0,0,7,27,78,185,335,305,246,194,282,311,273,322,646,769,1101,848,338,194,59,9,6529
1798,22-09-2025,219-South End Circle,0,0,0,0,4,26,55,244,471,456,359,293,404,503,485,855,836,814,1408,1107,575,242,100,8,9245
1799,22-09-2025,220-Jayanagar,0,0,0,0,4,42,118,359,728,840,685,528,524,650,705,822,1526,1384,1669,1377,847,477,183,15,13483
1800,22-09-2025,221-RV Road,0,0,0,0,5,57,116,389,738,735,507,386,346,357,437,441,584,677,1121,863,536,259,98,16,8668
1801,22-09-2025,222-Banashankarl,0,0,0,0,9,76,197,565,1163,1218,865,663,583,656,599,579,748,998,1164,1016,672,345,143,17,12276
1802,22-09-2025,223-JP Nagar,0,0,0,0,9,74,190,607,1377,1568,890,515,414,398,390,383,538,608,944,712,432,200,126,10,10385
1803,22-09-2025,224-Puttenahalli,0,0,0,0,5,74,246,732,1748,1863,1021,514,400,331,277,346,602,491,626,581,265,199,78,6,10405
1804,22-09-2025,225-Konanakunte Cross,0,0,0,0,10,102,279,859,1563,1613,967,612,480,491,470,493,615,681,608,694,442,280,281,22,11562
1805,22-09-2025,226-Doddakallasandra,0,0,0,0,5,24,121,531,897,962,526,310,258,283,172,185,263,264,266,283,174,102,37,1,5664
1806,22-09-2025,227-Vajarahalli,0,0,0,0,9,36,128,520,788,822,480,286,264,268,240,439,428,274,356,289,158,83,72,4,5944
1807,22-09-2025,228-Thalghattapura,0,0,0,0,5,18,74,288,501,485,285,157,144,113,105,121,123,177,194,181,66,50,22,0,3109
1808,22-09-2025,229-Silk Institute,0,0,0,0,11,58,199,568,1020,986,617,445,373,424,391,377,573,677,553,603,246,82,31,1,8235
1809,22-09-2025,230-Manjunatha Nagar,0,0,0,0,4,10,48,124,308,285,115,80,50,48,23,49,36,32,117,62,40,32,26,2,1491
1810,22-09-2025,231-Chikkabidarakallu,0,0,0,0,6,35,161,457,797,1049,438,258,190,164,134,126,134,170,187,134,70,61,28,1,4600
1811,22-09-2025,232-Madavara,0,0,0,0,17,83,298,731,1282,1315,711,484,332,283,243,287,329,298,451,344,231,117,51,0,7887
1812,22-09-2025,31-Ragigudda,0,0,0,0,0,1,17,89,163,183,112,105,122,114,122,135,244,203,270,233,132,78,53,5,2381
1813,22-09-2025,32-Jayadeva Hospital,0,0,0,0,0,5,30,148,316,316,230,230,228,270,294,306,419,552,797,651,227,114,86,13,5232
1814,22-09-2025,33-BTM Layout,0,0,0,0,0,3,48,243,553,576,312,216,185,168,161,123,184,208,332,253,167,106,50,12,3900
1815,22-09-2025,34-Central Silk Board,0,0,0,0,0,21,68,249,417,400,279,202,222,229,200,212,378,477,650,610,322,153,94,9,5192
1816,22-09-2025,35-Bommanahalli,2,0,0,0,0,22,99,248,514,479,246,189,121,194,157,161,189,257,462,448,208,116,45,1,4158
1817,22-09-2025,36-Hongasandra,0,0,0,0,0,8,29,116,255,238,153,148,127,163,143,160,176,260,407,344,180,84,42,3,3036
1818,22-09-2025,37-Kudlu Gate,0,0,0,0,0,2,64,176,357,332,212,145,139,200,127,136,222,231,508,478,189,96,38,3,3655
1819,22-09-2025,38-Singasandra,0,0,0,0,0,1,32,97,181,177,122,86,74,86,63,60,77,88,142,87,58,31,14,2,1478
1820,22-09-2025,39-Hosa Road,0,0,0,0,0,2,84,285,485,468,279,182,137,126,131,132,165,195,205,195,127,94,32,0,3324
1821,22-09-2025,310-Beratena Agrahara,0,0,0,0,0,4,8,29,60,75,42,43,25,19,29,21,40,63,109,126,104,24,6,0,827
1822,22-09-2025,311-Electronic City,1,0,0,0,0,5,49,175,277,312,219,184,191,162,182,305,378,332,294,192,139,97,32,2,3528
1823,22-09-2025,312-Infosys Foundation Konappana Agrahara,0,0,0,0,0,20,116,268,495,381,290,204,252,253,281,399,543,802,711,512,272,158,66,1,6024
1824,22-09-2025,313-Huskur Road,0,0,0,0,0,3,46,134,236,182,131,103,131,91,84,109,189,248,287,145,59,34,22,0,2234
1825,22-09-2025,314-Biocon Hebbagodi,0,0,0,0,0,5,42,72,156,148,110,89,90,68,84,62,70,127,166,98,21,24,19,0,1451
1826,22-09-2025,315-Delta Electronics Bommasandra,0,0,0,0,0,15,115,403,589,492,385,307,281,245,303,306,385,493,628,437,213,88,28,0,5713
1827,23-09-2025,11-Baiyappanahalli,0,0,0,0,34,73,281,838,2373,3327,1576,699,479,424,339,464,631,1000,1199,799,407,511,92,6,15552
1828,23-09-2025,12-SV Road,0,0,0,0,46,102,128,386,788,910,618,412,381,358,368,598,1141,1334,1332,1103,529,200,136,33,10903
1829,23-09-2025,13-Indiranagar,0,0,0,0,5,48,198,672,1500,2147,1551,886,762,835,854,1198,1753,2368,3816,3009,1579,854,453,59,24547
1830,23-09-2025,14-Halasuru,0,0,0,0,3,39,190,605,1220,1729,1142,587,403,361,484,331,455,646,843,674,456,287,101,16,10572
1831,23-09-2025,15-Trinity,0,0,0,0,0,13,57,185,346,389,389,303,306,380,448,537,847,2077,4003,2971,1315,505,231,39,15341
1832,23-09-2025,16-MG Road,0,0,0,0,0,14,65,204,370,469,514,760,872,802,897,1191,1418,2479,3872,3282,1863,994,596,160,20822
1833,23-09-2025,17-Cubbon Park,0,0,0,0,0,21,88,270,542,549,508,522,582,587,630,699,1268,2537,3587,2235,912,487,223,38,16285
1834,23-09-2025,18-Vidhana Soudha,0,0,0,0,0,7,55,126,302,245,432,414,523,721,751,867,1134,2989,2639,1335,491,264,69,5,13369
1835,23-09-2025,19-Sir.M. Visveshwaraya,0,0,0,0,0,10,45,123,233,322,427,776,974,1061,959,1098,1409,2378,2349,1148,769,328,98,7,14514
1836,23-09-2025,110-Kempegowda,0,0,0,0,267,852,1216,1659,2127,2297,1909,1620,1418,1505,1622,1422,1566,2221,2563,2462,1859,1315,755,137,30792
1837,23-09-2025,111-KSR Railway Station,0,0,0,0,91,346,635,869,1242,1714,1261,633,571,420,378,382,364,779,643,439,467,394,220,32,11880
1838,23-09-2025,112-Magadi Road,0,0,0,0,15,70,172,555,1109,1618,1143,469,369,343,235,207,352,319,384,268,216,119,75,11,8049
1839,23-09-2025,113-Hosahalli,0,0,0,0,2,74,227,903,1954,2411,1711,668,438,435,339,292,349,483,468,367,266,168,72,14,11641
1840,23-09-2025,114-Vijayanagar,0,0,0,0,6,111,268,961,2182,2926,1694,737,586,533,478,407,387,478,535,472,393,250,145,19,13568
1841,23-09-2025,115-Attiguppe,0,0,0,0,5,59,249,771,1714,2030,1327,594,374,374,282,233,248,327,314,286,230,151,70,9,9647
1842,23-09-2025,116-Deepanjali Nagar,0,0,0,0,18,65,155,362,726,814,555,274,224,203,127,147,156,178,222,220,157,95,49,8,4755
1843,23-09-2025,117-Mysuru Road,0,0,0,0,5,27,153,612,1382,1785,1006,413,338,348,228,248,340,322,325,250,141,78,65,11,8077
1844,23-09-2025,118-Nayandahalli,0,0,0,0,0,18,49,170,261,274,201,108,121,124,94,91,121,112,129,125,110,86,65,10,2269
1845,23-09-2025,119-Rajarajeshwari Nagar,0,0,0,0,0,34,156,464,987,1106,681,370,253,320,224,238,332,380,342,259,196,123,72,9,6546
1846,23-09-2025,120-Jnanabharathi,0,0,0,0,0,35,114,401,853,962,606,310,179,197,184,156,196,237,175,131,84,54,29,3,4906
1847,23-09-2025,121-Pattangere,0,0,0,0,5,24,111,319,658,775,389,285,298,471,618,839,814,841,649,278,155,87,57,4,7677
1848,23-09-2025,122-Kengeri Bus Terminal,0,0,0,0,12,59,200,629,1002,1047,637,432,414,418,303,352,434,409,340,273,185,147,86,4,7383
1849,23-09-2025,123-Kengeri,0,0,0,0,6,39,146,565,1039,1038,636,382,237,229,187,187,245,259,390,258,165,143,76,2,6229
1850,23-09-2025,124-Challaghatta,0,0,0,0,6,19,101,311,689,666,351,247,271,310,306,560,675,500,478,284,131,83,28,0,6016
1851,23-09-2025,125-Benniganahalli,0,0,0,0,64,198,481,1537,3374,4312,3262,1807,1179,1146,1043,934,1133,1616,1912,1535,1097,611,341,50,27632
1852,23-09-2025,126-Krishnarajapura,1,0,0,0,60,112,442,999,2238,2943,1867,1443,747,778,602,800,1380,1675,1485,1349,827,607,231,10,20596
1853,23-09-2025,127-Singayyanapalya,0,0,0,0,5,38,91,279,686,1017,610,326,286,266,254,360,609,751,986,757,455,319,219,24,8338
1854,23-09-2025,128-Garudacharpalya,0,0,0,0,3,38,146,263,536,555,401,276,215,250,263,375,776,1286,1780,1090,551,297,174,5,9280
1855,23-09-2025,129-Hoodi,1,0,0,0,0,58,147,324,805,909,585,353,277,285,215,258,400,494,896,594,371,251,127,5,7355
1856,23-09-2025,130-Seetharampalya,0,0,0,0,0,23,113,249,511,664,442,249,199,253,343,581,1303,1583,1845,1144,623,380,226,4,10735
1857,23-09-2025,131-Kundalahalli,0,0,0,0,1,19,56,152,324,358,276,210,202,295,483,835,1600,1773,1656,1015,652,321,137,4,10369
1858,23-09-2025,132-Nallur Halli,0,0,0,0,0,26,62,168,363,367,322,234,228,318,382,746,1271,1597,1807,1188,726,426,113,9,10353
1859,23-09-2025,133-Sri Sathya Sai Hospital,3,0,0,0,1,7,46,73,109,137,224,372,473,480,524,843,1622,2053,2533,1613,1056,425,178,11,12783
1860,23-09-2025,134-Pattandur Agrahara,5,0,0,0,3,25,63,109,192,245,273,245,423,472,597,1088,1938,2397,2637,2153,1140,718,321,38,15082
1861,23-09-2025,135-Kadugodi Tree Park,4,0,0,0,5,56,169,512,1765,2474,2230,1256,565,612,449,375,497,555,641,507,345,248,107,1,13373
1862,23-09-2025,136-Hopefarm Channasandra,0,0,0,0,1,5,49,119,461,710,370,195,124,83,72,85,103,163,203,159,92,41,13,0,3048
1863,23-09-2025,137-Whitefield (Kadugodi),0,0,0,0,13,74,302,866,1514,2009,1250,615,403,351,296,219,266,340,349,337,184,137,42,0,9567
1864,23-09-2025,21-Nagasandra,0,0,0,0,8,42,211,859,1688,1717,887,507,431,367,292,364,542,714,688,529,256,213,76,1,10392
1865,23-09-2025,22-Dasarahalli,0,0,0,0,3,99,278,963,1817,1879,1140,581,504,473,448,366,478,546,585,444,320,197,91,7,11219
1866,23-09-2025,23-Jalahalli,0,0,0,0,0,76,185,529,952,1040,560,418,390,300,343,299,359,647,793,490,280,181,68,10,7920
1867,23-09-2025,24-Peenya Industry,0,0,0,0,0,7,53,188,345,332,214,121,74,80,94,79,108,270,310,203,73,42,22,1,2616
1868,23-09-2025,25-Peenya,0,0,0,0,0,21,92,349,650,696,445,177,169,140,126,99,149,363,511,290,110,57,34,2,4480
1869,23-09-2025,26-Yeshwanthpur Industry,0,0,0,0,11,82,142,447,793,748,511,373,289,295,267,311,385,615,1036,838,410,194,159,24,7930
1870,23-09-2025,27-Yeshwanthpur,0,0,0,0,232,356,651,1422,1181,1044,1285,520,766,560,389,424,408,698,649,827,1021,406,186,26,13051
1871,23-09-2025,28-Sandal Soap Factory,0,0,0,0,5,33,103,371,708,662,470,316,346,384,483,551,665,1124,1553,1353,724,491,340,48,10730
1872,23-09-2025,29-Mahalakshmi,0,0,0,0,0,48,155,605,1188,1422,895,487,433,550,427,309,381,508,707,428,337,192,55,8,9135
1873,23-09-2025,210-Rajajinagar,0,0,0,0,5,52,192,798,1570,1654,1113,679,490,536,502,476,559,714,988,759,570,262,129,19,12067
1874,23-09-2025,211-Kuvempu Road,0,0,0,0,3,42,102,479,945,1164,679,350,249,227,255,215,222,251,285,273,199,114,53,8,6115
1875,23-09-2025,212-Srirampura,0,0,0,0,0,25,96,452,929,1092,701,343,293,265,247,206,255,301,438,330,224,140,66,7,6410
1876,23-09-2025,213-Mantri Square Sampige Road,0,0,0,0,2,36,135,492,1040,1281,911,608,642,804,867,943,1050,1508,1927,1568,1174,750,320,38,16096
1877,23-09-2025,215-Chickpete,0,0,0,0,0,12,43,147,332,323,246,313,514,743,1076,1195,1337,1380,1515,1551,1414,717,113,23,12994
1878,23-09-2025,216-KR Market,0,0,0,0,5,85,161,259,523,498,431,414,473,562,666,752,1106,957,1061,1002,613,317,142,23,10050
1879,23-09-2025,217-National College,0,0,0,0,2,13,132,474,971,1124,950,754,696,1253,1143,1139,1455,1167,1186,979,615,359,143,7,14562
1880,23-09-2025,218-Lalbagh,0,0,0,0,0,19,51,165,386,337,252,254,218,281,332,424,509,827,1099,824,351,147,53,13,6542
1881,23-09-2025,219-South End Circle,0,0,0,0,2,20,78,205,433,464,367,307,371,681,504,696,740,917,1321,1201,623,253,119,14,9316
1882,23-09-2025,220-Jayanagar,0,0,0,0,2,32,78,352,745,855,691,525,542,685,725,772,1404,1383,1690,1338,821,523,167,13,13343
1883,23-09-2025,221-RV Road,0,0,0,0,0,29,94,365,784,767,538,430,336,459,446,445,633,704,1119,908,519,263,106,17,8962
1884,23-09-2025,222-Banashankarl,0,0,0,0,0,60,160,463,1260,1278,928,665,679,846,667,629,981,1029,1214,1088,658,359,157,23,13144
1885,23-09-2025,223-JP Nagar,0,0,0,0,0,81,131,533,1438,1563,950,537,424,411,347,379,503,629,985,732,472,217,141,13,10486
1886,23-09-2025,224-Puttenahalli,0,0,0,0,0,69,193,744,1750,1976,1134,551,392,280,321,372,467,451,721,501,259,188,83,9,10461
1887,23-09-2025,225-Konanakunte Cross,0,0,0,0,0,56,179,861,1553,1646,979,586,494,481,443,478,607,568,679,642,448,370,307,21,11398
1888,23-09-2025,226-Doddakallasandra,0,0,0,0,1,20,103,550,895,1012,552,324,293,212,175,180,259,283,351,282,163,70,34,1,5760
1889,23-09-2025,227-Vajarahalli,0,0,0,0,3,38,110,506,810,839,453,338,326,262,185,440,369,323,398,295,141,108,62,2,6008
1890,23-09-2025,228-Thalghattapura,0,0,0,0,2,21,58,282,493,512,271,176,158,122,107,106,127,160,154,131,44,37,21,2,2984
1891,23-09-2025,229-Silk Institute,0,0,0,0,7,27,119,496,876,926,555,426,295,356,376,353,532,627,527,334,181,119,42,2,7176
1892,23-09-2025,230-Manjunatha Nagar,0,0,0,0,2,27,36,113,211,183,108,62,53,62,40,26,30,33,60,69,35,25,15,3,1193
1893,23-09-2025,231-Chikkabidarakallu,0,0,0,0,1,28,119,445,837,773,454,243,168,157,109,84,145,181,156,166,77,45,29,2,4219
1894,23-09-2025,232-Madavara,0,0,0,0,6,67,171,529,1065,1042,595,385,325,259,241,248,282,336,436,320,168,96,68,0,6639
1895,23-09-2025,31-Ragigudda,0,0,0,0,0,1,18,86,161,153,123,112,124,145,159,132,240,191,310,222,114,83,45,5,2424
1896,23-09-2025,32-Jayadeva Hospital,0,0,0,0,0,4,37,116,328,324,235,214,253,264,265,281,419,571,834,642,283,145,87,11,5313
1897,23-09-2025,33-BTM Layout,0,0,0,0,0,2,33,230,565,549,332,211,166,172,148,129,149,180,330,235,145,85,59,11,3731
1898,23-09-2025,34-Central Silk Board,1,0,0,0,0,16,50,166,411,392,287,202,172,209,197,271,364,504,747,614,406,181,99,14,5303
1899,23-09-2025,35-Bommanahalli,0,0,0,0,0,12,75,212,522,458,327,171,154,140,143,123,206,264,487,422,245,132,70,12,4175
1900,23-09-2025,36-Hongasandra,0,0,0,0,0,8,29,118,299,227,144,131,107,130,120,127,241,289,423,387,172,91,51,3,3097
1901,23-09-2025,37-Kudlu Gate,0,0,0,0,0,3,41,150,360,344,211,160,112,183,154,158,206,218,493,436,177,91,58,2,3557
1902,23-09-2025,38-Singasandra,0,0,0,0,0,1,23,98,184,203,129,98,85,70,54,60,65,97,154,91,61,26,17,28,1544
1903,23-09-2025,39-Hosa Road,0,0,0,0,0,0,66,253,504,468,248,219,165,156,132,117,153,188,240,199,98,68,20,0,3294
1904,23-09-2025,310-Beratena Agrahara,0,0,0,0,0,1,10,26,58,77,50,29,25,9,25,38,38,102,136,71,39,23,3,0,760
1905,23-09-2025,311-Electronic City,0,0,0,0,0,6,46,127,254,311,186,144,173,208,254,290,322,344,354,256,146,120,53,3,3597
1906,23-09-2025,312-Infosys Foundation Konappana Agrahara,0,0,0,0,0,12,84,245,488,396,264,227,223,289,325,447,660,826,792,561,343,179,74,0,6435
1907,23-09-2025,313-Huskur Road,0,0,0,0,0,0,50,123,261,208,130,115,72,90,97,91,151,216,261,154,113,57,33,2,2224
1908,23-09-2025,314-Biocon Hebbagodi,0,0,0,0,0,5,24,50,147,140,97,72,49,84,54,71,103,152,153,131,57,26,16,0,1431
1909,23-09-2025,315-Delta Electronics Bommasandra,0,0,0,0,0,7,87,347,535,464,417,365,263,306,238,301,425,556,718,408,201,86,28,0,5752
1910,24-09-2025,11-Baiyappanahalli,0,0,0,0,13,58,279,891,2261,3039,1549,696,596,466,357,449,657,960,1181,867,458,506,108,20,15411
1911,24-09-2025,12-SV Road,0,0,0,0,3,43,124,409,774,888,652,383,372,362,345,522,1102,1285,1385,1107,593,215,139,30,10733
1912,24-09-2025,13-Indiranagar,0,0,0,0,2,47,225,745,1527,2182,1514,930,824,707,958,1026,1717,2465,3799,3228,1679,950,461,94,25080
1913,24-09-2025,14-Halasuru,0,0,0,0,1,43,213,623,1194,1689,1014,522,380,302,470,334,459,642,792,638,422,266,139,15,10158
1914,24-09-2025,15-Trinity,0,0,0,0,0,10,70,192,367,396,331,362,318,451,481,545,989,2061,3965,2901,1352,610,246,37,15684
1915,24-09-2025,16-MG Road,0,0,0,0,2,13,67,195,370,495,360,661,856,781,808,1133,1658,2602,3989,3093,1908,1165,698,165,21019
1916,24-09-2025,17-Cubbon Park,0,0,0,0,3,12,91,301,525,583,516,373,567,600,678,966,1288,2419,3511,2225,979,427,244,34,16342
1917,24-09-2025,18-Vidhana Soudha,0,0,0,0,1,7,43,149,269,276,387,432,597,767,782,936,1248,3083,2587,1292,526,256,66,9,13713
1918,24-09-2025,19-Sir.M. Visveshwaraya,0,0,0,0,0,11,42,135,266,297,412,849,1043,1088,940,1241,1368,2580,2327,1154,776,391,117,10,15047
1919,24-09-2025,110-Kempegowda,0,0,0,0,177,749,1042,1436,1965,2190,1801,1454,1579,1507,1606,1462,1719,2095,2482,2466,2107,1458,782,167,30244
1920,24-09-2025,111-KSR Railway Station,0,0,0,0,77,298,593,567,1395,1810,932,703,596,484,392,297,408,644,573,492,420,421,196,32,11330
1921,24-09-2025,112-Magadi Road,0,0,0,0,14,63,192,622,1119,1607,1161,477,343,359,235,229,327,333,407,324,247,128,62,10,8259
1922,24-09-2025,113-Hosahalli,0,0,0,0,10,64,233,927,1965,2426,1569,714,491,376,378,335,336,465,531,377,279,174,70,10,11730
1923,24-09-2025,114-Vijayanagar,0,0,0,0,8,108,251,1025,2186,2882,1695,772,645,550,502,401,385,481,532,480,370,223,139,22,13657
1924,24-09-2025,115-Attiguppe,0,0,0,0,6,66,250,802,1715,2088,1289,583,444,348,327,286,279,311,318,278,248,176,82,13,9909
1925,24-09-2025,116-Deepanjali Nagar,0,0,0,0,20,63,153,353,684,809,524,249,224,201,163,118,141,186,198,220,164,105,57,5,4637
1926,24-09-2025,117-Mysuru Road,0,0,0,0,5,37,156,623,1407,1687,911,466,370,473,259,216,248,342,334,313,147,70,56,3,8123
1927,24-09-2025,118-Nayandahalli,0,0,0,0,0,27,52,155,258,289,199,166,118,127,76,88,122,142,172,170,93,60,49,16,2379
1928,24-09-2025,119-Rajarajeshwari Nagar,0,0,0,0,0,38,148,531,960,1086,614,377,311,352,303,246,297,342,374,230,205,141,101,4,6660
1929,24-09-2025,120-Jnanabharathi,0,0,0,0,0,33,115,392,898,939,541,336,221,237,207,175,241,242,178,149,97,67,30,0,5098
1930,24-09-2025,121-Pattangere,0,0,0,0,5,28,100,328,708,783,386,341,316,619,424,714,1011,804,610,322,173,111,62,5,7850
1931,24-09-2025,122-Kengeri Bus Terminal,0,0,0,0,4,44,191,650,966,1058,666,479,387,465,325,328,365,405,348,350,236,185,92,5,7549
1932,24-09-2025,123-Kengeri,0,0,0,0,8,27,169,468,1028,983,592,432,271,215,191,225,246,304,432,341,191,130,75,14,6342
1933,24-09-2025,124-Challaghatta,0,0,0,0,5,30,84,315,633,653,396,299,272,288,379,453,872,526,471,372,174,103,50,3,6378
1934,24-09-2025,125-Benniganahalli,0,0,0,0,41,170,456,1616,3367,4146,3213,1776,1310,1046,1154,918,1355,1703,1938,1844,1076,654,382,36,28201
1935,24-09-2025,126-Krishnarajapura,0,0,0,0,13,99,417,1045,2346,3025,1778,1239,967,713,619,965,1270,1561,1679,1391,779,683,278,35,20902
1936,24-09-2025,127-Singayyanapalya,0,0,0,0,3,39,86,258,711,1003,599,359,297,272,261,390,590,809,1078,813,541,327,228,24,8688
1937,24-09-2025,128-Garudacharpalya,0,0,0,0,6,39,162,283,558,553,358,248,232,313,314,445,743,1272,1683,1123,589,348,173,10,9452
1938,24-09-2025,129-Hoodi,0,0,0,0,0,55,125,329,807,906,618,322,281,276,226,250,432,597,895,662,431,323,129,4,7668
1939,24-09-2025,130-Seetharampalya,0,0,0,0,0,35,102,225,556,660,412,272,245,266,374,595,1226,1650,1652,1177,588,419,264,1,10719
1940,24-09-2025,131-Kundalahalli,0,0,0,0,0,24,87,146,332,338,255,187,233,277,507,860,1558,1938,1657,1147,635,385,179,4,10749
1941,24-09-2025,132-Nallur Halli,0,0,0,0,0,25,71,201,331,405,338,230,338,305,388,671,1348,1565,1825,1204,766,500,167,12,10690
1942,24-09-2025,133-Sri Sathya Sai Hospital,2,0,0,0,2,11,47,77,113,119,235,382,511,398,550,819,1595,2102,2487,1824,984,436,170,26,12890
1943,24-09-2025,134-Pattandur Agrahara,2,0,0,0,1,33,46,122,187,296,263,269,378,483,613,1118,2074,2388,2644,1993,1140,695,356,35,15136
1944,24-09-2025,135-Kadugodi Tree Park,0,0,0,0,6,75,181,551,1815,2484,2236,1199,633,617,492,381,528,586,694,623,409,350,128,0,13988
1945,24-09-2025,136-Hopefarm Channasandra,0,0,0,0,0,8,49,136,517,714,374,202,103,90,80,102,134,164,232,147,96,28,21,1,3198
1946,24-09-2025,137-Whitefield (Kadugodi),0,0,0,0,6,68,300,806,1581,1901,1041,830,342,381,305,228,263,303,351,390,185,132,54,0,9467
1947,24-09-2025,21-Nagasandra,0,0,0,0,3,50,211,951,1894,1926,991,579,555,431,371,445,701,851,784,615,371,274,177,4,12184
1948,24-09-2025,22-Dasarahalli,0,0,0,0,1,92,270,1020,1877,2015,1201,728,576,523,426,461,581,588,627,643,382,262,115,5,12393
1949,24-09-2025,23-Jalahalli,0,0,0,0,0,72,203,549,968,1019,638,420,357,303,344,379,425,576,766,587,366,186,105,9,8272
1950,24-09-2025,24-Peenya Industry,0,0,0,0,4,11,48,187,321,352,219,119,95,111,107,94,121,290,346,203,66,34,28,1,2757
1951,24-09-2025,25-Peenya,0,0,0,0,0,21,77,337,625,771,426,209,152,150,100,137,168,406,513,309,178,76,33,4,4692
1952,24-09-2025,26-Yeshwanthpur Industry,0,0,0,0,6,77,126,349,669,630,437,335,278,248,254,328,366,589,1065,740,490,210,103,14,7314
1953,24-09-2025,27-Yeshwanthpur,0,0,0,0,131,751,735,1035,1157,1024,1107,350,529,506,375,215,279,729,681,830,1135,420,239,35,12263
1954,24-09-2025,28-Sandal Soap Factory,0,0,0,0,1,27,101,348,692,676,477,372,422,502,503,551,641,1112,1572,1361,779,464,368,35,11004
1955,24-09-2025,29-Mahalakshmi,0,0,0,0,8,58,177,574,1248,1351,891,516,400,399,413,301,383,508,711,514,365,218,78,9,9122
1956,24-09-2025,210-Rajajinagar,0,0,0,0,5,60,187,806,1573,1708,1076,693,646,592,573,515,539,694,904,792,501,253,154,25,12296
1957,24-09-2025,211-Kuvempu Road,0,0,0,0,0,30,106,464,936,1114,647,319,300,243,230,240,224,277,317,291,188,89,48,11,6074
1958,24-09-2025,212-Srirampura,0,0,0,0,0,40,111,472,888,1069,689,377,349,271,218,224,261,337,488,358,247,138,50,10,6597
1959,24-09-2025,213-Mantri Square Sampige Road,0,0,0,0,1,30,132,495,1018,1272,920,614,661,825,759,992,1113,1531,1971,1639,1187,781,405,47,16393
1960,24-09-2025,215-Chickpete,0,0,0,0,0,18,53,196,306,285,270,298,490,807,1124,1347,1378,1504,1676,1668,1542,797,152,12,13923
1961,24-09-2025,216-KR Market,0,0,0,0,0,77,119,265,518,532,391,404,537,730,698,843,1176,883,1075,867,702,329,161,17,10324
1962,24-09-2025,217-National College,0,0,0,0,0,25,121,459,1052,1036,876,762,708,1184,1314,1257,1293,1210,1169,1001,636,367,169,22,14661
1963,24-09-2025,218-Lalbagh,0,0,0,0,5,12,48,170,339,310,252,270,267,295,298,362,554,722,1009,817,397,195,65,12,6399
1964,24-09-2025,219-South End Circle,0,0,0,0,3,25,67,222,464,458,354,386,433,655,681,507,685,783,1287,1051,593,308,139,18,9119
1965,24-09-2025,220-Jayanagar,0,0,0,0,3,28,94,334,763,875,699,533,542,760,823,863,1503,1462,1502,1418,858,548,236,33,13877
1966,24-09-2025,221-RV Road,0,0,0,0,0,23,103,379,745,780,537,464,416,431,455,467,594,698,1119,917,488,260,116,15,9007
1967,24-09-2025,222-Banashankarl,0,0,0,0,0,66,143,504,1173,1250,871,684,607,850,746,594,764,903,1170,1077,674,388,201,38,12703
1968,24-09-2025,223-JP Nagar,0,0,0,0,0,73,160,601,1421,1677,928,523,479,419,381,411,526,725,927,745,425,261,144,15,10841
1969,24-09-2025,224-Puttenahalli,0,0,0,0,1,56,190,759,1679,1953,1039,520,399,384,354,371,471,553,711,534,261,209,88,7,10539
1970,24-09-2025,225-Konanakunte Cross,0,0,0,0,6,56,216,802,1613,1559,953,685,596,488,578,481,593,709,669,723,411,417,249,25,11829
1971,24-09-2025,226-Doddakallasandra,0,0,0,0,3,28,103,506,882,941,560,312,278,226,220,186,232,262,371,304,161,104,61,3,5743
1972,24-09-2025,227-Vajarahalli,0,0,0,0,2,30,88,507,775,793,522,344,295,267,216,423,443,283,354,276,175,106,51,4,5954
1973,24-09-2025,228-Thalghattapura,0,0,0,0,3,12,65,287,517,483,258,197,146,92,132,82,187,142,163,140,76,38,24,3,3047
1974,24-09-2025,229-Silk Institute,0,0,0,0,3,35,136,491,886,896,569,459,392,359,361,412,729,669,615,344,212,115,47,1,7731
1975,24-09-2025,230-Manjunatha Nagar,0,0,0,0,2,21,42,118,195,162,101,82,50,50,16,44,36,54,78,48,32,29,17,3,1180
1976,24-09-2025,231-Chikkabidarakallu,0,0,0,0,2,30,131,467,816,825,450,240,236,165,129,133,118,153,163,151,142,97,28,0,4476
1977,24-09-2025,232-Madavara,0,0,0,0,6,53,166,597,1073,972,618,435,316,304,295,262,351,359,483,433,191,142,78,0,7134
1978,24-09-2025,31-Ragigudda,0,0,0,0,0,0,13,91,167,177,112,126,136,106,143,154,210,220,280,241,134,74,51,7,2442
1979,24-09-2025,32-Jayadeva Hospital,0,0,0,0,0,3,40,118,328,296,213,222,250,276,271,298,494,593,876,574,361,157,84,10,5464
1980,24-09-2025,33-BTM Layout,0,0,0,0,0,5,39,238,571,590,326,218,193,156,149,114,187,212,329,272,182,130,61,11,3983
1981,24-09-2025,34-Central Silk Board,1,0,0,0,0,6,41,199,426,403,277,229,192,230,188,279,385,520,677,641,488,244,133,11,5570
1982,24-09-2025,35-Bommanahalli,0,0,0,0,0,7,69,220,525,460,262,215,178,133,145,177,217,296,455,468,261,137,67,2,4294
1983,24-09-2025,36-Hongasandra,1,0,0,0,0,5,25,114,345,298,141,129,114,198,135,161,190,259,417,429,218,113,68,3,3363
1984,24-09-2025,37-Kudlu Gate,0,0,0,0,0,6,49,179,389,329,229,195,136,196,168,204,207,276,530,582,280,106,27,0,4088
1985,24-09-2025,38-Singasandra,0,0,0,0,0,0,24,95,315,245,154,88,68,63,57,95,52,84,166,79,65,59,16,1,1726
1986,24-09-2025,39-Hosa Road,0,0,0,0,0,0,60,250,766,673,333,202,203,169,146,107,164,192,238,164,87,98,26,1,3879
1987,24-09-2025,310-Beratena Agrahara,0,0,0,0,0,1,11,33,224,338,65,35,28,61,24,20,40,78,118,94,24,29,12,0,1235
1988,24-09-2025,311-Electronic City,0,0,0,0,0,6,37,146,265,319,227,182,207,318,173,221,279,344,387,269,165,105,43,1,3694
1989,24-09-2025,312-Infosys Foundation Konappana Agrahara,0,0,0,0,0,8,68,254,505,390,275,251,219,290,283,446,644,923,888,640,357,224,73,0,6738
1990,24-09-2025,313-Huskur Road,0,0,0,0,0,4,32,109,249,197,141,115,83,77,87,108,178,239,291,190,93,61,26,0,2280
1991,24-09-2025,314-Biocon Hebbagodi,0,0,0,0,0,2,18,61,142,122,111,82,64,96,64,73,79,160,196,138,59,24,10,1,1502
1992,24-09-2025,315-Delta Electronics Bommasandra,0,0,0,0,0,6,103,334,580,490,386,355,271,282,297,327,413,584,722,527,219,128,25,0,6049
1993,25-09-2025,11-Baiyappanahalli,0,0,0,0,22,93,313,907,2136,3141,1504,762,502,454,348,504,654,972,1092,929,599,383,114,8,15437
1994,25-09-2025,12-SV Road,0,0,0,0,19,74,108,383,853,853,585,444,382,383,325,549,1034,1202,1299,928,664,256,129,31,10501
1995,25-09-2025,13-Indiranagar,0,0,0,0,11,69,229,721,1426,2031,1581,909,793,781,919,1152,1647,2592,3737,2984,1621,928,578,110,24819
1996,25-09-2025,14-Halasuru,0,0,0,0,4,59,198,621,1206,1662,989,567,414,366,419,326,398,614,796,670,422,261,124,8,10124
1997,25-09-2025,15-Trinity,0,0,0,0,1,20,65,209,335,360,333,297,390,386,428,533,839,1916,3866,2821,1313,576,270,34,14992
1998,25-09-2025,16-MG Road,0,0,0,0,0,16,61,174,362,521,366,701,743,820,742,1224,1431,2371,3800,3279,1822,1092,894,224,20643
1999,25-09-2025,17-Cubbon Park,0,0,0,0,0,24,80,267,518,528,461,426,614,593,662,962,1269,2500,3346,2124,962,499,225,40,16100
2000,25-09-2025,18-Vidhana Soudha,0,0,0,0,0,13,50,123,275,259,425,420,555,700,863,899,1198,2989,2537,1309,556,310,66,9,13556
2001,25-09-2025,19-Sir.M. Visveshwaraya,0,0,0,0,0,11,49,120,273,297,458,825,1006,1055,1012,1073,1369,2203,2452,1144,820,390,99,7,14663
2002,25-09-2025,110-Kempegowda,0,0,0,0,153,643,934,1571,1984,2523,1883,1646,1429,1539,1593,1624,1791,2339,2522,2471,2050,1552,884,152,31283
2003,25-09-2025,111-KSR Railway Station,0,0,0,0,72,284,578,907,997,1879,836,552,532,411,478,358,354,728,665,429,392,402,241,50,11145
2004,25-09-2025,112-Magadi Road,0,0,0,0,7,67,166,566,1073,1634,1115,517,403,341,252,279,357,295,398,381,232,134,143,23,8383
2005,25-09-2025,113-Hosahalli,0,0,0,0,4,67,219,900,1819,2301,1565,766,479,504,317,341,313,435,513,396,285,197,84,21,11526
2006,25-09-2025,114-Vijayanagar,0,0,0,0,8,113,263,995,2099,2864,1659,791,605,538,443,391,387,484,505,433,370,252,158,25,13383
2007,25-09-2025,115-Attiguppe,0,0,0,0,6,81,240,786,1599,1998,1293,567,403,384,293,244,260,317,348,319,245,154,78,9,9624
2008,25-09-2025,116-Deepanjali Nagar,0,0,0,0,11,62,149,364,663,786,515,264,205,182,138,126,175,172,234,214,123,128,74,31,4616
2009,25-09-2025,117-Mysuru Road,0,0,0,0,5,32,162,529,1409,1667,883,439,346,348,264,263,288,374,334,259,184,103,68,11,7968
2010,25-09-2025,118-Nayandahalli,0,0,0,0,2,20,51,117,239,292,191,129,157,404,134,84,132,124,158,124,120,102,47,14,2641
2011,25-09-2025,119-Rajarajeshwari Nagar,0,0,0,0,0,50,158,467,964,1066,559,398,286,330,257,345,302,335,357,314,209,146,79,8,6630
2012,25-09-2025,120-Jnanabharathi,0,0,0,0,0,25,110,433,776,904,540,309,224,248,185,211,222,206,188,122,111,76,55,1,4946
2013,25-09-2025,121-Pattangere,0,0,0,0,3,21,99,321,611,755,411,364,326,490,382,700,874,1021,650,397,182,97,51,3,7758
2014,25-09-2025,122-Kengeri Bus Terminal,0,0,0,0,10,47,180,551,948,1070,612,445,406,375,299,387,407,429,369,304,286,159,104,17,7405
2015,25-09-2025,123-Kengeri,0,0,0,0,5,28,125,423,883,938,524,355,257,219,181,209,221,243,406,303,233,142,82,2,5779
2016,25-09-2025,124-Challaghatta,0,0,0,0,8,37,115,300,654,639,393,238,265,307,285,536,732,512,507,507,188,130,39,2,6394
2017,25-09-2025,125-Benniganahalli,0,0,0,0,40,222,466,1642,3335,4186,3086,1701,1391,1133,1160,911,1126,1462,2053,1826,1241,786,372,53,28192
2018,25-09-2025,126-Krishnarajapura,0,0,0,0,34,210,385,1078,2123,2847,1754,1194,1029,729,704,911,1249,1584,1725,1460,838,673,314,45,20886
2019,25-09-2025,127-Singayyanapalya,1,0,0,0,7,53,97,265,729,944,596,364,346,354,339,335,635,831,940,887,516,403,314,18,8974
2020,25-09-2025,128-Garudacharpalya,1,0,0,0,10,47,141,304,554,534,374,239,330,284,279,437,700,1164,1644,1124,576,431,221,15,9409
2021,25-09-2025,129-Hoodi,1,0,0,0,2,96,165,338,738,885,582,361,297,332,256,296,424,648,927,689,405,347,147,3,7939
2022,25-09-2025,130-Seetharampalya,1,0,0,0,0,64,107,237,508,671,405,253,265,265,381,524,1209,1614,1649,1161,714,453,237,2,10720
2023,25-09-2025,131-Kundalahalli,1,0,0,0,0,38,79,158,269,367,269,208,240,307,460,712,1327,1596,1757,1115,599,378,162,2,10044
2024,25-09-2025,132-Nallur Halli,0,0,0,0,0,33,65,174,334,422,306,231,285,315,399,658,1188,1394,1726,1169,654,449,127,16,9945
2025,25-09-2025,133-Sri Sathya Sai Hospital,6,0,0,0,2,14,46,81,118,141,245,406,503,426,554,820,1504,1966,2392,1581,957,396,175,19,12352
2026,25-09-2025,134-Pattandur Agrahara,3,0,0,0,3,41,74,127,205,273,263,238,333,484,649,1030,1834,2339,2732,1997,1173,815,399,28,15040
2027,25-09-2025,135-Kadugodi Tree Park,3,0,0,0,9,103,237,531,1654,2415,2024,1210,665,711,466,434,514,606,725,645,525,386,172,11,14046
2028,25-09-2025,136-Hopefarm Channasandra,0,0,0,0,0,7,50,126,469,642,378,167,113,105,85,75,151,145,212,183,86,66,28,0,3088
2029,25-09-2025,137-Whitefield (Kadugodi),0,0,0,0,15,62,310,834,1566,1858,957,755,500,333,354,236,309,350,414,434,208,166,67,0,9728
2030,25-09-2025,21-Nagasandra,0,0,0,0,9,73,241,880,1746,1705,954,535,378,367,325,404,607,673,698,490,322,185,97,1,10690
2031,25-09-2025,22-Dasarahalli,0,0,0,0,0,123,321,920,1812,1823,1157,713,550,535,457,397,499,649,703,594,379,216,107,1,11956
2032,25-09-2025,23-Jalahalli,0,0,0,0,0,73,220,503,947,994,573,471,409,341,307,358,408,592,803,501,298,185,90,4,8077
2033,25-09-2025,24-Peenya Industry,0,0,0,0,0,11,43,186,309,375,202,109,83,65,79,59,124,293,363,171,75,22,21,0,2590
2034,25-09-2025,25-Peenya,0,0,0,0,0,24,78,328,634,670,428,272,211,144,138,123,168,348,539,319,150,69,46,2,4691
2035,25-09-2025,26-Yeshwanthpur Industry,0,0,0,0,3,77,186,427,767,725,522,407,298,341,326,297,376,585,1012,847,432,274,125,21,8048
2036,25-09-2025,27-Yeshwanthpur,0,0,0,0,172,435,711,1367,1251,1162,1122,452,811,384,639,411,314,748,939,793,1205,299,174,68,13457
2037,25-09-2025,28-Sandal Soap Factory,0,0,0,0,2,48,111,343,670,691,485,392,456,549,584,556,673,1187,1604,1366,869,590,361,53,11590
2038,25-09-2025,29-Mahalakshmi,0,0,0,0,7,63,166,578,1183,1374,884,517,424,446,417,313,365,535,736,508,348,223,72,10,9169
2039,25-09-2025,210-Rajajinagar,0,0,0,0,6,48,222,792,1599,1664,1081,690,555,534,591,544,587,813,945,777,502,317,136,20,12423
2040,25-09-2025,211-Kuvempu Road,0,0,0,0,4,39,106,485,954,1083,667,357,321,228,251,185,198,263,297,280,201,140,48,9,6116
2041,25-09-2025,212-Srirampura,0,0,0,0,3,42,98,442,897,1044,660,386,284,331,275,218,274,360,478,440,237,140,55,5,6669
2042,25-09-2025,213-Mantri Square Sampige Road,0,0,0,0,3,39,128,510,1020,1308,942,632,742,867,848,896,1100,1603,2013,1870,1172,756,479,48,16976
2043,25-09-2025,215-Chickpete,0,0,0,0,0,13,49,200,256,300,286,312,503,791,1193,1201,1468,1655,1606,1639,1555,785,165,8,13985
2044,25-09-2025,216-KR Market,0,0,0,0,1,78,141,281,526,522,489,466,506,584,629,786,1205,1058,966,921,696,344,138,30,10367
2045,25-09-2025,217-National College,0,0,0,0,2,24,109,474,941,1091,882,618,1031,1081,1047,1274,1743,1510,1233,987,634,390,118,13,15202
2046,25-09-2025,218-Lalbagh,0,0,0,0,0,20,52,173,342,338,262,237,230,347,405,376,535,865,1078,859,372,213,67,7,6778
2047,25-09-2025,219-South End Circle,0,0,0,0,3,15,66,210,429,415,375,312,346,566,542,701,832,887,1392,1106,582,311,109,19,9218
2048,25-09-2025,220-Jayanagar,0,0,0,0,4,27,91,307,724,833,714,541,614,678,749,856,1328,1657,1588,1344,956,573,211,17,13812
2049,25-09-2025,221-RV Road,0,0,0,0,1,31,101,345,735,822,546,382,424,445,393,437,549,716,1105,893,576,287,100,19,8907
2050,25-09-2025,222-Banashankarl,0,0,0,0,0,72,138,565,1136,1228,945,667,622,771,726,516,733,1058,1306,1117,646,431,159,26,12862
2051,25-09-2025,223-JP Nagar,0,0,0,0,0,88,130,596,1341,1553,910,529,388,467,365,437,527,651,900,740,484,292,167,18,10583
2052,25-09-2025,224-Puttenahalli,0,0,0,0,4,60,154,791,1645,1945,1065,526,369,402,322,403,455,508,699,516,298,219,80,11,10472
2053,25-09-2025,225-Konanakunte Cross,0,0,0,0,7,66,211,822,1635,1597,1059,701,537,616,550,573,714,662,736,682,547,434,401,20,12570
2054,25-09-2025,226-Doddakallasandra,0,0,0,0,3,26,112,520,877,952,489,358,220,293,196,212,259,237,356,272,185,127,29,4,5727
2055,25-09-2025,227-Vajarahalli,0,0,0,0,10,42,118,553,771,810,495,372,327,285,246,412,432,297,356,260,177,141,49,5,6158
2056,25-09-2025,228-Thalghattapura,0,0,0,0,5,23,64,271,506,476,292,191,123,116,113,117,221,157,183,145,78,54,25,0,3160
2057,25-09-2025,229-Silk Institute,0,0,0,0,6,34,134,518,883,940,593,493,399,347,424,405,702,699,559,420,253,109,18,0,7936
2058,25-09-2025,230-Manjunatha Nagar,0,0,0,0,1,18,30,111,208,142,92,59,31,39,39,22,36,51,80,64,58,26,14,2,1123
2059,25-09-2025,231-Chikkabidarakallu,0,0,0,0,4,37,132,482,820,780,472,272,211,164,131,113,137,190,177,143,81,47,36,2,4431
2060,25-09-2025,232-Madavara,0,0,0,0,13,58,158,549,1027,1003,660,433,375,384,447,419,532,561,734,424,216,161,61,0,8215
2061,25-09-2025,31-Ragigudda,0,0,0,0,0,0,19,89,181,212,145,130,195,192,153,150,162,268,313,264,212,121,68,6,2880
2062,25-09-2025,32-Jayadeva Hospital,0,0,0,0,0,10,38,129,309,333,230,211,270,217,296,285,483,571,843,610,309,165,104,20,5433
2063,25-09-2025,33-BTM Layout,0,0,0,0,0,5,51,233,533,577,327,266,202,201,192,157,178,233,301,263,198,121,100,8,4146
2064,25-09-2025,34-Central Silk Board,0,0,0,0,0,8,62,196,385,419,274,204,250,236,193,256,403,527,712,677,459,230,123,13,5627
2065,25-09-2025,35-Bommanahalli,0,0,0,0,0,10,63,243,490,478,258,221,164,171,149,158,226,276,453,437,267,121,93,4,4282
2066,25-09-2025,36-Hongasandra,1,0,0,0,0,8,35,130,313,257,172,152,159,151,123,178,233,305,485,391,214,111,71,8,3497
2067,25-09-2025,37-Kudlu Gate,0,0,0,0,0,4,50,158,412,349,220,196,134,168,143,149,212,266,516,503,213,106,41,0,3840
2068,25-09-2025,38-Singasandra,1,0,0,0,0,0,14,95,215,207,112,88,89,46,60,81,72,114,140,108,57,38,19,5,1561
2069,25-09-2025,39-Hosa Road,0,0,0,0,0,8,71,265,469,453,278,249,188,139,133,146,145,235,261,168,119,75,34,0,3436
2070,25-09-2025,310-Beratena Agrahara,0,0,0,0,0,4,11,33,73,79,54,36,35,35,33,15,65,112,148,74,44,22,10,0,883
2071,25-09-2025,311-Electronic City,0,0,0,0,0,16,43,135,313,334,223,189,223,158,176,317,352,353,398,287,169,118,66,1,3871
2072,25-09-2025,312-Infosys Foundation Konappana Agrahara,0,0,0,0,0,25,69,198,474,389,247,221,252,295,302,431,594,828,837,703,368,179,72,0,6484
2073,25-09-2025,313-Huskur Road,0,0,0,0,0,3,26,122,251,189,138,111,134,129,113,125,152,216,259,218,94,80,27,0,2387
2074,25-09-2025,314-Biocon Hebbagodi,0,0,0,0,0,3,26,78,166,155,115,74,67,65,64,69,103,156,177,126,60,31,10,0,1545
2075,25-09-2025,315-Delta Electronics Bommasandra,0,0,0,0,0,7,112,348,527,501,415,354,326,254,257,353,448,571,686,475,240,122,44,0,6040
2076,26-09-2025,11-Baiyappanahalli,1,0,0,0,20,81,281,829,2119,2676,1426,745,498,498,384,517,637,785,1031,829,775,392,163,12,14699
2077,26-09-2025,12-SV Road,0,0,0,0,7,53,123,368,727,732,602,422,311,366,352,522,841,1090,1065,878,528,270,174,26,9457
2078,26-09-2025,13-Indiranagar,0,0,0,0,8,39,204,674,1394,1832,1458,922,735,823,933,1173,1625,2316,3430,2953,1675,1190,714,116,24214
2079,26-09-2025,14-Halasuru,0,0,0,0,2,61,215,532,1117,1575,911,578,370,322,406,331,413,639,785,732,463,359,178,38,10027
2080,26-09-2025,15-Trinity,0,0,0,0,0,9,58,193,308,367,332,295,409,426,480,521,827,1877,3510,2453,1262,615,305,55,14302
2081,26-09-2025,16-MG Road,0,0,0,0,1,15,79,158,361,396,399,591,871,863,865,1229,1705,2496,3724,3091,1976,1372,1062,273,21527
2082,26-09-2025,17-Cubbon Park,0,0,0,0,1,18,91,266,446,527,398,366,674,611,749,796,1153,2265,3072,1923,891,467,250,53,15017
2083,26-09-2025,18-Vidhana Soudha,0,0,0,0,3,10,40,128,240,280,367,415,621,788,778,813,1126,2809,2343,1206,595,241,94,30,12927
2084,26-09-2025,19-Sir.M. Visveshwaraya,0,0,0,0,0,9,49,121,226,280,449,787,1097,962,887,971,1246,2282,2322,1208,829,384,129,18,14256
2085,26-09-2025,110-Kempegowda,0,0,0,0,146,651,1064,1726,2139,2462,2147,1661,1568,1743,1591,1597,1731,2312,2775,2706,2391,1800,1087,314,33611
2086,26-09-2025,111-KSR Railway Station,0,0,0,0,30,240,441,796,1137,1521,784,696,469,525,540,314,416,695,836,479,519,527,231,46,11242
2087,26-09-2025,112-Magadi Road,0,0,0,0,8,62,214,551,1030,1483,1143,556,331,334,252,277,320,298,436,359,253,139,142,20,8208
2088,26-09-2025,113-Hosahalli,0,0,0,0,4,71,191,838,1738,2156,1461,637,445,455,353,377,417,467,568,492,344,203,147,17,11381
2089,26-09-2025,114-Vijayanagar,1,0,0,0,6,121,276,890,1957,2644,1594,717,607,541,479,451,458,524,596,581,459,329,202,50,13483
2090,26-09-2025,115-Attiguppe,0,0,0,0,2,65,242,684,1509,1773,1134,521,392,367,329,258,313,383,381,438,281,224,104,19,9419
2091,26-09-2025,116-Deepanjali Nagar,0,0,0,0,22,58,116,319,595,708,430,263,209,222,138,151,223,183,277,269,306,177,72,13,4751
2092,26-09-2025,117-Mysuru Road,0,0,0,0,5,27,142,497,1167,1294,807,420,344,391,302,309,349,307,377,338,248,150,84,8,7566
2093,26-09-2025,118-Nayandahalli,0,0,0,0,1,17,44,142,244,268,166,129,116,111,77,115,142,160,136,172,170,97,61,13,2381
2094,26-09-2025,119-Rajarajeshwari Nagar,0,0,0,0,0,31,121,422,802,928,591,343,278,310,271,329,310,346,373,412,317,161,111,20,6476
2095,26-09-2025,120-Jnanabharathi,0,0,0,0,0,37,120,388,712,875,488,276,251,263,226,173,176,218,194,159,110,66,58,7,4797
2096,26-09-2025,121-Pattangere,0,0,0,0,3,21,87,324,565,674,377,351,308,675,515,561,770,955,687,353,242,170,99,1,7738
2097,26-09-2025,122-Kengeri Bus Terminal,0,0,0,0,6,46,154,543,876,936,519,452,402,395,380,353,455,491,389,376,333,216,144,14,7480
2098,26-09-2025,123-Kengeri,0,0,0,0,4,22,84,339,743,872,486,359,224,206,200,221,336,335,427,371,295,166,122,3,5815
2099,26-09-2025,124-Challaghatta,0,0,0,0,6,40,123,256,581,574,400,302,349,526,468,621,793,749,696,573,309,148,56,0,7570
2100,26-09-2025,125-Benniganahalli,0,0,0,0,37,174,450,1654,3063,3951,2684,1628,1266,1143,1092,1016,1189,1845,2030,1820,1409,1082,473,58,28064
2101,26-09-2025,126-Krishnarajapura,0,0,0,0,18,129,357,1128,1931,2746,1588,1235,866,778,676,855,1184,1559,1524,1534,1093,820,409,36,20466
2102,26-09-2025,127-Singayyanapalya,1,0,0,0,5,49,104,249,658,867,522,321,315,275,268,348,453,632,887,744,599,445,407,14,8163
2103,26-09-2025,128-Garudacharpalya,0,0,0,0,1,49,140,265,474,492,345,192,240,237,307,426,644,1134,1491,982,571,483,286,42,8801
2104,26-09-2025,129-Hoodi,0,0,0,0,0,67,141,290,637,760,550,351,338,324,396,317,477,631,828,686,500,344,213,8,7858
2105,26-09-2025,130-Seetharampalya,0,0,0,0,3,40,139,222,457,546,366,283,234,331,362,472,1037,1255,1409,1062,659,430,301,3,9611
2106,26-09-2025,131-Kundalahalli,0,0,0,0,0,26,77,159,245,326,205,220,245,400,469,736,1154,1349,1398,965,599,409,238,10,9230
2107,26-09-2025,132-Nallur Halli,1,0,0,0,0,28,66,181,303,385,297,246,311,446,475,567,1067,1187,1483,1095,593,447,219,15,9412
2108,26-09-2025,133-Sri Sathya Sai Hospital,1,0,0,0,2,9,59,88,142,142,265,390,535,550,563,824,1282,1681,1981,1311,729,375,161,28,11118
2109,26-09-2025,134-Pattandur Agrahara,0,0,0,0,3,33,93,165,210,225,277,290,392,600,696,1129,1664,2119,2223,1623,1023,754,388,39,13946
2110,26-09-2025,135-Kadugodi Tree Park,1,0,0,0,6,66,228,532,1444,2038,1733,1133,575,642,482,490,607,674,763,878,661,568,232,9,13762
2111,26-09-2025,136-Hopefarm Channasandra,0,0,0,0,3,15,44,118,376,534,262,149,95,96,85,95,132,164,200,178,128,73,30,1,2778
2112,26-09-2025,137-Whitefield (Kadugodi),0,0,0,0,12,84,320,617,1496,1567,902,599,406,326,330,250,302,407,429,418,296,167,108,0,9036
2113,26-09-2025,21-Nagasandra,0,0,0,0,7,47,198,772,1522,1608,910,512,442,386,394,412,701,834,818,685,449,258,178,0,11133
2114,26-09-2025,22-Dasarahalli,0,0,0,0,0,114,282,905,1725,1756,1073,749,614,599,658,519,659,680,769,693,518,295,134,11,12753
2115,26-09-2025,23-Jalahalli,0,0,0,0,0,64,207,512,912,936,548,483,414,341,388,367,450,621,905,655,404,221,156,18,8602
2116,26-09-2025,24-Peenya Industry,0,0,0,0,0,9,52,164,289,322,199,143,122,117,105,66,147,277,336,204,73,46,30,6,2707
2117,26-09-2025,25-Peenya,0,0,0,0,0,22,74,289,598,598,408,203,190,142,175,163,199,396,497,388,220,92,57,3,4714
2118,26-09-2025,26-Yeshwanthpur Industry,0,0,0,0,6,59,171,393,699,704,513,335,324,331,315,376,443,561,1051,843,542,352,200,38,8256
2119,26-09-2025,27-Yeshwanthpur,0,0,0,0,105,648,582,693,1343,1066,784,517,531,540,475,277,243,703,822,867,996,633,184,92,12101
2120,26-09-2025,28-Sandal Soap Factory,0,0,0,0,0,39,108,364,669,626,481,395,474,529,592,625,733,1133,1663,1345,1046,718,561,72,12173
2121,26-09-2025,29-Mahalakshmi,0,0,0,0,2,37,162,557,1148,1248,818,522,529,482,536,445,372,607,737,590,444,306,113,19,9674
2122,26-09-2025,210-Rajajinagar,0,0,0,0,7,67,190,814,1407,1633,1045,741,591,559,576,529,517,739,986,840,605,342,181,31,12400
2123,26-09-2025,211-Kuvempu Road,0,0,0,0,3,36,116,429,900,998,672,338,317,236,278,222,261,287,321,319,234,157,87,16,6227
2124,26-09-2025,212-Srirampura,0,0,0,0,0,36,110,472,864,1078,631,367,305,313,247,240,269,329,486,388,281,205,118,11,6750
2125,26-09-2025,213-Mantri Square Sampige Road,0,0,0,0,0,40,142,540,1048,1223,942,726,727,860,991,1034,1211,1546,2024,1888,1363,1104,573,78,18060
2126,26-09-2025,215-Chickpete,0,0,0,0,0,18,72,164,294,346,299,326,476,852,1097,1216,1475,1491,1755,1729,1662,815,165,26,14278
2127,26-09-2025,216-KR Market,0,0,0,0,8,65,113,266,498,522,398,416,576,644,653,674,1169,1072,991,1074,729,419,182,41,10510
2128,26-09-2025,217-National College,0,0,0,0,2,22,118,434,921,939,900,712,861,1131,1150,1210,1453,1705,1392,966,795,469,188,13,15381
2129,26-09-2025,218-Lalbagh,0,0,0,0,1,11,52,178,386,332,271,295,240,368,328,428,571,850,1112,810,392,257,108,15,7005
2130,26-09-2025,219-South End Circle,0,0,0,0,2,24,70,237,386,415,374,299,339,620,494,669,703,882,1347,1166,661,317,161,17,9183
2131,26-09-2025,220-Jayanagar,0,0,0,0,7,19,112,293,639,817,671,518,766,838,974,888,1339,1451,1671,1451,1025,642,297,23,14441
2132,26-09-2025,221-RV Road,0,0,0,0,3,32,109,299,647,691,584,407,455,483,452,476,550,823,1073,982,546,403,220,28,9263
2133,26-09-2025,222-Banashankarl,0,0,0,0,0,74,181,518,1152,1203,989,814,926,988,869,807,827,1170,1352,1459,1010,639,350,50,15378
2134,26-09-2025,223-JP Nagar,0,0,0,0,0,72,159,550,1276,1431,872,476,477,427,458,409,602,746,1066,870,589,407,235,20,11142
2135,26-09-2025,224-Puttenahalli,0,0,0,0,0,63,163,628,1533,1798,935,523,404,414,325,396,485,520,858,720,379,262,132,9,10547
2136,26-09-2025,225-Konanakunte Cross,0,0,0,0,4,71,209,737,1435,1587,974,612,551,629,560,557,677,753,833,785,652,484,470,18,12598
2137,26-09-2025,226-Doddakallasandra,0,0,0,0,0,25,82,456,803,848,502,306,218,259,210,190,270,285,372,361,195,141,51,4,5578
2138,26-09-2025,227-Vajarahalli,0,0,0,0,7,24,116,492,718,744,459,322,340,278,258,414,480,331,432,317,188,166,86,4,6176
2139,26-09-2025,228-Thalghattapura,0,0,0,0,4,19,53,248,454,425,228,168,141,91,95,130,191,162,219,164,131,63,34,1,3021
2140,26-09-2025,229-Silk Institute,0,0,0,0,2,29,121,449,795,897,620,508,391,500,499,579,743,697,853,542,265,161,40,0,8691
2141,26-09-2025,230-Manjunatha Nagar,0,0,0,0,1,8,30,108,221,191,100,85,47,72,31,23,54,52,64,63,66,39,22,3,1280
2142,26-09-2025,231-Chikkabidarakallu,0,0,0,0,2,34,102,415,730,753,413,281,183,141,167,167,153,221,237,161,130,73,61,0,4424
2143,26-09-2025,232-Madavara,0,0,0,0,6,54,155,541,941,947,671,448,567,684,501,556,685,2052,790,629,284,175,110,0,10796
2144,26-09-2025,31-Ragigudda,0,0,0,0,0,7,18,90,152,142,127,117,122,153,114,164,186,214,306,291,151,117,50,12,2533
2145,26-09-2025,32-Jayadeva Hospital,0,0,0,0,0,4,40,150,290,299,212,192,206,247,331,344,421,537,785,677,363,198,100,14,5410
2146,26-09-2025,33-BTM Layout,0,0,0,0,0,10,62,190,479,518,292,190,200,151,166,165,191,269,401,307,242,230,120,11,4194
2147,26-09-2025,34-Central Silk Board,0,0,0,0,0,4,68,193,422,365,253,186,202,254,222,261,382,517,711,728,486,317,177,33,5781
2148,26-09-2025,35-Bommanahalli,0,0,0,0,0,16,70,228,463,401,251,225,195,136,201,172,220,291,538,524,315,189,82,16,4533
2149,26-09-2025,36-Hongasandra,0,0,0,0,0,6,35,119,274,241,166,130,111,146,117,174,230,281,363,389,184,146,61,2,3175
2150,26-09-2025,37-Kudlu Gate,0,0,0,0,0,3,48,172,331,291,192,168,161,180,166,166,186,287,554,495,234,161,61,6,3862
2151,26-09-2025,38-Singasandra,0,0,0,0,0,0,20,111,184,175,101,103,80,82,78,66,70,111,159,140,67,71,18,4,1640
2152,26-09-2025,39-Hosa Road,0,0,0,0,0,6,76,250,476,442,284,226,178,179,160,156,159,228,302,241,180,136,43,2,3724
2153,26-09-2025,310-Beratena Agrahara,0,0,0,0,0,3,9,27,60,68,36,34,48,36,28,42,54,81,109,65,41,25,11,2,779
2154,26-09-2025,311-Electronic City,0,0,0,0,0,15,40,145,288,323,211,217,219,228,235,339,421,428,446,312,213,185,69,2,4336
2155,26-09-2025,312-Infosys Foundation Konappana Agrahara,0,0,0,0,0,15,95,229,417,331,229,198,255,344,357,425,642,856,873,665,451,342,93,1,6818
2156,26-09-2025,313-Huskur Road,0,0,0,0,0,0,31,120,232,167,137,120,99,109,89,131,172,210,250,267,160,100,50,2,2446
2157,26-09-2025,314-Biocon Hebbagodi,0,0,0,0,0,2,15,68,146,131,83,89,79,64,73,76,71,157,197,152,144,63,16,0,1626
2158,26-09-2025,315-Delta Electronics Bommasandra,0,0,0,0,0,9,121,330,516,469,396,399,339,295,304,361,494,663,723,656,414,161,63,0,6713
2159,27-09-2025,11-Baiyappanahalli,0,0,0,0,30,127,263,641,1109,1445,885,844,724,679,664,720,655,737,667,489,545,405,158,9,11796
2160,27-09-2025,12-SV Road,0,0,0,0,5,48,110,260,423,465,422,406,419,418,449,568,495,471,428,377,242,187,125,21,6339
2161,27-09-2025,13-Indiranagar,0,0,0,0,4,107,190,470,689,835,945,902,1090,1172,1297,1378,1522,1762,1966,1587,1240,863,661,140,18820
2162,27-09-2025,14-Halasuru,0,0,0,0,4,50,190,334,618,780,628,495,531,528,463,405,466,458,590,540,440,279,129,22,7950
2163,27-09-2025,15-Trinity,0,0,0,0,2,6,62,142,204,221,214,221,319,409,472,526,544,776,962,741,536,325,179,30,6891
2164,27-09-2025,16-MG Road,0,0,0,0,5,25,68,122,232,271,290,433,664,955,1176,1441,1794,2138,2381,2457,2334,1983,1892,572,21233
2165,27-09-2025,17-Cubbon Park,0,0,0,0,0,25,84,121,256,293,352,465,716,824,842,800,1046,1318,1901,891,607,448,326,45,11360
2166,27-09-2025,18-Vidhana Soudha,0,0,0,0,0,16,51,94,185,322,288,354,489,584,966,585,723,790,849,382,298,210,119,31,7336
2167,27-09-2025,19-Sir.M. Visveshwaraya,0,0,0,0,0,9,37,84,112,181,305,621,829,752,830,687,839,895,1387,747,618,441,164,12,9550
2168,27-09-2025,110-Kempegowda,0,0,0,0,138,766,1597,1854,1919,2072,2193,2263,1960,2049,2183,2019,2278,2497,2618,2774,2297,1964,1204,389,37034
2169,27-09-2025,111-KSR Railway Station,0,0,0,0,42,258,485,614,692,1008,880,558,535,557,528,382,527,525,708,804,555,571,523,114,10866
2170,27-09-2025,112-Magadi Road,0,0,0,0,9,78,153,352,564,857,765,392,364,371,321,291,408,331,422,326,237,202,162,34,6639
2171,27-09-2025,113-Hosahalli,0,0,0,0,0,65,168,426,748,956,836,524,542,480,433,404,380,501,539,430,290,209,105,26,8062
2172,27-09-2025,114-Vijayanagar,0,0,0,0,9,122,215,463,867,1114,886,689,718,596,590,556,466,645,623,580,502,401,184,24,10250
2173,27-09-2025,115-Attiguppe,0,0,0,0,7,91,192,399,572,743,539,499,433,440,422,335,364,404,497,336,263,235,86,15,6872
2174,27-09-2025,116-Deepanjali Nagar,0,0,0,0,10,57,102,189,333,399,330,266,319,310,261,201,240,236,278,278,254,172,124,12,4371
2175,27-09-2025,117-Mysuru Road,0,0,0,0,8,32,89,188,391,483,436,377,378,315,276,249,248,256,301,253,280,143,92,12,4807
2176,27-09-2025,118-Nayandahalli,0,0,0,0,0,17,37,62,143,167,122,97,156,142,142,160,193,167,188,151,156,144,73,19,2336
2177,27-09-2025,119-Rajarajeshwari Nagar,0,0,0,0,2,36,102,164,331,346,333,383,325,393,331,386,312,346,426,427,382,230,121,9,5385
2178,27-09-2025,120-Jnanabharathi,0,0,0,0,0,28,92,171,288,344,307,310,276,240,217,209,221,240,235,234,183,113,60,4,3772
2179,27-09-2025,121-Pattangere,0,0,0,0,4,36,130,161,248,291,294,344,376,447,411,345,346,336,313,262,162,110,57,6,4679
2180,27-09-2025,122-Kengeri Bus Terminal,0,0,0,0,2,58,147,339,445,565,542,518,537,568,646,608,601,602,583,513,391,218,110,22,8015
2181,27-09-2025,123-Kengeri,0,0,0,0,2,50,85,211,289,422,359,346,300,317,304,299,273,344,383,338,298,239,123,16,4998
2182,27-09-2025,124-Challaghatta,0,0,0,0,9,52,124,168,304,417,429,550,524,836,581,594,514,622,697,646,381,208,117,4,7777
2183,27-09-2025,125-Benniganahalli,1,0,0,0,26,197,510,1269,1856,2037,1861,1904,1696,1563,1437,1340,1576,1651,2025,1637,1128,699,383,47,24843
2184,27-09-2025,126-Krishnarajapura,2,0,0,0,40,214,366,765,1318,1251,1127,1484,1297,1180,983,1007,989,948,1109,880,721,494,261,34,16470
2185,27-09-2025,127-Singayyanapalya,1,0,0,0,6,58,107,250,388,387,345,351,399,349,480,434,530,625,908,804,720,640,726,51,8559
2186,27-09-2025,128-Garudacharpalya,0,0,0,0,7,59,166,250,286,308,223,232,275,270,311,366,391,435,561,429,419,406,522,26,5942
2187,27-09-2025,129-Hoodi,1,0,0,0,1,99,148,245,379,435,427,460,460,480,418,410,483,572,614,549,395,317,133,6,7032
2188,27-09-2025,130-Seetharampalya,0,0,0,0,1,85,172,213,274,297,387,427,450,501,442,395,442,539,575,461,363,241,116,11,6392
2189,27-09-2025,131-Kundalahalli,2,0,0,0,0,56,148,191,256,235,338,352,462,412,536,492,528,651,497,333,257,213,129,1,6089
2190,27-09-2025,132-Nallur Halli,0,0,0,0,0,40,77,147,155,219,236,325,360,599,423,507,546,511,614,451,323,200,109,8,5850
2191,27-09-2025,133-Sri Sathya Sai Hospital,0,0,0,0,5,19,42,51,76,103,105,102,157,166,192,167,201,284,232,168,141,59,37,7,2314
2192,27-09-2025,134-Pattandur Agrahara,2,0,0,0,7,58,68,90,143,132,140,230,189,302,229,271,310,403,459,317,275,212,185,6,4028
2193,27-09-2025,135-Kadugodi Tree Park,6,0,0,0,18,172,302,476,656,727,730,830,715,708,674,737,834,843,919,693,487,375,121,4,11027
2194,27-09-2025,136-Hopefarm Channasandra,0,0,0,0,9,16,46,76,131,142,111,176,148,132,123,105,166,156,218,157,94,75,23,2,2106
2195,27-09-2025,137-Whitefield (Kadugodi),0,0,0,0,3,95,238,480,674,717,538,590,467,530,474,463,487,433,472,475,258,172,80,0,7646
2196,27-09-2025,21-Nagasandra,0,0,0,0,6,60,157,442,794,836,699,655,642,655,721,840,919,911,1015,936,850,530,252,12,11932
2197,27-09-2025,22-Dasarahalli,0,0,0,0,5,119,321,700,1074,1228,894,865,807,881,713,722,679,679,904,794,495,356,187,5,12428
2198,27-09-2025,23-Jalahalli,0,0,0,0,0,59,164,363,564,692,629,637,714,911,600,605,534,626,836,554,364,282,162,4,9300
2199,27-09-2025,24-Peenya Industry,0,0,0,0,0,7,39,101,133,155,118,95,159,163,114,122,146,195,229,130,76,48,30,2,2062
2200,27-09-2025,25-Peenya,0,0,0,0,0,12,50,161,297,326,315,259,250,217,283,212,244,305,347,265,185,92,58,4,3882
2201,27-09-2025,26-Yeshwanthpur Industry,0,0,0,0,7,78,138,248,487,559,434,482,361,456,482,430,408,505,683,623,399,422,259,48,7509
2202,27-09-2025,27-Yeshwanthpur,0,0,0,0,135,651,665,1031,1272,918,1205,430,674,873,744,499,387,462,1039,845,882,780,842,162,14496
2203,27-09-2025,28-Sandal Soap Factory,0,0,0,0,0,22,127,299,384,404,418,458,648,823,853,909,1115,1251,1381,1405,1121,1009,1015,102,13744
2204,27-09-2025,29-Mahalakshmi,0,0,0,0,3,45,168,347,646,671,681,613,727,872,873,730,701,748,953,817,646,386,154,23,10804
2205,27-09-2025,210-Rajajinagar,0,0,0,0,3,50,203,489,812,907,775,782,674,622,695,700,760,812,911,714,569,344,219,35,11076
2206,27-09-2025,211-Kuvempu Road,0,0,0,0,9,43,116,277,483,624,477,411,361,307,309,313,330,331,381,301,248,103,101,23,5548
2207,27-09-2025,212-Srirampura,0,0,0,0,2,46,81,327,463,613,516,351,332,333,356,351,320,355,439,440,300,261,112,16,6014
2208,27-09-2025,213-Mantri Square Sampige Road,0,0,0,0,1,51,183,413,629,857,759,721,807,1139,1270,1340,1592,1806,1995,1850,1692,1544,918,111,19678
2209,27-09-2025,215-Chickpete,0,0,0,0,0,12,55,154,269,315,305,389,681,1376,1635,2006,2143,2406,2550,2473,2382,1498,306,30,20985
2210,27-09-2025,216-KR Market,0,0,0,0,0,73,153,283,487,412,377,407,514,872,771,826,656,917,1004,1031,697,400,190,41,10111
2211,27-09-2025,217-National College,0,0,0,0,2,31,100,317,483,664,739,745,871,1348,1165,980,1078,1138,1129,988,760,586,276,31,13431
2212,27-09-2025,218-Lalbagh,0,0,0,0,3,20,46,144,228,236,217,343,380,462,466,434,641,659,906,588,316,193,91,14,6387
2213,27-09-2025,219-South End Circle,0,0,0,0,4,35,69,169,284,279,308,385,568,719,651,495,597,612,790,717,583,237,132,9,7643
2214,27-09-2025,220-Jayanagar,0,0,0,0,4,46,117,253,411,486,511,666,783,929,1038,1093,1559,1535,1582,1355,1112,785,386,43,14694
2215,27-09-2025,221-RV Road,0,0,0,0,4,47,95,198,343,390,458,542,526,648,598,576,626,788,835,668,477,333,199,32,8383
2216,27-09-2025,222-Banashankarl,0,0,0,0,0,83,207,486,723,793,814,882,997,1142,1030,814,730,1017,1044,989,743,462,225,35,13216
2217,27-09-2025,223-JP Nagar,0,0,0,0,0,102,171,389,727,776,747,708,706,663,513,598,594,709,844,697,517,401,206,17,10085
2218,27-09-2025,224-Puttenahalli,0,0,0,0,0,80,152,429,762,880,807,669,694,576,553,643,602,659,755,536,359,282,139,13,9590
2219,27-09-2025,225-Konanakunte Cross,0,0,0,0,1,83,196,497,790,798,771,758,757,880,795,939,1025,1188,1259,1129,1119,827,617,40,14469
2220,27-09-2025,226-Doddakallasandra,0,0,0,0,4,27,52,240,303,387,326,412,328,300,315,291,349,354,349,352,243,147,79,3,4861
2221,27-09-2025,227-Vajarahalli,0,0,0,0,7,30,93,296,348,404,368,353,423,428,415,484,457,355,407,327,231,155,68,3,5652
2222,27-09-2025,228-Thalghattapura,0,0,0,0,3,15,59,152,236,242,221,186,185,189,206,149,202,161,211,215,87,59,25,3,2806
2223,27-09-2025,229-Silk Institute,0,0,0,0,6,44,139,307,470,640,529,676,682,726,566,742,693,636,753,576,362,262,103,0,8912
2224,27-09-2025,230-Manjunatha Nagar,0,0,0,0,2,14,28,71,145,108,93,102,69,49,74,60,86,62,108,132,124,90,22,2,1441
2225,27-09-2025,231-Chikkabidarakallu,0,0,0,0,3,24,93,245,362,401,268,268,262,239,214,226,253,244,308,279,133,109,74,2,4007
2226,27-09-2025,232-Madavara,0,0,0,0,5,42,120,301,582,667,531,650,691,702,666,704,744,3076,1243,630,396,194,73,0,12017
2227,27-09-2025,31-Ragigudda,0,0,0,0,0,0,15,64,77,115,95,100,174,195,172,152,240,213,213,282,204,114,76,19,2520
2228,27-09-2025,32-Jayadeva Hospital,0,0,0,0,0,7,62,96,152,209,199,255,301,281,311,316,344,344,458,399,279,173,95,13,4294
2229,27-09-2025,33-BTM Layout,1,0,0,0,0,6,86,144,288,299,275,336,289,294,282,302,354,346,393,311,239,164,111,19,4539
2230,27-09-2025,34-Central Silk Board,0,0,0,0,0,12,64,155,194,290,250,306,353,303,333,348,407,439,404,447,293,249,136,22,5005
2231,27-09-2025,35-Bommanahalli,1,0,0,0,0,15,79,190,300,328,314,306,284,274,248,285,301,304,401,410,294,198,92,6,4630
2232,27-09-2025,36-Hongasandra,0,0,0,0,0,7,41,94,150,162,156,186,202,212,205,149,218,191,276,237,157,99,59,3,2804
2233,27-09-2025,37-Kudlu Gate,0,0,0,0,0,9,53,109,214,183,269,267,248,239,251,226,257,245,472,430,197,144,52,5,3870
2234,27-09-2025,38-Singasandra,0,0,0,0,0,0,23,70,99,97,116,124,101,102,126,109,114,157,155,104,89,52,11,1,1650
2235,27-09-2025,39-Hosa Road,0,0,0,0,0,5,80,173,269,345,335,375,341,266,281,234,323,318,310,312,185,138,36,0,4326
2236,27-09-2025,310-Beratena Agrahara,0,0,0,0,0,4,9,18,33,24,50,52,45,51,68,44,64,74,72,64,28,30,7,1,738
2237,27-09-2025,311-Electronic City,0,0,0,0,0,10,63,132,199,247,296,319,398,337,313,311,314,382,346,233,189,127,59,0,4275
2238,27-09-2025,312-Infosys Foundation Konappana Agrahara,0,0,0,0,0,29,164,218,349,341,431,507,469,421,378,455,458,469,581,406,261,187,104,1,6229
2239,27-09-2025,313-Huskur Road,0,0,0,0,0,7,27,74,120,111,149,191,322,400,205,209,217,261,276,214,206,127,106,0,3222
2240,27-09-2025,314-Biocon Hebbagodi,0,0,0,0,0,1,21,34,93,139,80,99,115,137,113,106,192,146,177,140,114,68,20,0,1795
2241,27-09-2025,315-Delta Electronics Bommasandra,0,0,0,0,0,22,110,256,347,493,543,567,575,483,469,588,674,685,806,619,391,223,50,0,7901
2242,28-09-2025,11-Baiyappanahalli,0,0,0,0,0,0,98,327,616,593,513,680,639,634,477,537,552,571,457,567,590,335,96,9,8291
2243,28-09-2025,12-SV Road,0,0,0,0,0,0,32,171,236,216,383,367,349,415,332,294,345,345,267,262,214,146,129,13,4516
2244,28-09-2025,13-Indiranagar,0,0,0,0,0,0,79,296,332,505,624,814,843,780,957,998,1171,1075,1074,908,813,693,503,92,12557
2245,28-09-2025,14-Halasuru,0,0,0,0,0,0,23,190,283,347,416,420,459,401,348,401,358,420,408,425,318,221,114,9,5561
2246,28-09-2025,15-Trinity,0,0,0,0,0,0,20,72,108,132,132,180,211,286,320,268,314,345,317,346,216,277,164,22,3730
2247,28-09-2025,16-MG Road,0,0,0,0,0,0,24,98,109,144,249,376,452,607,920,1178,1478,1744,1978,2004,1865,1597,1251,262,16336
2248,28-09-2025,17-Cubbon Park,0,0,0,0,0,0,25,81,120,230,261,280,458,683,838,768,908,1270,1181,658,341,292,197,32,8623
2249,28-09-2025,18-Vidhana Soudha,0,0,0,0,0,0,0,50,73,175,164,199,298,425,543,385,509,623,866,430,196,158,69,10,5173
2250,28-09-2025,19-Sir.M. Visveshwaraya,0,0,0,0,0,0,24,64,64,95,134,153,163,233,290,312,352,351,420,350,181,120,63,6,3375
2251,28-09-2025,110-Kempegowda,0,0,0,0,0,0,667,2138,1794,1912,2534,2484,2352,2440,2444,2339,2614,2931,2770,2669,2185,1697,1214,235,37419
2252,28-09-2025,111-KSR Railway Station,0,0,0,0,0,0,97,551,684,545,702,520,571,564,607,540,662,1055,782,823,843,691,435,99,10771
2253,28-09-2025,112-Magadi Road,0,0,0,0,0,0,33,156,248,368,460,447,400,368,284,322,342,365,354,340,157,136,86,23,4889
2254,28-09-2025,113-Hosahalli,0,0,0,0,0,0,39,177,282,342,401,392,407,374,342,340,325,308,327,266,231,171,73,14,4811
2255,28-09-2025,114-Vijayanagar,0,0,0,0,0,1,40,220,329,421,582,590,592,586,476,488,510,529,503,442,377,261,173,18,7138
2256,28-09-2025,115-Attiguppe,0,0,0,0,0,0,38,134,230,264,317,417,348,335,319,328,388,341,387,273,233,201,95,14,4662
2257,28-09-2025,116-Deepanjali Nagar,0,0,0,0,0,0,56,103,155,191,214,252,257,215,177,182,182,236,245,199,163,174,91,10,3102
2258,28-09-2025,117-Mysuru Road,0,0,0,0,0,0,27,109,122,208,237,247,227,236,248,236,170,186,200,148,187,127,78,7,3000
2259,28-09-2025,118-Nayandahalli,0,0,0,0,0,0,12,51,77,64,85,98,131,110,109,114,152,164,253,136,109,110,75,11,1861
2260,28-09-2025,119-Rajarajeshwari Nagar,0,0,0,0,0,0,1,120,134,224,267,349,320,380,310,278,296,314,407,318,229,188,90,7,4232
2261,28-09-2025,120-Jnanabharathi,0,0,0,0,0,0,27,104,108,180,260,293,242,216,176,158,176,160,143,156,92,74,103,1,2669
2262,28-09-2025,121-Pattangere,0,0,0,0,0,0,16,89,106,189,197,226,262,214,200,204,253,189,185,169,131,91,51,3,2775
2263,28-09-2025,122-Kengeri Bus Terminal,0,0,0,0,0,0,50,209,263,359,517,542,467,467,385,433,454,543,486,388,360,244,177,24,6368
2264,28-09-2025,123-Kengeri,0,0,0,0,0,0,49,112,121,184,296,331,328,270,290,286,345,390,482,449,351,311,241,7,4843
2265,28-09-2025,124-Challaghatta,0,0,0,0,0,0,36,153,173,311,399,416,347,408,379,452,495,374,493,364,265,155,81,2,5303
2266,28-09-2025,125-Benniganahalli,1,0,0,0,0,0,207,708,897,1188,1656,1596,1557,1309,1117,1110,1242,1185,1258,1119,853,718,395,54,18170
2267,28-09-2025,126-Krishnarajapura,0,0,0,0,0,0,110,511,508,768,747,1031,1120,855,839,861,800,687,759,705,696,431,197,51,11676
2268,28-09-2025,127-Singayyanapalya,0,0,0,0,0,0,6,138,179,213,293,308,335,340,375,384,494,575,617,718,664,535,575,47,6796
2269,28-09-2025,128-Garudacharpalya,0,0,0,0,0,0,31,140,179,180,212,254,269,229,228,282,248,265,357,289,241,252,238,29,3923
2270,28-09-2025,129-Hoodi,0,0,0,0,0,0,26,149,155,229,336,358,456,364,321,422,401,416,431,393,329,224,106,8,5124
2271,28-09-2025,130-Seetharampalya,0,0,0,0,0,0,25,152,173,219,272,328,353,373,344,324,300,342,386,209,166,169,107,17,4259
2272,28-09-2025,131-Kundalahalli,2,0,0,0,0,0,19,94,135,163,185,264,282,219,269,277,272,300,286,197,173,116,115,4,3372
2273,28-09-2025,132-Nallur Halli,1,0,0,0,0,0,12,109,113,183,207,213,269,214,264,249,295,298,278,215,231,163,78,4,3396
2274,28-09-2025,133-Sri Sathya Sai Hospital,0,0,0,0,0,0,13,42,57,45,48,56,61,76,92,73,110,137,122,111,64,65,34,5,1211
2275,28-09-2025,134-Pattandur Agrahara,0,0,0,0,0,0,16,47,75,59,91,139,131,154,199,162,208,214,207,228,193,193,127,11,2454
2276,28-09-2025,135-Kadugodi Tree Park,1,0,0,0,0,0,65,252,305,462,560,575,631,617,588,590,554,531,547,482,317,248,126,3,7454
2277,28-09-2025,136-Hopefarm Channasandra,0,0,0,0,0,0,12,48,62,73,138,149,121,115,109,159,136,118,114,90,84,45,22,1,1596
2278,28-09-2025,137-Whitefield (Kadugodi),0,0,0,0,0,0,59,198,293,319,375,476,453,503,500,435,399,425,333,408,240,190,62,0,5668
2279,28-09-2025,21-Nagasandra,0,0,0,0,0,0,44,203,294,420,536,627,618,405,631,642,752,785,841,751,554,437,234,6,8780
2280,28-09-2025,22-Dasarahalli,0,0,0,0,0,0,66,388,493,613,871,944,859,658,641,643,596,597,614,532,365,357,152,6,9395
2281,28-09-2025,23-Jalahalli,0,0,0,0,0,0,0,283,268,476,553,689,603,647,452,461,473,495,464,411,303,229,124,9,6940
2282,28-09-2025,24-Peenya Industry,0,0,0,0,0,0,4,19,45,65,91,122,92,66,104,74,90,94,71,48,39,24,9,1,1058
2283,28-09-2025,25-Peenya,0,0,0,0,0,0,20,89,93,106,163,204,205,224,146,166,198,210,200,157,104,66,68,3,2422
2284,28-09-2025,26-Yeshwanthpur Industry,0,0,0,0,0,0,61,208,245,384,353,384,416,373,340,333,410,408,502,513,386,339,193,30,5878
2285,28-09-2025,27-Yeshwanthpur,0,0,0,0,0,0,320,1330,965,631,533,608,678,700,761,568,375,665,440,688,1503,343,171,73,11352
2286,28-09-2025,28-Sandal Soap Factory,0,0,0,0,0,0,40,247,214,303,303,451,683,653,903,923,1035,1093,1250,1300,1102,873,767,50,12190
2287,28-09-2025,29-Mahalakshmi,0,0,0,0,0,0,25,177,278,376,469,640,865,874,1005,925,829,587,748,683,526,341,88,15,9451
2288,28-09-2025,210-Rajajinagar,0,0,0,0,0,0,40,235,330,396,550,632,647,601,629,618,601,594,539,416,362,255,149,15,7609
2289,28-09-2025,211-Kuvempu Road,0,0,0,0,0,0,20,147,183,250,302,380,333,273,271,294,291,235,272,208,135,140,70,12,3816
2290,28-09-2025,212-Srirampura,0,0,0,0,0,0,27,201,188,294,319,315,371,284,367,287,363,291,292,250,237,136,80,12,4314
2291,28-09-2025,213-Mantri Square Sampige Road,0,0,0,0,0,0,58,238,361,411,462,628,721,866,1223,1334,1578,1667,1525,1462,1489,1121,647,94,15885
2292,28-09-2025,215-Chickpete,0,0,0,0,0,0,5,199,448,739,919,1149,2201,2436,2754,2985,2672,2791,2577,2082,1153,392,80,5,25587
2293,28-09-2025,216-KR Market,0,0,0,0,0,0,42,237,322,312,311,419,438,623,697,700,681,724,758,554,389,172,150,13,7542
2294,28-09-2025,217-National College,0,0,0,0,0,0,27,157,229,427,463,521,612,627,693,646,731,758,737,538,463,317,159,20,8125
2295,28-09-2025,218-Lalbagh,0,0,0,0,0,0,20,58,159,147,200,300,325,353,508,509,640,639,920,422,157,114,60,16,5547
2296,28-09-2025,219-South End Circle,0,0,0,0,0,0,27,104,143,190,227,276,371,437,474,377,346,439,374,275,238,162,94,8,4562
2297,28-09-2025,220-Jayanagar,0,0,0,0,0,0,20,143,187,282,383,479,650,982,899,981,1138,1215,1119,957,756,599,252,30,11072
2298,28-09-2025,221-RV Road,0,0,0,0,0,0,38,116,151,229,344,389,431,475,449,480,524,519,463,413,387,321,127,18,5874
2299,28-09-2025,222-Banashankarl,0,0,0,0,0,0,52,321,423,547,756,1023,1103,1025,789,780,623,765,898,791,521,323,157,17,10914
2300,28-09-2025,223-JP Nagar,0,0,0,0,0,0,41,238,330,357,553,614,568,495,467,530,606,563,554,435,323,292,152,22,7140
2301,28-09-2025,224-Puttenahalli,0,0,0,0,0,0,58,213,296,398,491,547,564,461,408,460,533,468,500,390,247,194,107,15,6350
2302,28-09-2025,225-Konanakunte Cross,3,0,0,0,0,0,45,311,343,447,628,832,758,708,776,804,929,1041,1080,1048,835,882,788,51,12309
2303,28-09-2025,226-Doddakallasandra,0,0,0,0,0,0,20,95,174,237,247,323,320,353,280,283,294,246,274,283,196,172,71,0,3868
2304,28-09-2025,227-Vajarahalli,0,0,0,0,0,0,37,144,191,249,328,395,347,339,311,322,331,288,305,248,192,168,87,11,4293
2305,28-09-2025,228-Thalghattapura,0,0,0,0,0,0,12,82,133,119,192,199,141,143,125,197,177,182,146,125,84,59,55,1,2172
2306,28-09-2025,229-Silk Institute,0,0,0,0,0,0,77,192,318,412,676,627,505,440,491,508,469,532,478,432,319,239,130,0,6845
2307,28-09-2025,230-Manjunatha Nagar,0,0,0,0,0,0,5,35,51,58,106,79,60,65,64,38,49,64,48,77,69,50,32,2,952
2308,28-09-2025,231-Chikkabidarakallu,0,0,0,0,0,0,19,107,164,246,246,266,239,173,205,211,208,236,209,182,162,87,61,0,3021
2309,28-09-2025,232-Madavara,0,0,0,0,0,0,46,155,278,421,500,607,488,463,443,465,901,2814,928,457,361,321,158,0,9806
2310,28-09-2025,31-Ragigudda,0,0,0,0,0,0,5,45,43,58,68,111,99,107,142,124,134,157,167,160,121,92,67,10,1710
2311,28-09-2025,32-Jayadeva Hospital,0,0,0,0,0,0,5,63,99,125,178,226,213,217,234,312,281,311,302,247,204,108,84,9,3218
2312,28-09-2025,33-BTM Layout,0,0,0,0,0,0,8,110,127,190,234,277,282,262,271,279,263,284,277,197,137,165,102,11,3476
2313,28-09-2025,34-Central Silk Board,0,0,0,0,0,0,26,108,149,180,243,291,280,265,271,310,272,299,305,262,208,165,111,24,3769
2314,28-09-2025,35-Bommanahalli,0,0,0,0,0,0,17,115,141,187,264,309,322,225,257,251,281,305,280,288,163,144,67,7,3623
2315,28-09-2025,36-Hongasandra,0,0,0,0,0,0,6,38,84,132,162,160,177,181,298,149,203,145,216,163,90,60,35,2,2301
2316,28-09-2025,37-Kudlu Gate,0,0,0,0,0,0,3,65,116,165,208,286,220,169,159,207,235,204,275,242,91,54,42,0,2741
2317,28-09-2025,38-Singasandra,0,0,0,0,0,0,0,38,42,61,86,84,129,103,81,81,139,125,75,82,90,54,25,0,1295
2318,28-09-2025,39-Hosa Road,0,0,0,0,0,0,17,143,141,227,278,352,374,250,258,249,255,245,241,197,111,63,33,0,3434
2319,28-09-2025,310-Beratena Agrahara,0,0,0,0,0,0,4,14,15,28,60,47,41,21,32,68,30,69,70,72,44,49,17,0,681
2320,28-09-2025,311-Electronic City,0,0,0,0,0,0,25,91,115,226,264,323,335,209,222,223,225,267,230,200,139,80,46,2,3222
2321,28-09-2025,312-Infosys Foundation Konappana Agrahara,1,0,0,0,0,0,48,148,192,244,430,449,433,332,374,348,339,382,352,261,206,129,50,0,4718
2322,28-09-2025,313-Huskur Road,0,0,0,0,0,0,15,37,61,109,176,209,142,201,145,161,233,225,221,212,140,107,65,0,2459
2323,28-09-2025,314-Biocon Hebbagodi,0,0,0,0,0,0,21,39,66,91,106,133,130,89,119,117,142,114,98,81,26,38,12,0,1422
2324,28-09-2025,315-Delta Electronics Bommasandra,0,0,0,0,0,0,69,207,229,395,675,735,723,468,462,415,501,459,385,316,216,105,39,0,6399
2325,29-09-2025,11-Baiyappanahalli,0,0,0,0,17,152,317,835,2050,2708,1366,708,543,520,445,510,536,849,981,802,411,498,124,10,14382
2326,29-09-2025,12-SV Road,0,0,0,0,11,51,135,344,630,815,579,367,350,320,294,582,906,1037,1101,894,471,230,117,10,9244
2327,29-09-2025,13-Indiranagar,0,0,0,0,7,41,212,638,1280,1791,1327,801,723,803,848,1003,1434,2191,3365,2724,1500,811,460,69,22028
2328,29-09-2025,14-Halasuru,0,0,0,0,4,41,165,468,958,1462,953,514,371,361,433,279,417,574,758,645,456,234,115,10,9218
2329,29-09-2025,15-Trinity,0,0,0,0,0,7,60,175,341,340,312,286,332,374,432,565,794,1886,3508,2505,1253,546,245,37,13998
2330,29-09-2025,16-MG Road,0,0,0,0,5,20,69,162,328,381,367,496,675,779,805,1057,1539,2319,3562,2864,1786,923,644,166,18947
2331,29-09-2025,17-Cubbon Park,0,0,0,0,17,15,83,245,440,502,441,315,604,632,624,777,1268,2066,3018,2002,827,428,213,44,14561
2332,29-09-2025,18-Vidhana Soudha,0,0,0,0,4,7,46,124,255,283,301,349,650,1172,1036,772,978,1942,2071,1101,522,258,76,12,11959
2333,29-09-2025,19-Sir.M. Visveshwaraya,0,0,0,0,1,6,27,130,237,283,303,528,863,1004,883,876,1213,1865,2011,1151,734,408,150,13,12686
2334,29-09-2025,110-Kempegowda,0,0,0,27,553,994,1750,2106,2256,2555,2023,1675,1663,1658,1666,1659,1863,2042,2520,2581,2098,1575,871,184,34319
2335,29-09-2025,111-KSR Railway Station,0,0,0,1,196,409,884,1277,1382,2243,1171,886,495,550,516,337,467,659,708,548,473,432,243,93,13970
2336,29-09-2025,112-Magadi Road,0,0,0,0,6,74,180,507,940,1390,1138,492,362,408,236,232,323,266,366,345,244,121,67,12,7709
2337,29-09-2025,113-Hosahalli,0,0,0,0,9,80,188,743,1677,2084,1423,648,539,513,362,327,380,438,506,385,279,181,100,17,10879
2338,29-09-2025,114-Vijayanagar,0,0,0,0,7,120,276,830,1834,2401,1497,822,619,592,448,431,472,549,602,537,407,260,165,19,12888
2339,29-09-2025,115-Attiguppe,0,0,0,0,7,93,265,596,1348,1817,1050,616,524,368,310,254,291,343,313,339,267,182,118,11,9112
2340,29-09-2025,116-Deepanjali Nagar,0,0,0,0,41,131,160,330,635,742,484,268,261,250,177,137,176,194,259,220,155,128,78,8,4834
2341,29-09-2025,117-Mysuru Road,0,0,0,0,8,39,146,468,1110,1417,781,400,274,395,295,350,394,374,347,278,143,129,70,1,7419
2342,29-09-2025,118-Nayandahalli,0,0,0,0,2,23,55,130,249,272,172,144,125,110,102,113,134,128,165,140,100,88,51,10,2313
2343,29-09-2025,119-Rajarajeshwari Nagar,0,0,0,0,9,25,139,354,795,930,503,389,327,346,267,265,341,389,313,282,216,162,90,24,6166
2344,29-09-2025,120-Jnanabharathi,0,0,0,0,6,35,125,348,795,800,535,318,352,298,193,191,243,247,146,129,102,61,44,6,4974
2345,29-09-2025,121-Pattangere,0,0,0,0,16,15,110,263,545,674,319,288,320,669,552,696,1165,735,578,312,179,97,62,2,7597
2346,29-09-2025,122-Kengeri Bus Terminal,0,0,0,0,21,80,277,653,938,985,717,510,538,502,306,330,467,468,461,393,253,192,115,11,8217
2347,29-09-2025,123-Kengeri,0,0,0,0,3,56,276,670,1097,1183,590,441,360,284,201,250,249,283,355,321,203,117,80,5,7024
2348,29-09-2025,124-Challaghatta,0,0,0,0,11,35,134,288,683,685,518,349,357,461,301,344,486,370,447,487,242,115,53,0,6366
2349,29-09-2025,125-Benniganahalli,0,0,0,0,77,296,576,1672,3380,3834,2829,1763,1342,1276,1122,1015,1364,2644,2444,1807,1092,654,337,43,29567
2350,29-09-2025,126-Krishnarajapura,1,0,0,5,83,239,411,1132,2075,2506,1695,1445,1157,947,646,715,1287,1535,1343,1245,702,589,251,21,20030
2351,29-09-2025,127-Singayyanapalya,0,0,0,0,11,45,104,232,551,850,476,353,303,232,258,390,515,716,783,635,477,343,205,17,7496
2352,29-09-2025,128-Garudacharpalya,0,0,0,0,4,40,101,248,440,428,367,265,251,234,245,371,553,1095,1408,952,475,235,157,17,7886
2353,29-09-2025,129-Hoodi,0,0,0,0,6,43,119,291,634,728,573,310,250,249,209,263,390,536,714,590,388,212,125,7,6637
2354,29-09-2025,130-Seetharampalya,0,0,0,0,3,27,102,222,426,510,366,246,230,280,314,498,1020,1244,1304,915,534,356,200,5,8802
2355,29-09-2025,131-Kundalahalli,0,0,0,0,1,9,57,143,241,274,238,171,183,236,375,632,1077,1211,1214,885,455,320,157,9,7888
2356,29-09-2025,132-Nallur Halli,0,0,0,0,1,15,69,193,271,322,303,191,325,327,314,499,948,1225,1330,983,580,392,154,8,8450
2357,29-09-2025,133-Sri Sathya Sai Hospital,4,0,0,0,1,8,26,59,98,116,217,363,376,416,438,571,1013,1403,1689,1314,728,297,146,24,9307
2358,29-09-2025,134-Pattandur Agrahara,3,0,0,0,3,9,26,79,156,202,236,211,337,387,503,851,1499,1845,2039,1471,950,562,304,28,11701
2359,29-09-2025,135-Kadugodi Tree Park,6,0,0,0,7,63,173,512,1349,1897,1722,990,628,605,404,403,423,577,614,611,464,359,165,5,11977
2360,29-09-2025,136-Hopefarm Channasandra,0,0,0,0,0,12,51,130,407,495,249,131,124,96,77,64,110,147,207,133,83,56,25,0,2597
2361,29-09-2025,137-Whitefield (Kadugodi),0,0,0,0,11,88,277,794,1348,1551,897,609,412,334,325,240,267,301,383,403,202,175,53,0,8670
2362,29-09-2025,21-Nagasandra,0,0,0,0,9,64,281,785,1580,1732,1149,667,423,472,409,433,526,591,686,516,321,231,133,3,11011
2363,29-09-2025,22-Dasarahalli,0,0,0,0,14,127,352,936,1798,1843,1167,769,712,597,528,424,644,599,616,478,372,231,120,4,12331
2364,29-09-2025,23-Jalahalli,0,0,0,0,21,87,300,501,929,955,649,532,476,439,382,333,380,573,755,539,341,237,105,5,8539
2365,29-09-2025,24-Peenya Industry,0,0,0,0,1,11,57,167,289,340,203,103,125,113,83,84,92,238,334,176,68,54,35,0,2573
2366,29-09-2025,25-Peenya,0,0,0,0,1,20,150,321,607,607,434,238,198,160,146,153,156,310,515,302,159,78,38,3,4596
2367,29-09-2025,26-Yeshwanthpur Industry,0,0,0,0,16,112,281,494,815,785,649,484,390,374,338,315,406,552,983,779,458,284,123,28,8666
2368,29-09-2025,27-Yeshwanthpur,0,0,0,61,493,1054,964,1320,1552,1410,1180,691,684,434,621,366,327,704,950,836,1175,242,166,76,15306
2369,29-09-2025,28-Sandal Soap Factory,0,0,0,0,5,41,134,357,650,575,468,365,476,567,553,598,774,1088,1592,1414,848,570,427,58,11560
2370,29-09-2025,29-Mahalakshmi,0,0,0,0,11,48,161,549,1063,1252,867,523,511,573,560,394,344,597,820,556,348,264,115,7,9563
2371,29-09-2025,210-Rajajinagar,0,0,0,0,9,69,222,677,1359,1517,1002,657,573,583,500,570,555,678,905,739,560,292,183,33,11683
2372,29-09-2025,211-Kuvempu Road,0,0,0,0,5,34,123,412,770,1033,615,343,336,264,242,210,262,296,298,309,194,115,66,4,5931
2373,29-09-2025,212-Srirampura,0,0,0,0,1,34,114,415,758,995,677,355,294,273,258,246,231,364,411,388,250,142,70,11,6287
2374,29-09-2025,213-Mantri Square Sampige Road,0,0,0,0,4,45,150,473,885,1144,840,575,698,857,907,885,1172,1484,1895,1647,1112,784,375,48,15980
2375,29-09-2025,215-Chickpete,0,0,0,0,1,20,73,168,268,336,339,360,614,943,1388,1431,1700,1724,1839,1650,1590,867,199,28,15538
2376,29-09-2025,216-KR Market,0,0,0,0,6,91,172,277,495,509,456,436,714,834,805,860,1326,1125,1142,1190,809,441,144,29,11861
2377,29-09-2025,217-National College,0,0,0,0,1,17,103,371,820,986,876,663,815,1150,1058,1166,1429,1316,1223,1057,740,354,216,28,14389
2378,29-09-2025,218-Lalbagh,0,0,0,0,3,24,51,145,303,312,232,261,338,365,354,399,586,750,1140,811,399,175,82,18,6748
2379,29-09-2025,219-South End Circle,0,0,0,0,4,30,71,214,366,375,347,307,374,569,491,721,702,824,1323,1105,700,277,162,21,8983
2380,29-09-2025,220-Jayanagar,0,0,0,0,2,31,119,303,626,763,585,511,544,757,752,795,1184,1301,1648,1322,974,591,252,15,13075
2381,29-09-2025,221-RV Road,0,0,0,0,4,31,102,347,665,683,507,359,359,409,372,362,495,680,1048,884,497,304,140,16,8264
2382,29-09-2025,222-Banashankarl,0,0,0,0,11,61,161,483,1050,1173,826,714,735,783,662,624,768,1095,1226,1069,717,430,207,37,12832
2383,29-09-2025,223-JP Nagar,0,0,0,0,6,85,170,529,1189,1366,872,542,486,408,412,431,547,623,923,718,425,318,158,15,10223
2384,29-09-2025,224-Puttenahalli,0,0,0,0,6,59,188,642,1390,1759,1052,537,441,434,317,371,416,422,804,676,295,247,121,14,10191
2385,29-09-2025,225-Konanakunte Cross,0,0,0,0,6,85,220,773,1330,1450,936,751,575,539,559,565,650,748,728,785,558,357,298,24,11937
2386,29-09-2025,226-Doddakallasandra,0,0,0,0,8,26,96,370,728,875,465,333,262,272,234,201,251,247,357,316,227,154,63,4,5489
2387,29-09-2025,227-Vajarahalli,0,0,0,0,2,38,98,416,628,767,465,386,355,293,277,417,460,312,388,303,198,155,58,3,6019
2388,29-09-2025,228-Thalghattapura,0,0,0,0,6,26,57,202,434,457,296,200,131,147,114,109,153,154,152,159,81,61,33,0,2972
2389,29-09-2025,229-Silk Institute,0,0,0,0,9,51,149,512,818,930,636,410,400,509,577,534,708,754,515,441,305,206,92,3,8559
2390,29-09-2025,230-Manjunatha Nagar,0,0,0,0,3,23,53,117,217,175,120,99,43,52,43,27,45,41,54,58,34,40,17,2,1263
2391,29-09-2025,231-Chikkabidarakallu,0,0,0,0,8,44,127,407,681,739,478,254,225,147,128,144,151,157,210,129,80,77,36,1,4223
2392,29-09-2025,232-Madavara,0,0,0,0,15,64,197,668,1095,1079,753,494,406,352,257,270,350,390,464,361,247,122,70,0,7654
2393,29-09-2025,31-Ragigudda,0,0,0,0,0,0,9,79,130,133,113,120,113,115,98,127,205,172,259,191,160,98,48,3,2173
2394,29-09-2025,32-Jayadeva Hospital,0,0,0,0,0,3,56,138,258,290,202,198,224,293,240,244,491,502,777,607,267,144,74,14,5022
2395,29-09-2025,33-BTM Layout,0,0,0,0,0,6,43,199,471,464,309,221,150,202,156,152,183,223,288,253,211,139,72,21,3763
2396,29-09-2025,34-Central Silk Board,2,0,0,0,0,21,82,197,358,357,262,161,186,255,197,236,359,576,628,645,428,206,98,22,5276
2397,29-09-2025,35-Bommanahalli,0,0,0,0,0,32,76,250,427,407,266,198,187,187,137,184,267,427,495,466,289,143,60,12,4510
2398,29-09-2025,36-Hongasandra,0,0,0,0,0,5,23,92,261,255,163,165,159,131,129,194,266,289,405,340,192,123,64,5,3261
2399,29-09-2025,37-Kudlu Gate,0,0,0,0,0,5,62,169,364,313,236,175,176,149,152,158,172,270,537,560,236,120,37,0,3891
2400,29-09-2025,38-Singasandra,0,0,0,0,0,0,21,76,167,173,137,110,80,98,70,78,67,128,159,124,59,30,17,0,1594
2401,29-09-2025,39-Hosa Road,0,0,0,0,0,6,76,224,446,408,279,184,199,160,143,148,182,200,239,208,166,95,57,3,3423
2402,29-09-2025,310-Beratena Agrahara,0,0,0,0,0,0,8,23,53,50,41,38,29,48,21,25,65,74,103,92,43,46,31,0,790
2403,29-09-2025,311-Electronic City,0,0,0,0,0,6,41,141,276,278,158,151,204,188,171,320,422,315,337,279,154,125,58,0,3624
2404,29-09-2025,312-Infosys Foundation Konappana Agrahara,0,0,0,0,0,18,124,258,425,355,243,221,262,289,279,344,530,703,726,509,330,185,65,1,5867
2405,29-09-2025,313-Huskur Road,0,0,0,0,0,4,37,120,213,190,136,117,119,70,83,104,118,208,270,182,126,71,23,4,2195
2406,29-09-2025,314-Biocon Hebbagodi,0,0,0,0,0,3,32,70,168,107,94,102,90,76,64,90,98,147,185,165,66,59,17,0,1633
2407,29-09-2025,315-Delta Electronics Bommasandra,0,0,0,0,0,18,133,351,579,485,398,440,390,294,370,326,409,597,677,574,290,143,50,1,6525
2408,30-09-2025,11-Baiyappanahalli,0,0,0,0,32,124,272,910,1584,2463,1268,712,545,500,485,455,629,856,945,772,794,407,197,11,13961
2409,30-09-2025,12-SV Road,0,0,0,0,7,64,224,475,661,699,572,447,380,417,355,462,1066,1029,1035,818,545,311,178,14,9759
2410,30-09-2025,13-Indiranagar,0,0,0,0,6,52,200,576,1233,1656,1189,847,743,872,911,1003,1490,2265,3253,2736,1663,1087,687,94,22563
2411,30-09-2025,14-Halasuru,0,0,0,0,1,52,196,464,908,1450,862,556,421,427,431,312,415,559,828,644,656,444,218,24,9868
2412,30-09-2025,15-Trinity,0,0,0,0,0,13,51,172,265,317,299,271,359,489,493,638,933,1836,3235,2212,1096,581,317,69,13646
2413,30-09-2025,16-MG Road,0,0,0,0,1,14,70,160,282,377,370,496,609,768,883,1146,1465,2252,3408,2876,1675,1088,857,133,18930
2414,30-09-2025,17-Cubbon Park,0,0,0,0,0,20,73,232,442,451,351,310,610,541,713,904,1333,2343,2988,1847,823,479,250,30,14740
2415,30-09-2025,18-Vidhana Soudha,0,0,0,0,0,9,41,132,237,259,291,299,482,684,875,1054,1339,2081,1775,806,376,230,98,18,11086
2416,30-09-2025,19-Sir.M. Visveshwaraya,0,0,0,0,0,7,34,94,221,268,302,515,752,766,849,936,1145,1501,1647,917,677,407,215,41,11294
2417,30-09-2025,110-Kempegowda,0,0,0,0,166,623,1020,1328,1908,1872,1628,1585,1500,1605,1897,1678,2054,2414,2675,2865,2555,2170,1385,499,33427
2418,30-09-2025,111-KSR Railway Station,0,0,0,0,69,338,484,832,1059,1478,752,479,385,522,504,352,479,804,627,494,421,699,191,50,11019
2419,30-09-2025,112-Magadi Road,0,0,0,0,9,74,157,453,974,1312,1168,513,421,353,290,285,273,301,359,356,218,188,114,20,7838
2420,30-09-2025,113-Hosahalli,0,0,0,0,7,74,167,673,1588,1976,1355,659,477,455,412,397,403,522,561,447,328,208,136,27,10872
2421,30-09-2025,114-Vijayanagar,0,0,0,0,8,85,268,810,1778,2296,1393,740,572,564,513,430,502,507,561,578,553,436,268,34,12896
2422,30-09-2025,115-Attiguppe,0,0,0,0,10,79,206,545,1250,1700,1080,565,398,351,342,287,281,409,392,431,348,243,187,15,9119
2423,30-09-2025,116-Deepanjali Nagar,0,0,0,0,20,74,130,298,586,678,467,245,212,210,234,165,204,231,232,271,236,176,114,23,4806
2424,30-09-2025,117-Mysuru Road,0,0,0,0,5,22,125,423,1005,1332,723,376,288,498,457,357,375,325,420,315,278,161,95,8,7588
2425,30-09-2025,118-Nayandahalli,0,0,0,0,0,19,34,86,209,227,185,127,124,112,105,99,144,165,165,140,119,100,47,21,2228
2426,30-09-2025,119-Rajarajeshwari Nagar,0,0,0,0,0,40,124,335,750,869,521,334,335,363,312,273,363,391,438,352,292,188,110,23,6413
2427,30-09-2025,120-Jnanabharathi,0,0,0,0,2,36,99,305,711,757,423,289,261,242,169,183,216,237,206,193,116,91,86,2,4624
2428,30-09-2025,121-Pattangere,0,0,0,0,5,25,121,239,572,693,390,319,346,711,694,872,1133,903,641,432,308,200,88,7,8699
2429,30-09-2025,122-Kengeri Bus Terminal,1,0,0,0,5,67,161,484,720,830,538,468,435,565,530,460,484,586,590,553,478,357,160,32,8504
2430,30-09-2025,123-Kengeri,0,0,0,0,2,33,105,333,660,713,425,292,218,192,180,241,257,275,426,333,291,194,95,5,5270
2431,30-09-2025,124-Challaghatta,0,0,0,0,12,43,109,254,568,577,450,343,322,526,425,413,636,704,704,851,379,178,97,1,7592
2432,30-09-2025,125-Benniganahalli,0,0,0,0,40,166,407,1361,2979,3664,2709,1521,1350,1332,1118,1337,1714,2180,2384,2568,2177,1334,580,88,31009
2433,30-09-2025,126-Krishnarajapura,2,0,0,0,43,166,333,872,1741,2510,1400,868,1175,999,948,1034,1316,1611,1588,1571,1099,922,320,43,20561
2434,30-09-2025,127-Singayyanapalya,2,0,0,0,1,34,84,206,560,841,489,291,279,237,282,423,452,661,953,766,610,447,388,39,8045
2435,30-09-2025,128-Garudacharpalya,3,0,0,0,7,42,116,237,442,426,293,231,241,290,273,404,684,1072,1459,1017,534,320,183,12,8286
2436,30-09-2025,129-Hoodi,0,0,0,0,0,50,114,307,587,637,502,308,316,327,430,559,522,564,833,800,554,382,209,2,8003
2437,30-09-2025,130-Seetharampalya,0,0,0,0,0,42,108,187,408,461,381,231,251,321,443,615,1114,1357,1421,950,697,478,227,9,9701
2438,30-09-2025,131-Kundalahalli,2,0,0,0,0,19,69,155,247,261,230,151,256,348,463,764,1164,1320,1297,866,625,474,173,4,8888
2439,30-09-2025,132-Nallur Halli,0,0,0,0,0,21,60,144,259,303,254,253,296,432,371,620,1115,1174,1308,957,584,438,215,14,8818
2440,30-09-2025,133-Sri Sathya Sai Hospital,3,0,0,0,0,10,58,77,106,116,247,338,398,454,477,646,1126,1435,1630,1090,647,327,128,18,9331
2441,30-09-2025,134-Pattandur Agrahara,8,0,0,0,0,23,66,101,174,207,232,236,309,502,597,892,1569,1964,1944,1427,924,619,362,20,12176
2442,30-09-2025,135-Kadugodi Tree Park,0,0,0,0,8,66,215,484,1318,1804,1613,983,633,637,528,454,735,737,833,893,736,610,298,13,13598
2443,30-09-2025,136-Hopefarm Channasandra,0,0,0,0,0,9,31,103,344,450,272,128,109,85,88,98,146,193,241,196,162,107,66,2,2830
2444,30-09-2025,137-Whitefield (Kadugodi),0,0,0,0,9,76,275,675,1263,1325,768,597,448,365,301,259,250,372,411,485,318,208,84,0,8489
2445,30-09-2025,21-Nagasandra,0,0,0,0,7,70,199,660,1397,1448,815,508,368,439,405,479,650,858,740,682,460,320,169,5,10679
2446,30-09-2025,22-Dasarahalli,0,0,0,0,0,125,269,856,1640,1723,1062,760,679,587,544,500,685,753,911,818,608,363,209,14,13106
2447,30-09-2025,23-Jalahalli,0,0,0,0,2,77,166,421,805,830,579,498,491,438,483,522,513,686,935,795,648,387,232,16,9524
2448,30-09-2025,24-Peenya Industry,0,0,0,0,0,9,41,152,269,300,188,108,80,108,117,102,148,228,319,168,98,47,17,6,2505
2449,30-09-2025,25-Peenya,0,0,0,0,0,13,73,242,522,586,409,226,252,172,190,170,221,293,490,349,187,112,59,5,4571
2450,30-09-2025,26-Yeshwanthpur Industry,0,0,0,0,6,78,113,311,626,580,456,267,284,343,363,416,429,592,1048,847,531,337,194,35,7856
2451,30-09-2025,27-Yeshwanthpur,0,0,0,0,136,326,560,931,1011,922,800,394,605,478,534,482,479,813,816,1056,1239,667,325,113,12687
2452,30-09-2025,28-Sandal Soap Factory,0,0,0,0,2,27,102,319,574,581,439,335,464,525,663,689,830,1160,1541,1362,967,692,546,87,11905
2453,30-09-2025,29-Mahalakshmi,0,0,0,0,3,48,161,478,1031,1169,782,444,489,712,560,382,425,625,769,604,475,310,139,26,9632
2454,30-09-2025,210-Rajajinagar,0,0,0,0,9,59,179,606,1320,1470,942,655,610,490,598,521,551,749,972,818,643,379,276,40,11887
2455,30-09-2025,211-Kuvempu Road,0,0,0,0,1,47,98,417,762,957,600,302,268,246,242,244,255,293,356,308,253,153,89,22,5913
2456,30-09-2025,212-Srirampura,0,0,0,0,1,44,89,393,755,922,577,378,306,232,281,230,311,340,485,392,291,191,104,13,6335
2457,30-09-2025,213-Mantri Square Sampige Road,0,0,0,0,3,46,121,414,842,1111,759,652,747,854,953,1032,1111,1361,1713,1605,1152,873,530,74,15953
2458,30-09-2025,215-Chickpete,0,0,0,0,0,28,95,227,306,344,327,406,611,934,1245,1277,1290,1440,1585,1508,1505,823,218,33,14202
2459,30-09-2025,216-KR Market,0,0,0,0,0,64,197,391,551,546,495,520,604,787,760,792,1262,1103,1185,999,799,431,224,33,11743
2460,30-09-2025,217-National College,0,0,0,0,3,24,95,365,806,1015,901,973,964,1086,984,974,1258,1208,1227,1023,791,511,240,29,14477
2461,30-09-2025,218-Lalbagh,0,0,0,0,1,28,49,143,282,278,238,278,313,410,378,563,710,827,1116,786,378,231,106,15,7130
2462,30-09-2025,219-South End Circle,0,0,0,1,2,18,54,200,328,347,392,302,373,645,518,729,664,850,1320,1150,624,291,150,19,8977
2463,30-09-2025,220-Jayanagar,0,0,0,0,4,35,85,292,571,688,579,566,586,737,750,902,1318,1430,1616,1394,1092,679,311,27,13662
2464,30-09-2025,221-RV Road,0,0,0,0,5,22,82,273,602,676,444,400,416,512,497,437,627,753,1068,949,587,400,227,24,9001
2465,30-09-2025,222-Banashankarl,0,0,0,0,0,74,190,483,995,1041,874,864,800,934,865,743,863,1030,1312,1382,976,604,301,35,14366
2466,30-09-2025,223-JP Nagar,0,0,0,0,0,55,147,504,1132,1284,868,575,447,485,486,473,553,837,1008,937,685,472,309,21,11278
2467,30-09-2025,224-Puttenahalli,0,0,0,0,4,61,184,621,1307,1657,928,539,445,517,384,390,494,539,856,771,439,381,164,15,10696
2468,30-09-2025,225-Konanakunte Cross,0,0,0,0,4,62,210,659,1244,1295,926,648,639,754,657,792,948,922,958,967,808,613,435,31,13572
2469,30-09-2025,226-Doddakallasandra,0,0,0,0,5,37,70,404,667,795,476,325,280,266,197,237,257,326,359,402,199,157,79,2,5540
2470,30-09-2025,227-Vajarahalli,0,0,0,0,8,25,81,445,639,734,469,348,336,283,292,358,302,371,436,406,267,161,98,5,6064
2471,30-09-2025,228-Thalghattapura,0,0,0,0,5,14,57,178,406,406,232,201,213,251,192,158,177,220,196,177,145,101,54,1,3384
2472,30-09-2025,229-Silk Institute,0,0,0,0,4,59,137,384,720,868,634,657,763,683,827,890,1070,954,947,725,488,324,176,0,11310
2473,30-09-2025,230-Manjunatha Nagar,0,0,0,0,0,12,37,92,146,169,90,69,46,40,50,39,37,67,79,95,65,47,24,5,1209
2474,30-09-2025,231-Chikkabidarakallu,0,0,0,0,8,45,110,336,632,680,452,243,215,159,162,127,190,175,262,203,127,85,77,0,4288
2475,30-09-2025,232-Madavara,0,0,0,0,7,45,177,452,912,901,553,387,324,309,333,405,455,543,629,599,326,224,122,0,7703
2476,30-09-2025,31-Ragigudda,0,0,0,0,0,2,15,78,139,130,129,117,125,144,128,144,164,205,232,236,177,108,68,13,2354
2477,30-09-2025,32-Jayadeva Hospital,0,0,0,0,0,9,41,135,287,278,207,200,229,303,250,279,394,571,711,610,388,210,139,27,5268
2478,30-09-2025,33-BTM Layout,0,0,0,0,0,4,51,208,434,484,275,198,213,183,152,171,204,273,401,382,295,257,136,9,4330
2479,30-09-2025,34-Central Silk Board,0,0,0,0,0,8,56,143,390,324,256,210,203,198,226,325,397,555,731,648,443,325,161,45,5644
2480,30-09-2025,35-Bommanahalli,0,0,0,0,0,13,62,213,453,380,271,235,151,204,201,186,203,380,512,538,425,290,136,18,4871
2481,30-09-2025,36-Hongasandra,0,0,0,0,0,7,26,115,239,232,171,154,140,189,170,282,251,325,454,420,274,176,84,7,3716
2482,30-09-2025,37-Kudlu Gate,0,0,0,0,0,5,47,172,291,284,170,166,136,169,131,145,238,271,624,647,379,241,89,3,4208
2483,30-09-2025,38-Singasandra,0,0,0,0,0,0,23,64,158,154,94,85,93,71,83,67,96,106,206,137,98,56,28,7,1626
2484,30-09-2025,39-Hosa Road,0,0,0,0,0,7,72,236,414,375,314,238,219,237,181,208,262,260,384,352,275,198,62,6,4300
2485,30-09-2025,310-Beratena Agrahara,2,0,0,0,0,2,6,11,52,60,44,47,35,47,47,50,64,88,120,97,70,74,49,3,968
2486,30-09-2025,311-Electronic City,1,0,0,0,0,15,43,108,234,263,124,199,222,334,445,388,356,399,461,364,293,290,142,22,4703
2487,30-09-2025,312-Infosys Foundation Konappana Agrahara,0,0,0,0,0,9,89,200,356,310,241,247,285,328,368,533,668,905,1006,754,578,400,136,2,7415
2488,30-09-2025,313-Huskur Road,2,0,0,0,0,8,25,96,222,187,139,145,101,116,88,155,219,195,296,201,173,98,49,1,2516
2489,30-09-2025,314-Biocon Hebbagodi,0,0,0,0,0,1,42,99,135,85,103,103,116,136,200,240,260,298,410,284,237,143,47,0,2939
2490,30-09-2025,315-Delta Electronics Bommasandra,0,0,0,0,0,14,117,314,431,434,423,443,471,495,628,726,829,1031,1295,1223,914,372,87,0,10247
